Integral_Type,Value
mp_integral,-9.437099999991704
ipr_integral,2.4933508870482473
mbs_integral,7.017868370933527
