Integral_Type,Value
mp_integral,-9.44279999999168
ipr_integral,1.8266246126144492
mbs_integral,4.4774073294987256
