Integral_Type,Value
mp_integral,-9.78569999999108
ipr_integral,1.3684858805698894
mbs_integral,3.185967442153051
