Integral_Type,Value
mp_integral,-4.868750000000079
ipr_integral,0.8005636323401017
mbs_integral,1.107870376817215
