Integral_Type,Value
mp_integral,-27.311250000003756
ipr_integral,6.939947803917417
mbs_integral,25.573138874196086
