Integral_Type,Value
mp_integral,-0.11312500000000011
ipr_integral,0.011574086505583047
mbs_integral,0.010581459014434148
