Integral_Type,Value
mp_integral,-9.652500000000153
ipr_integral,2.1757671771606084
mbs_integral,3.424505436670199
