Integral_Type,Value
mp_integral,-17.678749999999184
ipr_integral,4.611818574838442
mbs_integral,12.658040366642505
