Integral_Type,Value
mp_integral,-15.096874999999145
ipr_integral,3.82994615637101
mbs_integral,9.410230584627486
