Integral_Type,Value
mp_integral,-23.975000000002076
ipr_integral,6.159988402020062
mbs_integral,20.625007604920416
