Integral_Type,Value
mp_integral,-13.172299999984125
ipr_integral,3.0706319205285753
mbs_integral,9.61987951388348
