Integral_Type,Value
mp_integral,-0.004575000000000001
ipr_integral,0.0013974610842738548
mbs_integral,8.308300040468268e-5
