Integral_Type,Value
mp_integral,-8.28792499999472
ipr_integral,1.6680984036655415
mbs_integral,2.861819404652756
