Integral_Type,Value
mp_integral,-0.003925000000000003
ipr_integral,0.0013478310874425442
mbs_integral,7.0681158012141775e-6
