Integral_Type,Value
mp_integral,-0.048425000000000044
ipr_integral,0.01102431319828404
mbs_integral,0.0023469978396736106
