Integral_Type,Value
mp_integral,-0.3240249999999832
ipr_integral,0.07349889231782664
mbs_integral,0.02011046907965447
