Integral_Type,Value
mp_integral,-18.249999999999705
ipr_integral,5.612451943820549
mbs_integral,18.333469275739624
