Integral_Type,Value
mp_integral,-17.49999999999932
ipr_integral,5.51761160669243
mbs_integral,19.364204158794625
