Integral_Type,Value
mp_integral,-16.249999999998682
ipr_integral,4.679568849772197
mbs_integral,19.668913802606685
