Integral_Type,Value
mp_integral,-15.249999999999236
ipr_integral,4.268742913648882
mbs_integral,19.2974503336364
