Integral_Type,Value
mp_integral,-19.25000000000022
ipr_integral,3.2684436755243
mbs_integral,7.788332804759107
