Integral_Type,Value
mp_integral,-16.749999999998938
ipr_integral,5.055184431300553
mbs_integral,19.754281143587434
