Integral_Type,Value
mp_integral,-0.1338999999999998
ipr_integral,0.017669302654166826
mbs_integral,0.015808286590320516
