Integral_Type,Value
mp_integral,-11.177374999988396
ipr_integral,2.902878605379099
mbs_integral,8.129698440456323
