Integral_Type,Value
mp_integral,-7.536249999995749
ipr_integral,1.7430062825433636
mbs_integral,3.05268546492115
