Integral_Type,Value
mp_integral,-43.089999999996685
ipr_integral,10.00600959539097
mbs_integral,66.58019422470204
