Integral_Type,Value
mp_integral,-33.961250000004654
ipr_integral,8.034256628053258
mbs_integral,40.808527417483035
