Integral_Type,Value
mp_integral,-37.315000000001795
ipr_integral,8.742289906516888
mbs_integral,48.83745755710645
