Integral_Type,Value
mp_integral,-45.133749999994905
ipr_integral,10.520133593203502
mbs_integral,75.80025645664925
