Integral_Type,Value
mp_integral,-30.537500000005426
ipr_integral,7.3005504595444055
mbs_integral,33.542685704158266
