Integral_Type,Value
mp_integral,-40.40999999999905
ipr_integral,9.405508245623135
mbs_integral,57.48965103288927
