Integral_Type,Value
mp_integral,-45.79874999999437
ipr_integral,10.87553684947855
mbs_integral,84.31201602180002
