Integral_Type,Value
mp_integral,-45.149999999994954
ipr_integral,11.056688566527102
mbs_integral,91.51454955921882
