Integral_Type,Value
mp_integral,-0.019375
ipr_integral,0.0072773399688539535
mbs_integral,3.314933547259633e-5
