Integral_Type,Value
mp_integral,-22.560000000001487
ipr_integral,4.990903478939815
mbs_integral,10.979031452237528
