Integral_Type,Value
mp_integral,-13.787499999999646
ipr_integral,3.4307175397091543
mbs_integral,4.707322609626394
