Integral_Type,Value
mp_integral,-0.159375
ipr_integral,0.0362907234048825
mbs_integral,0.008778245690161675
