Integral_Type,Value
mp_integral,-31.70375000000566
ipr_integral,6.295540526741302
mbs_integral,19.698128466984052
