Integral_Type,Value
mp_integral,-2.4818749999999694
ipr_integral,0.5625624451044592
mbs_integral,0.2897387149783599
