Integral_Type,Value
mp_integral,-39.587499999999984
ipr_integral,7.51776882571408
mbs_integral,29.796783500248434
