Integral_Type,Value
mp_integral,-7.358750000000426
ipr_integral,2.001542498619417
mbs_integral,1.6058962430577732
