Integral_Type,Value
mp_integral,-41.00999999999875
ipr_integral,7.8814932576712025
mbs_integral,38.71831704057584
