Integral_Type,Value
mp_integral,-15.297499999999143
ipr_integral,4.112469391445736
mbs_integral,9.040064181817433
