Integral_Type,Value
mp_integral,-29.53125000000435
ipr_integral,6.80803844889177
mbs_integral,30.053277241730246
