Integral_Type,Value
mp_integral,-21.77500000000034
ipr_integral,5.407550943178999
mbs_integral,17.78153019055786
