Integral_Type,Value
mp_integral,-13.46687499999945
ipr_integral,3.277659742125263
mbs_integral,6.527113954327334
