Integral_Type,Value
mp_integral,-20.62375000000049
ipr_integral,5.363582234232401
mbs_integral,16.307246130436233
