Integral_Type,Value
mp_integral,-8.231250000000509
ipr_integral,1.9851006349307507
mbs_integral,19.8454772026135
