Integral_Type,Value
mp_integral,-10.648750000000037
ipr_integral,3.0711218657747144
mbs_integral,21.767056412739358
