Integral_Type,Value
mp_integral,-3.45624999999996
ipr_integral,0.4813758264123986
mbs_integral,0.7358733276903584
