Integral_Type,Value
mp_integral,-5.106875000000104
ipr_integral,0.9655401709606051
mbs_integral,15.065375659855448
