Integral_Type,Value
mp_integral,-0.11062500000000006
ipr_integral,0.011216534270725923
mbs_integral,0.010579673603963167
