Integral_Type,Value
mp_integral,-7.08562500000041
ipr_integral,1.5646547105483164
mbs_integral,18.36620812909043
