Integral_Type,Value
mp_integral,-11.99374999999977
ipr_integral,3.604822455132663
mbs_integral,21.03542416556112
