Integral_Type,Value
mp_integral,-1.1993749999999932
ipr_integral,0.1644018421694778
mbs_integral,4.790570363256058
