Integral_Type,Value
mp_integral,-9.40812500000028
ipr_integral,2.494379426609956
mbs_integral,21.036870324878265
