Integral_Type,Value
mp_integral,-7.794375000000495
ipr_integral,1.693582227324824
mbs_integral,3.2798876297486124
