Integral_Type,Value
mp_integral,-13.416249999999488
ipr_integral,3.8348790421218233
mbs_integral,17.386961376628374
