Integral_Type,Value
mp_integral,-5.705000000000189
ipr_integral,0.9993176441221463
mbs_integral,1.4970842407576985
