Integral_Type,Value
mp_integral,-6.054375000000251
ipr_integral,1.231838847371066
mbs_integral,16.77493525274501
