Integral_Type,Value
mp_integral,-4.2631249999999765
ipr_integral,0.7537211219177313
mbs_integral,13.327545349846256
