Integral_Type,Value
mp_integral,-6.853750000000382
ipr_integral,1.3776611028147496
mbs_integral,2.337787990504462
