Integral_Type,Value
mp_integral,-10.611875000000046
ipr_integral,2.680140741213423
mbs_integral,8.051931381413468
