Integral_Type,Value
mp_integral,-0.09137499999999976
ipr_integral,0.019457169784037748
mbs_integral,0.007901003902007275
