Integral_Type,Value
mp_integral,-0.6690749999999877
ipr_integral,0.13448253777061867
mbs_integral,0.07645460771698408
