Integral_Type,Value
mp_integral,-18.46067499997256
ipr_integral,4.185274889881955
mbs_integral,24.27574085511982
