Integral_Type,Value
mp_integral,-7.548750000000439
ipr_integral,1.745091767505489
mbs_integral,3.0527561223122284
