Integral_Type,Value
mp_integral,-6.1775000000002676
ipr_integral,1.3033435212892621
mbs_integral,2.158052372857363
