Integral_Type,Value
mp_integral,-7.346875000000457
ipr_integral,1.2383082113257737
mbs_integral,26.83320808998423
