Integral_Type,Value
mp_integral,-9.093125000000342
ipr_integral,1.667721143713823
mbs_integral,29.91369195872262
