Integral_Type,Value
mp_integral,-2.855624999999964
ipr_integral,0.41020749136627166
mbs_integral,0.6762796617258507
