Integral_Type,Value
mp_integral,-8.176875000000523
ipr_integral,1.4367415256116074
mbs_integral,28.407902348688765
