Integral_Type,Value
mp_integral,-1.4531249999999896
ipr_integral,0.18019569477803815
mbs_integral,7.880599192298504
