Integral_Type,Value
mp_integral,-15.749374999999025
ipr_integral,3.860195013682781
mbs_integral,21.314943268717535
