Integral_Type,Value
mp_integral,-11.160624999999936
ipr_integral,2.2465896457371404
mbs_integral,32.41176565732293
