Integral_Type,Value
mp_integral,-3.80687499999994
ipr_integral,0.5410817697223048
mbs_integral,17.326401637610438
