Integral_Type,Value
mp_integral,-10.133125000000138
ipr_integral,1.9406626127614346
mbs_integral,31.354972915386668
