Integral_Type,Value
mp_integral,-13.478124999999475
ipr_integral,3.028875366453343
mbs_integral,32.8708500764367
