Integral_Type,Value
mp_integral,-12.294374999999711
ipr_integral,2.6073991354793447
mbs_integral,33.16080264490744
