Integral_Type,Value
mp_integral,-11.086874999999974
ipr_integral,2.855216380103364
mbs_integral,8.008194986972075
