Integral_Type,Value
mp_integral,-14.589374999999254
ipr_integral,3.4913825145253896
mbs_integral,29.52032396939132
