Integral_Type,Value
mp_integral,-4.775000000000082
ipr_integral,0.880829684275441
mbs_integral,1.3738627225298334
