Integral_Type,Value
mp_integral,-15.694099999978192
ipr_integral,3.2222141988232047
mbs_integral,8.240339205880195
