Integral_Type,Value
mp_integral,-4.388225000002825
ipr_integral,0.9393435399652825
mbs_integral,0.9092667396352373
