Integral_Type,Value
mp_integral,-0.004175000000000003
ipr_integral,0.001341807763026093
mbs_integral,1.9542145617241403e-5
