Integral_Type,Value
mp_integral,-8.727500000000397
ipr_integral,2.0656819358473424
mbs_integral,3.236703681694216
