Integral_Type,Value
mp_integral,-13.608749999999453
ipr_integral,3.589918787623582
mbs_integral,6.0803488849865674
