Integral_Type,Value
mp_integral,-18.34374999999876
ipr_integral,4.778339697299815
mbs_integral,13.077340978583997
