Integral_Type,Value
mp_integral,-25.486250000002247
ipr_integral,6.083191508786957
mbs_integral,23.42620310782972
