Integral_Type,Value
mp_integral,-0.13750000000000007
ipr_integral,0.017926032030893397
mbs_integral,0.015424786853207058
