Integral_Type,Value
mp_integral,-4.213749999999993
ipr_integral,0.7310803522272799
mbs_integral,1.057381688219419
