Integral_Type,Value
mp_integral,-2.295624999999973
ipr_integral,0.3374911570551381
mbs_integral,9.703726198867752
