Integral_Type,Value
mp_integral,-8.349375000000489
ipr_integral,1.8960523848684727
mbs_integral,23.549543959776216
