Integral_Type,Value
mp_integral,-0.38312500000000094
ipr_integral,0.047728312426434064
mbs_integral,1.9539655840153114
