Integral_Type,Value
mp_integral,-11.681249999999832
ipr_integral,3.3201228974558687
mbs_integral,26.275054399299282
