Integral_Type,Value
mp_integral,-6.786250000000363
ipr_integral,1.2904078838708108
mbs_integral,2.1779424289728784
