Integral_Type,Value
mp_integral,-14.09562499999935
ipr_integral,3.8528954764072414
mbs_integral,19.338422067966047
