Integral_Type,Value
mp_integral,-7.907500000000536
ipr_integral,1.6391815328118124
mbs_integral,3.082797455275755
