Integral_Type,Value
mp_integral,-12.864999999999595
ipr_integral,3.771801775674824
mbs_integral,24.754357837214236
