Integral_Type,Value
mp_integral,-10.536875000000059
ipr_integral,2.791114842161325
mbs_integral,25.907936113525583
