Integral_Type,Value
mp_integral,-5.347500000000136
ipr_integral,0.8661236009132293
mbs_integral,1.3717442000474762
