Integral_Type,Value
mp_integral,-3.3406249999999567
ipr_integral,0.447875063085048
mbs_integral,0.6778295154816475
