Integral_Type,Value
mp_integral,-5.596875000000182
ipr_integral,1.0434675455153286
mbs_integral,18.756675498996035
