Integral_Type,Value
mp_integral,-10.895624999999985
ipr_integral,2.6753023231639306
mbs_integral,8.043769835591016
