Integral_Type,Value
mp_integral,-9.403125000000282
ipr_integral,2.305195213257055
mbs_integral,24.850962738125492
