Integral_Type,Value
mp_integral,-7.365625000000457
ipr_integral,1.5570958199226732
mbs_integral,22.07715512001096
