Integral_Type,Value
mp_integral,-0.24312499999999992
ipr_integral,0.039065946252039734
mbs_integral,0.016519599074806192
