Integral_Type,Value
mp_integral,-6.445625000000314
ipr_integral,1.2762246274767204
mbs_integral,20.46274046593844
