Integral_Type,Value
mp_integral,-0.4817249999999676
ipr_integral,0.07093081644809629
mbs_integral,0.07157310619249843
