Integral_Type,Value
mp_integral,-15.945599999978597
ipr_integral,3.7639155861256186
mbs_integral,20.607398191382917
