Integral_Type,Value
mp_integral,-2.986475000001415
ipr_integral,0.4551022746104767
mbs_integral,0.6356124157630371
