Integral_Type,Value
mp_integral,-17.2224999999995
ipr_integral,4.263336953565182
mbs_integral,7.528917504335063
