Integral_Type,Value
mp_integral,-8.669375000000374
ipr_integral,1.7492585838083412
mbs_integral,2.909535424227963
