Integral_Type,Value
mp_integral,-1.5356250000000002
ipr_integral,0.22270887264665853
mbs_integral,0.2671284641944939
