Integral_Type,Value
mp_integral,-26.59875000000333
ipr_integral,5.725217079512526
mbs_integral,29.052570227610317
