Integral_Type,Value
mp_integral,-23.506250000001987
ipr_integral,5.479684512911256
mbs_integral,20.825996335877793
