Integral_Type,Value
mp_integral,-21.276250000000825
ipr_integral,5.2876011174357345
mbs_integral,12.186796227078757
