Integral_Type,Value
mp_integral,-25.03250000000263
ipr_integral,5.596259712705616
mbs_integral,25.045962640099646
