Integral_Type,Value
mp_integral,-22.346250000001458
ipr_integral,5.4669838523254795
mbs_integral,16.648388773042797
