Integral_Type,Value
mp_integral,-0.020625
ipr_integral,0.007372119799167649
mbs_integral,0.0003096622547787345
