Integral_Type,Value
mp_integral,-23.772500000002047
ipr_integral,5.8010354118059535
mbs_integral,21.404630688222763
