Integral_Type,Value
mp_integral,-0.3681249999999994
ipr_integral,0.09007575142537386
mbs_integral,0.016714510107867675
