Integral_Type,Value
mp_integral,-4.636250000000034
ipr_integral,0.7083731906848671
mbs_integral,1.0101991130408823
