Integral_Type,Value
mp_integral,-14.153124999999324
ipr_integral,3.159814588619284
mbs_integral,6.102761759506173
