Integral_Type,Value
mp_integral,-9.516250000000257
ipr_integral,1.9477798061661573
mbs_integral,3.170512809130005
