Integral_Type,Value
mp_integral,-17.970624999999554
ipr_integral,4.402194567531454
mbs_integral,12.511272127376579
