Integral_Type,Value
mp_integral,-15.604374999999067
ipr_integral,3.7285204132804295
mbs_integral,9.048101030647636
