Integral_Type,Value
mp_integral,-27.10500000000368
ipr_integral,6.550780966105631
mbs_integral,27.06625667543696
