Integral_Type,Value
mp_integral,-20.682500000000612
ipr_integral,5.072888740733401
mbs_integral,16.561480037116233
