Integral_Type,Value
mp_integral,-7.909249999994878
ipr_integral,1.6392619234493897
mbs_integral,3.0831961839885333
