Integral_Type,Value
mp_integral,-0.1948249999999933
ipr_integral,0.026459597761448492
mbs_integral,0.015124352428715038
