Integral_Type,Value
mp_integral,-11.00187499998835
ipr_integral,2.7137120215193424
mbs_integral,8.155128763470852
