Integral_Type,Value
mp_integral,-27.101250000003358
ipr_integral,6.908606315793892
mbs_integral,20.439572031344756
