Integral_Type,Value
mp_integral,-0.30250000000000016
ipr_integral,0.09236198691438004
mbs_integral,0.0119386756881211
