Integral_Type,Value
mp_integral,-22.103750000001163
ipr_integral,5.504211927424027
mbs_integral,14.780455750086785
