Integral_Type,Value
mp_integral,-30.725000000005355
ipr_integral,7.431731538795611
mbs_integral,30.820495681967643
