Integral_Type,Value
mp_integral,-29.012500000004408
ipr_integral,7.270686090384829
mbs_integral,25.823639832685796
