Integral_Type,Value
mp_integral,-8.456250000000356
ipr_integral,1.570672148469705
mbs_integral,2.7776259143507875
