Integral_Type,Value
mp_integral,-12.768124999999605
ipr_integral,2.75205332612627
mbs_integral,5.804175184102466
