Integral_Type,Value
mp_integral,-17.206874999999155
ipr_integral,3.9795071078698467
mbs_integral,9.735732817150385
