Integral_Type,Value
mp_integral,-3.9824999999999684
ipr_integral,0.533614435047741
mbs_integral,0.7785177894830282
