Integral_Type,Value
mp_integral,-17.249999999999194
ipr_integral,5.402499004727004
mbs_integral,19.818690981229096
