Integral_Type,Value
mp_integral,-18.74999999999996
ipr_integral,4.996860256331335
mbs_integral,14.066460568681006
