Integral_Type,Value
mp_integral,-2.868025000001222
ipr_integral,0.41281114747646813
mbs_integral,0.6782623564002588
