Integral_Type,Value
mp_integral,-15.747074999977116
ipr_integral,3.8606583863396415
mbs_integral,21.31671482057531
