Integral_Type,Value
mp_integral,-4.724200000002112
ipr_integral,0.875769136698211
mbs_integral,1.3742372299744097
