Integral_Type,Value
mp_integral,-11.749999999999932
ipr_integral,2.3739563447882173
mbs_integral,17.582607955666685
