Integral_Type,Value
mp_integral,-13.749999999999535
ipr_integral,3.3081636081723116
mbs_integral,18.731399543825475
