Integral_Type,Value
mp_integral,-14.749999999999336
ipr_integral,3.9208350920159534
mbs_integral,19.134765571444962
