Integral_Type,Value
mp_integral,-12.749999999999734
ipr_integral,2.799109951024792
mbs_integral,18.21653137586834
