Integral_Type,Value
mp_integral,-14.249999999999435
ipr_integral,3.6005640497482503
mbs_integral,18.94648730104284
