Integral_Type,Value
mp_integral,-11.250000000000032
ipr_integral,2.186817724277102
mbs_integral,17.21900619303452
