Integral_Type,Value
mp_integral,-13.249999999999634
ipr_integral,3.041849899243244
mbs_integral,18.48840986387954
