Integral_Type,Value
mp_integral,-12.249999999999833
ipr_integral,2.577308228791927
mbs_integral,17.914868882157055
