Integral_Type,Value
mp_integral,-3.2983750000015544
ipr_integral,0.43916468024839234
mbs_integral,0.6772492539042342
