Integral_Type,Value
mp_integral,-14.099624999981065
ipr_integral,3.853781835621851
mbs_integral,19.342980877712193
