Integral_Type,Value
mp_integral,-5.300650000000886
ipr_integral,0.8644494002197072
mbs_integral,1.3682535647605893
