Integral_Type,Value
mp_integral,-13.417849999982622
ipr_integral,3.8355685651866596
mbs_integral,17.390105865694398
