Integral_Type,Value
mp_integral,-3.492600000002228
ipr_integral,0.4864090766030891
mbs_integral,0.7411273536644447
