Integral_Type,Value
mp_integral,-5.68374999999989
ipr_integral,0.9968236865766512
mbs_integral,1.497371120074942
