Integral_Type,Value
mp_integral,-10.727924999989181
ipr_integral,2.7213613829678835
mbs_integral,8.189471204820121
