Integral_Type,Value
mp_integral,-0.10632499999999888
ipr_integral,0.010861437577695442
mbs_integral,0.009292750679253146
