Integral_Type,Value
mp_integral,-7.802774999995119
ipr_integral,1.6944696380276212
mbs_integral,3.2825029375057544
