Integral_Type,Value
mp_integral,-33.74750000000502
ipr_integral,6.931594727805312
mbs_integral,36.68974243565249
