Integral_Type,Value
mp_integral,-0.019375
ipr_integral,0.006287374834686735
mbs_integral,0.00010100553332098193
