Integral_Type,Value
mp_integral,-0.3243749999999988
ipr_integral,0.06523291728673301
mbs_integral,0.03065600111567422
