Integral_Type,Value
mp_integral,-32.053750000006104
ipr_integral,6.691876370339467
mbs_integral,30.10204615320833
