Integral_Type,Value
mp_integral,-4.584375000000025
ipr_integral,0.9834087933514732
mbs_integral,0.9278284498478677
