Integral_Type,Value
mp_integral,-30.9187500000056
ipr_integral,6.536554117414686
mbs_integral,23.633018037063724
