Integral_Type,Value
mp_integral,-20.087500000000492
ipr_integral,4.670332033130683
mbs_integral,9.499638972634102
