Integral_Type,Value
mp_integral,-27.555000000003723
ipr_integral,5.9727335604786065
mbs_integral,16.665107091450967
