Integral_Type,Value
mp_integral,-12.134999999999964
ipr_integral,2.925879942040155
mbs_integral,4.042008854867982
