-2.636831660428576
-2.6368314015511123
-2.636830971640883
-2.6368303731140705
-2.636829609537086
-2.636829502852508
-2.6368292387553702
-2.6368288000165774
-2.636828685829922
-2.6368281888545337
-2.636827608557939
-2.636827408550687
-2.6368264636453658
-2.6368263863389814
-2.636825360221152
-2.636825030403245
-2.6368241063026394
-2.636823555355765
-2.636822712413982
-2.6368219802037984
-2.636821192351911
-2.636820329717075
-2.636819564251214
-2.6368186361710184
-2.636817852037359
-2.636816941443325
-2.63681608736196
-2.6368152992188914
-2.6368143120618908
-2.636813776594852
-2.6368125809842917
-2.6368124535900463
-2.6368114181900273
-2.6368109645166777
-2.636810754653921
-2.636809549166647
-2.6368084331624684
-2.6368077135340746
-2.6367607039955794
-2.6367607039955656
-2.6367574318410005
-2.6367570173074397
-2.636756123948563
-2.636755766221704
-2.6367540255444344
-2.6367537499544325
-2.6367512349144766
-2.6367510540217785
-2.6367478527617627
-2.636747769091696
-2.636743978858178
-2.6367439688657535
-2.636739755258465
-2.6367396578752196
-2.6367351584033094
-2.636734980272578
-2.6367302388123983
-2.636729985458265
-2.6367250405658273
-2.63672471540485
-2.6367196048746844
-2.636719208415385
-2.6367139742016303
-2.6367135031772113
-2.6367081975893107
-2.6367076438050328
-2.636702338540914
-2.6367016872419478
-2.63669648799137
-2.636695715671328
-2.636690787027368
-2.6366898591828547
-2.6366854667711515
-2.6366843384406735
-2.6366809102616893
-2.636679539390716
-2.6366777038100095
-2.63667609849872
-2.6366409592007005
-2.636640959200617
-2.636627965407767
-2.6366248646700146
-2.636623937405317
-2.636621030658812
-2.6366181487577425
-2.6366154176036285
-2.6366112358954537
-2.6366086089568483
-2.6366035869048425
-2.6366009866972746
-2.636595424677887
-2.6365927803036238
-2.6365868816737215
-2.6365841281074975
-2.636578043004208
-2.6365751170819376
-2.636568969641304
-2.6365658054815997
-2.6365597116232475
-2.636556235724501
-2.6365503167722326
-2.636546442277171
-2.6365408380632784
-2.636536457331855
-2.636531341941553
-2.6365263162002424
-2.6365219200972687
-2.6365160644603023
-2.6365127084092244
-2.6365057703583785
-2.6365039189976045
-2.6364958931613707
-2.6364955505569383
-2.6364891747535606
-2.6364856309190676
-2.636484550461421
-2.636476504006907
-2.6364693254024374
-2.6364461452787147
-2.6364461452730867
-2.6364189065413997
-2.6364112431086237
-2.6364013464047344
-2.6364012734099407
-2.636396234762684
-2.636390159429506
-2.636388693374807
-2.6363795072924243
-2.636378401276178
-2.6363692240448664
-2.6363662311548794
-2.636358191067006
-2.636353772212628
-2.636346628240801
-2.636341100333928
-2.636334681097499
-2.6363282707097375
-2.6363224536041785
-2.6363153311759633
-2.6363100282125913
-2.636302330678203
-2.636297479269983
-2.6362893267097864
-2.6362848838472077
-2.6362763943342857
-2.6362723330911466
-2.636263639765466
-2.6362599474095747
-2.636251223257332
-2.636247900245515
-2.6362393996527067
-2.636236458051603
-2.6362285896284803
-2.636226046844327
-2.6362194898924094
-2.6362173471189054
-2.6362131655996124
-2.6362113555345594
-2.636190634462485
-2.6361906344624684
-2.6361159500109705
-2.6361105782250376
-2.636109515995459
-2.6361044552145003
-2.6361002099318123
-2.6360955150656378
-2.6360891061524456
-2.6360847625636143
-2.6360769231335333
-2.636072897733218
-2.6360641097688884
-2.6360603717731874
-2.6360509557455116
-2.6360474819014983
-2.6360376644629357
-2.6360344391063766
-2.6360243956022447
-2.6360214094470056
-2.636011290258114
-2.6360085390404935
-2.6359984869112374
-2.635995970076561
-2.635986132680881
-2.635983852002094
-2.635974391971874
-2.6359723498877203
-2.6359634531089036
-2.6359616505373222
-2.635953532260756
-2.635951965684277
-2.635944872645726
-2.635943530449485
-2.6359377359681706
-2.6359365944166915
-2.6359323836806166
-2.635931403509904
-2.635929050494839
-2.6359281757727633
-2.6359198473154963
-2.6359198473154595
-2.635666660451471
-2.6356637146721997
-2.6356589969146778
-2.6356572831681593
-2.635654423408203
-2.635652755529936
-2.6356498349002577
-2.6356452774357924
-2.6356437498034055
-2.635636856457727
-2.6356364393194704
-2.6356281846048906
-2.635627773482386
-2.6356192577282798
-2.635618287435331
-2.635609912304643
-2.6356086335639537
-2.6356003809802915
-2.635599025539424
-2.635590876718551
-2.6355896588857597
-2.6355815955743185
-2.6355807142447496
-2.63557271949434
-2.635572359690975
-2.6355647517400644
-2.6355644183219478
-2.6355580349508894
-2.635556850598669
-2.6355523402029615
-2.6355501630178875
-2.6355477818901227
-2.635544488578058
-2.635544454427158
-2.6355424285990536
-2.635539943656148
-2.635536624390745
-2.6355346029094386
-2.6348445361951627
-2.634844536194757
-2.6348378361533817
-2.6348367191013455
-2.634835130399967
-2.6348339848726265
-2.63483056935461
-2.6348293982482573
-2.6348242182350163
-2.6348230195417246
-2.634816175138172
-2.634814944382969
-2.6348065511087597
-2.634805284103034
-2.6347954672052905
-2.634794160937885
-2.6347830533302536
-2.634781706139115
-2.6347694476653545
-2.634768059183963
-2.634754797549355
-2.6347533685902955
-2.6347392627650237
-2.6347377952025512
-2.634723022477579
-2.634721519160112
-2.634706287815082
-2.634704752526045
-2.634689323533668
-2.63468776100815
-2.6346724846114786
-2.6346709005921745
-2.6346562765318637
-2.6346546777795523
-2.634641447052762
-2.634639841051054
-2.6346290932307466
-2.634627487012128
-2.6346206723881784
-2.6346190699481733
-2.634465858779939
-2.6344658587795804
-2.6344357348032976
-2.634433594888292
-2.6344260175678773
-2.6344238638761275
-2.6344112983882932
-2.634409142692863
-2.6343930069949053
-2.634390854576502
-2.6343722408369055
-2.634370092182899
-2.634349737527529
-2.6343475918654504
-2.6343259803123096
-2.6343238370605997
-2.634301293631561
-2.634299152820491
-2.634275907134408
-2.6342737695009455
-2.634249996311475
-2.634247863337037
-2.6342237096698953
-2.634221583658827
-2.634197189887504
-2.634195074133638
-2.6341705949759464
-2.634168494059975
-2.6341441262600793
-2.634142046532456
-2.6341180741310675
-2.634116024436932
-2.6340929029681366
-2.634090895569449
-2.6340694181491973
-2.6340674692101125
-2.6340490829213468
-2.634047209535863
-2.6340344524805577
-2.6340326574686026
-2.633927236920443
-2.6339272369201936
-2.6338608852751713
-2.633857991129399
-2.6338459114051807
-2.6338430671377515
-2.6338247526638323
-2.6338219637761235
-2.633799938681113
-2.633797195759818
-2.633772955348823
-2.6337702460901182
-2.6337446260502744
-2.6337419396388273
-2.6337154232541997
-2.633712750904742
-2.6336856382246565
-2.6336829727080886
-2.6336554680832673
-2.633652803127619
-2.6336250625598803
-2.6336223923086637
-2.633594552243739
-2.633591870761793
-2.6335640697207015
-2.633561370490817
-2.633533771006533
-2.6335310463451553
-2.6335038647555957
-2.6335011050665456
-2.6334746608568333
-2.6334718536561468
-2.6334466607299256
-2.6334437895250224
-2.6334207332645754
-2.633417777115214
-2.6333984440031526
-2.6333953814852973
-2.6333825012302343
-2.633379329925778
-2.633311595624507
-2.6333115956243134
-2.633191400170447
-2.6331899248489568
-2.633175776792444
-2.6331741694883153
-2.633153746719031
-2.6331520083177318
-2.6331279897084467
-2.633126145842532
-2.6331001074174307
-2.633098182971075
-2.6330710083357385
-2.63306902201249
-2.633041228871089
-2.6330391937692856
-2.6330111124872353
-2.63300903752401
-2.6329809037496634
-2.63297879479845
-2.6329508000843997
-2.6329486607248436
-2.632920983970742
-2.632918815938142
-2.6328916475826967
-2.6328894510095453
-2.6328630174020176
-2.6328607909307795
-2.6328353852674966
-2.632833126125126
-2.6328091532885822
-2.6328068574746615
-2.6327849015326055
-2.6327825643998928
-2.632763484483728
-2.6327611020863566
-2.6327461395750738
-2.632743710832213
-2.6327345160546325
-2.6327320461031842
-2.632697684647277
-2.6326976846468373
-2.6325022872674007
-2.6325012185801584
-2.63249268637989
-2.632491566488048
-2.632478468266518
-2.632477288722466
-2.6324612574457618
-2.6324600247356136
-2.632442336161363
-2.632441062271441
-2.6324226137851623
-2.632421310968568
-2.632402722748447
-2.6324014016535204
-2.6323831139908114
-2.6323817833239986
-2.6323641238765183
-2.6323627905875533
-2.6323460162573498
-2.632344685843119
-2.6323290078145085
-2.632327684612965
-2.6323132828971625
-2.632311970345362
-2.6322990017970693
-2.6322977026571595
-2.6322863048277463
-2.6322850213765903
-2.6322753136711694
-2.6322740477941124
-2.6322661311603626
-2.6322648841296536
-2.6322588414264687
-2.632257612792631
-2.6322535157126294
-2.6322523005523375
-2.632250234896344
-2.632249022028039
-2.6322414345775584
-2.632241434577006
-2.630545831370732
-2.6305426217480887
-2.6305373195014203
-2.6305369559995344
-2.6305337274786815
-2.6305299948205034
-2.630528393189812
-2.6305210225124656
-2.6305207451597297
-2.630511711781999
-2.6305096948376443
-2.630500583905883
-2.63049699507527
-2.630487788428237
-2.6304828248379626
-2.6304735024156
-2.630467392882114
-2.630457932581347
-2.6304509414198556
-2.6304413190905804
-2.6304337517763012
-2.630423941467836
-2.6304161522585656
-2.6304061269009975
-2.6303985280430937
-2.6303882608515434
-2.63038133196236
-2.6303707989690643
-2.6303650932605125
-2.6303542774404787
-2.63035041837619
-2.630339315660294
-2.6303379739999486
-2.630328440507755
-2.630326600756119
-2.6303224289449765
-2.6303168405614246
-2.6303106763405273
-2.6298198707345994
-2.62981987073449
-2.629797168190714
-2.629796054579442
-2.62978873556549
-2.629787431417422
-2.6297750407744744
-2.629773459489376
-2.629756671848372
-2.629754756050767
-2.629734302676221
-2.6297320200471996
-2.629708587585508
-2.6297059244102843
-2.6296801151392355
-2.6296770690749574
-2.6296493956865916
-2.629645969647042
-2.629616867603282
-2.629613065292754
-2.629582913057535
-2.6295787358892206
-2.62954787877056
-2.6295433236739436
-2.6295121010670894
-2.6295071587141248
-2.629475937938504
-2.6294705910259912
-2.629439814985345
-2.6294340363866975
-2.62940429874225
-2.629398049777865
-2.6293702220678634
-2.62936345252444
-2.629338899725634
-2.6293315555520134
-2.6293124543426707
-2.6293045097736076
-2.6292940684230084
-2.629285609561225
-2.629069062639223
-2.629069062639148
-2.62900065304635
-2.628996829200179
-2.628981359795831
-2.62897693290365
-2.628953159488077
-2.628948002434183
-2.6289191944256105
-2.6289132895778953
-2.6288815842707662
-2.628874934538233
-2.6288416283576272
-2.6288342233431496
-2.628800125858551
-2.628791931928574
-2.628757592822491
-2.628748549489357
-2.6287143885518107
-2.628704404800015
-2.6286707893292895
-2.628659737521635
-2.6286270354656947
-2.6286147413277594
-2.6285833674338726
-2.6285695942690235
-2.6285400622798925
-2.6285244865861674
-2.628497481724132
-2.6284796560204446
-2.6284561486476825
-2.628435446664059
-2.628416880754791
-2.6283924260081415
-2.628381027968905
-2.6283516454498184
-2.628350850460921
-2.628329859139662
-2.6283152527417752
-2.628287776779864
-2.6281722146640005
-2.628172214651499
-2.6280632380023308
-2.6280360762252317
-2.6280216716245572
-2.6280009124579866
-2.627999885146026
-2.62797093651632
-2.6279592070988924
-2.6279352076641818
-2.6279162310744764
-2.6278959942909763
-2.6278720337999566
-2.6278546635550923
-2.627827196715564
-2.627812046434115
-2.627782071999677
-2.6277686741094706
-2.6277369024142616
-2.627724912652835
-2.627691881330397
-2.627681040215332
-2.627647188342067
-2.627637295166367
-2.627603016798012
-2.62759391184182
-2.627559603300427
-2.627551155204822
-2.62751726915253
-2.6275093653761807
-2.627476488728257
-2.6274690276253523
-2.6274380112180955
-2.6274308947397063
-2.627403079771138
-2.6273962067177186
-2.6273737882051265
-2.6273670514141414
-2.6273534312576348
-2.627346732523238
-2.627275867198277
-2.627275867197836
-2.6270716430974166
-2.627068852480112
-2.6270529452236278
-2.627050137180431
-2.627026249800973
-2.627023453934483
-2.6269948450164797
-2.626992097577037
-2.626960867090263
-2.626958196376068
-2.6269256110490393
-2.626923035697787
-2.626889882727064
-2.6268874139660343
-2.6268542210917105
-2.6268518651581854
-2.626819023864054
-2.626816783783964
-2.6267846194816795
-2.626782496232434
-2.6267513116564634
-2.626749304867129
-2.6267194106383407
-2.6267175189394854
-2.626689258548052
-2.6266874796165465
-2.6266612521374793
-2.626659582415375
-2.6266358629470834
-2.626634296953138
-2.626613650485036
-2.6266121795999453
-2.6265952582285954
-2.6265938688920483
-2.6265813783295533
-2.626580050053205
-2.626572679624312
-2.6265713854328006
-2.6265486317918496
-2.62654863179171
-2.626167404936749
-2.6261656509860902
-2.626162022822229
-2.6261603028053346
-2.626153593351716
-2.626151923949449
-2.6261427678815967
-2.626141159484009
-2.6261302340228942
-2.6261286914527773
-2.6261166262379576
-2.6261151502195093
-2.6261024863447946
-2.6261010749375227
-2.6260882576805367
-2.62608690736334
-2.626074295475728
-2.626073001861738
-2.6260608822040568
-2.6260596404732954
-2.626048242466542
-2.6260470476117064
-2.6260365554483505
-2.62603540240628
-2.6260259646398345
-2.6260248483565243
-2.626016585145777
-2.6260155006043018
-2.626008509065405
-2.626007451294019
-2.6260018093975876
-2.626000773467832
-2.625996542841147
-2.6259955238613943
-2.625992751771091
-2.6259917448783883
-2.6259904655946937
-2.625989465946279
-2.62068367268065
-2.620683672475456
-2.620682336789579
-2.6206777783728943
-2.6206765648139605
-2.6206730886379024
-2.6206717599883054
-2.62066838398193
-2.6206647452465055
-2.620661461057414
-2.6206556892002584
-2.6206524913706635
-2.6206446693910093
-2.62064156161342
-2.6206317520139346
-2.620628744446424
-2.6206170104423094
-2.620614118060934
-2.620600533220553
-2.6205977753401792
-2.6205824309986205
-2.620579831540342
-2.620562845561124
-2.6205604338429658
-2.6205419634095373
-2.620539775354708
-2.6205200372540984
-2.6205181168910534
-2.6204974207673395
-2.620495821649549
-2.620474624998796
-2.620473410414704
-2.6204524075897546
-2.62045164651568
-2.620431900578417
-2.6204316523469235
-2.620415017430067
-2.6204147414199626
-2.6204037393629163
-2.6204030399790836
-2.620131539141204
-2.6201315391250595
-2.6200912297598253
-2.6200812921709966
-2.6200774011209984
-2.6200679913846305
-2.6200540835779575
-2.6200454579843138
-2.6200239210132947
-2.620016029871287
-2.6199888852733246
-2.619981629963011
-2.6199502599085207
-2.6199435560319935
-2.619908883877063
-2.6199026713485574
-2.6198653272464094
-2.6198595695200764
-2.6198200014185122
-2.6198146833957834
-2.619773228106048
-2.6197683551424147
-2.619725285761194
-2.619720884526358
-2.619676446450247
-2.619672568135082
-2.6196270138115274
-2.6196237403752116
-2.6195773746127253
-2.619574829100607
-2.6195280848505855
-2.6195264467825674
-2.6194800326656944
-2.6194795570111196
-2.6194357914524224
-2.619434766717108
-2.6193980183692007
-2.6193951444671457
-2.6193710324056054
-2.6193662965809734
-2.61913949035531
-2.6191394903407845
-2.619030619626912
-2.619007113549815
-2.6190020713240276
-2.6189803389928774
-2.618960510994494
-2.6189407222731216
-2.6189111166349055
-2.618892884536735
-2.6188570492915337
-2.618839926561968
-2.618800039211214
-2.6187836591221534
-2.6187410638248996
-2.6187251405173058
-2.6186807205435874
-2.6186650239456903
-2.6186194135873246
-2.6186037459211264
-2.6185574521453634
-2.6185416289067147
-2.6184951089215134
-2.618478942395146
-2.6184326638767677
-2.618415946531712
-2.6183704488963544
-2.618352933734082
-2.61830890899803
-2.6182902833469863
-2.618248704114486
-2.618228552838646
-2.618190897294828
-2.618168653954536
-2.6181373189400725
-2.618112224208238
-2.6180912434566337
-2.6180624326715316
-2.6180582968790014
-2.61802547869248
-2.6178793392567905
-2.617879339234975
-2.6176586712351946
-2.6176408282107917
-2.617623587319794
-2.6176092534398228
-2.6175745491114277
-2.617563819445416
-2.6175176271938105
-2.617509864017917
-2.6174562614148162
-2.617450798861665
-2.6173923046654677
-2.617388625799468
-2.6173268049899336
-2.6173245382034946
-2.617260410831624
-2.6172592942874213
-2.6171935721576123
-2.6171934227966034
-2.6171273386457803
-2.6171266467233747
-2.6170614151768894
-2.6170599646131425
-2.616996039199534
-2.616993877676655
-2.616931665908243
-2.6169288103650956
-2.616868889300935
-2.616865327107079
-2.616808548155189
-2.6168042363364457
-2.6167518973419575
-2.616746762342597
-2.616700884155945
-2.616694829687271
-2.616658548889428
-2.6166514948418684
-2.616629387059797
-2.616621402992148
-2.6165314714205694
-2.616531471415043
-2.6161235578496322
-2.6161199101530404
-2.6160970957924348
-2.6160940877877574
-2.616058219707067
-2.6160559833166177
-2.61601134683938
-2.6160098535626997
-2.6159597246846724
-2.6159588895755173
-2.61590553051526
-2.615905264390141
-2.61585045701935
-2.6158502305239364
-2.615795527067218
-2.6157948689319754
-2.615741295482094
-2.615740253294984
-2.6156884559855436
-2.615687066861021
-2.6156376431944244
-2.6156359365317035
-2.615589474002904
-2.615587473849529
-2.615544570999894
-2.615542298006132
-2.6155035717153194
-2.615501044629644
-2.6154671248820156
-2.615464361355858
-2.6154358751440374
-2.615432891310136
-2.615410443458298
-2.615407251566065
-2.6153914278846058
-2.6153880333818966
-2.615379472936018
-2.6153758882503855
-2.615347830911024
-2.615347830907707
-2.6137681545470968
-2.61376326162418
-2.6137582970107247
-2.613753435795228
-2.6137422481515484
-2.613737435201952
-2.613720536011695
-2.6137157819760666
-2.6136938272392563
-2.6136891360470824
-2.6136628776604858
-2.6136582466362417
-2.6136284908684693
-2.6136239115011595
-2.61359148941972
-2.6135869484933196
-2.61355269918367
-2.6135481800435407
-2.6135129447827574
-2.613508428617922
-2.6134730528458245
-2.6134685199610987
-2.6134338594034854
-2.6134292905182432
-2.61339621759319
-2.613391595228269
-2.613361001563907
-2.6133563115603375
-2.613329102065581
-2.613324335211317
-2.6133014090725837
-2.613296562692008
-2.613278777738507
-2.6132738569406744
-2.6132619770121335
-2.613256995158033
-2.6132516258052756
-2.6132466037508824
-2.611738994315814
-2.6117389943091838
-2.6117098649570676
-2.6117060473766602
-2.611699167182763
-2.611695549382846
-2.6116796811790346
-2.611676302007271
-2.611652448597478
-2.6116493104270604
-2.611618423657979
-2.611615534350702
-2.611578477307698
-2.6115758503468522
-2.611533433748195
-2.611531085171489
-2.611484070370894
-2.6114820180025204
-2.6114311146831732
-2.61142937895628
-2.6113752496456666
-2.611373855272824
-2.6113171300385334
-2.6113161082285807
-2.611257411570194
-2.6112568027697605
-2.611196797254073
-2.611196654497837
-2.6111365043176225
-2.611136111508232
-2.611077440826542
-2.611076422844497
-2.611021005047035
-2.611019252427526
-2.610969521780127
-2.610966920478701
-2.6109265450113512
-2.6109230344183296
-2.6108970718124653
-2.610892779797758
-2.610458756744302
-2.610458756736078
-2.610361806035551
-2.610352828056888
-2.610332888291901
-2.610324912966537
-2.6102879087965447
-2.6102811364344745
-2.610232231817062
-2.6102265800959636
-2.610169810476638
-2.610165150603742
-2.6101030848957407
-2.610099317783091
-2.610033546558785
-2.610030615253329
-2.6099621443085117
-2.6099600319827747
-2.609889519649387
-2.6098882470384757
-2.6098161412799783
-2.6098157670724964
-2.609743012364595
-2.6097423870284575
-2.6096703796433927
-2.6096686014449513
-2.609598301178334
-2.6095951477529526
-2.609527319230989
-2.6095224720513044
-2.6094582039598206
-2.609451207025401
-2.6093921670402502
-2.609382371093573
-2.609331271568593
-2.609317791533064
-2.6092791852177593
-2.6092610301981622
-2.6092421536414325
-2.6092190872603065
-2.608979475723228
-2.6089794756849525
-2.6088202984873523
-2.6087828296540154
-2.608777730372571
-2.608744895190568
-2.6087298416054705
-2.608696815896061
-2.6086684289780346
-2.608639371542395
-2.60860261238163
-2.608576511906119
-2.6085344879809904
-2.6085105539330113
-2.6084652014417333
-2.6084428521590075
-2.6083954363103623
-2.6083742391992457
-2.6083256458448543
-2.6083052665075535
-2.608256169798849
-2.6082363352019557
-2.608187301034345
-2.6081677725824304
-2.6081193325205914
-2.608099884488632
-2.6080526024268127
-2.6080330018935443
-2.6079875531074594
-2.6079675378387632
-2.6079248266510726
-2.6079040774072326
-2.6078654391202707
-2.6078435444145454
-2.6078111157969204
-2.6077875392577803
-2.6077649182130678
-2.607739041589051
-2.6077321231551513
-2.607703668490311
-2.607584348572855
-2.6075843485489525
-2.6073329689986227
-2.607327953327527
-2.6073040364388347
-2.607300984481105
-2.6072630233805283
-2.6072620864225464
-2.6072160747363093
-2.6072152128583803
-2.6071661848219723
-2.6071639013855497
-2.6071143742297225
-2.607110976071957
-2.607061827904243
-2.6070575388950585
-2.607009300197731
-2.6070042771159594
-2.6069573100656225
-2.606951659503736
-2.6069062511655394
-2.6069000420017705
-2.6068564582340015
-2.6068497297117643
-2.6068082531769075
-2.6068010195340747
-2.6067619848768877
-2.606754237337073
-2.6067180730326096
-2.6067097797622236
-2.6066770661739302
-2.606668170844141
-2.60663972581326
-2.606630146056036
-2.606607149793762
-2.6065967793342963
-2.606580939209739
-2.606569668536753
-2.6065633502207013
-2.606551175876322
-2.6065070708380333
-2.6065070708204767
-2.6062187584661176
-2.606218086063666
-2.6062076954586253
-2.6062074565338684
-2.606191519172684
-2.606191196550076
-2.606172057759495
-2.6061711626773643
-2.606150603384915
-2.606149186635122
-2.6061283032247315
-2.606126435681333
-2.606105968132946
-2.606103720019343
-2.6060841622127375
-2.60608159547751
-2.6060632802226795
-2.606060446982455
-2.60604360280143
-2.6060405460525495
-2.6060253332813965
-2.606022088197521
-2.6060086217758704
-2.606005216918334
-2.6059935810777737
-2.6059900392459445
-2.6059802975445963
-2.6059766360905585
-2.60596883925188
-2.605965069594884
-2.605959263465657
-2.6059553892769927
-2.605951626259424
-2.6059476394806835
-2.605945999429567
-2.6059424997961997
-2.605941874943235
-2.6059382075664215
-2.6059320396906047
-2.6059320396743626
-2.594048979117588
-2.5940457730480193
-2.594041885140745
-2.5940404521170586
-2.5940386621368967
-2.594033312597385
-2.5940330510727034
-2.594025870681501
-2.5940236205952973
-2.5940163862229273
-2.5940122295557866
-2.594004926967652
-2.5939989682675155
-2.593991581804109
-2.593983953040382
-2.5939764653009765
-2.5939673324669
-2.593959723995182
-2.5939492960128576
-2.593941545027662
-2.593930085627707
-2.593922167887818
-2.5939100111559403
-2.5939019001289374
-2.593889470125121
-2.593881137764874
-2.59386897156849
-2.593860390205921
-2.5938491610523084
-2.593840307135246
-2.5938308387144033
-2.5938216992147813
-2.5938149529690175
-2.5938055347259223
-2.5938025423234636
-2.5937945987339894
-2.5937928826401264
-2.5937847720707357
-2.593218980058184
-2.5932189800579555
-2.593181805570451
-2.5931810966867825
-2.593168078903855
-2.5931675140936514
-2.5931458769855404
-2.593145539380152
-2.593116232642093
-2.5931161672130734
-2.593080481832575
-2.593080263310607
-2.5930394847093847
-2.593038991245553
-2.592994035650514
-2.592993286377245
-2.592944852499266
-2.5929438693458935
-2.592892536617913
-2.5928913397082365
-2.592837607610653
-2.592836212340297
-2.592780541357609
-2.5927789562239125
-2.5927218122671043
-2.592720036723117
-2.5926619460407894
-2.5926599677759317
-2.592601596028819
-2.592599387165358
-2.5925416681701328
-2.5925391801433353
-2.5924835415506906
-2.5924806997935774
-2.592429463736213
-2.5924261686611794
-2.5923831893752127
-2.5923793466621294
-2.592350576491903
-2.5923462045720718
-2.591991160877473
-2.591991160876414
-2.5918598949746636
-2.591853222204794
-2.591823499433767
-2.591817155950209
-2.591770650375495
-2.591764598861274
-2.5917072582112795
-2.591701335028566
-2.591637127152316
-2.591631142454215
-2.5915625058950877
-2.591556276844181
-2.5914847456871013
-2.5914780966068047
-2.591404709308648
-2.591397462207246
-2.5913229973957814
-2.5913149599290546
-2.591240076495228
-2.5912310280889113
-2.5911563598087164
-2.59114603450779
-2.5910722698812885
-2.591060333322755
-2.590988303772759
-2.5909743203756226
-2.590905122417013
-2.590888507233818
-2.5908236978177746
-2.5908036467259064
-2.590745580352341
-2.590720979685566
-2.59067339939554
-2.590642765189884
-2.5906117349684874
-2.59057344971805
-2.5905681084667718
-2.590521842560898
-2.590289977153155
-2.590289977139163
-2.590039083114715
-2.589986846287855
-2.5899808818484322
-2.58993654356992
-2.589915538284992
-2.5898730032970207
-2.589833955428462
-2.5897976485774508
-2.5897466631913733
-2.589715114920641
-2.589656008802599
-2.5896281095513074
-2.5895632912350846
-2.589538247303097
-2.589469307500576
-2.589446554158017
-2.5893746104476443
-2.5893537427739455
-2.589279641854377
-2.589260367394645
-2.589184813141055
-2.5891669208753343
-2.589090568666867
-2.589073909068461
-2.5889974538087053
-2.588981926344842
-2.5889062100568494
-2.588891755597558
-2.5888179300123983
-2.588804525724462
-2.5887343288500375
-2.5887219811994204
-2.588658222611694
-2.5886469472358185
-2.5885942875886805
-2.588584049791396
-2.5885497909173636
-2.588540378757761
-2.5883906776517005
-2.588390677651038
-2.587892762465627
-2.587874743551387
-2.587850420220922
-2.587833262882023
-2.587789340195114
-2.5877731992790456
-2.5877167427318546
-2.5877015840950226
-2.587637459459331
-2.5876232000381982
-2.5875544952164273
-2.58754105923288
-2.587469765883417
-2.5874570989186894
-2.5873845886696634
-2.587372657936457
-2.587299968287878
-2.5872887595722966
-2.5872167650628146
-2.5872062792736417
-2.587135800932643
-2.5871260506595015
-2.58705793384774
-2.587048939473299
-2.586984115723146
-2.586975900246964
-2.58691543920072
-2.586908020670835
-2.586853170002534
-2.5868465503559706
-2.5867987526326575
-2.586792902159809
-2.586753770174775
-2.586748608460065
-2.5867198484081295
-2.5867152270841123
-2.5866985441352064
-2.58669424936983
-2.586640527940298
-2.5866405279393976
-2.585335695925962
-2.5853197041445353
-2.5853031787192458
-2.585294271961819
-2.585287529986118
-2.5852626091055844
-2.5852609451973945
-2.585229894909401
-2.5852214604231247
-2.585191061816066
-2.5851775384261235
-2.5851477832212315
-2.5851307656621336
-2.5851016147355605
-2.5850825487995057
-2.5850539459987245
-2.5850341139632094
-2.5850059959245266
-2.5849865266185077
-2.5849588290136754
-2.5849407169801633
-2.584913378133703
-2.5848975031921793
-2.5848704659557713
-2.584857609092775
-2.5848308216351974
-2.5848216758124685
-2.5847950917580707
-2.5847902676305665
-2.5847638730613482
-2.5847638458084328
-2.5847429023998796
-2.5847375770134073
-2.5847276830785426
-2.5847184542072195
-2.584716699727258
-2.584701544668299
-2.584692353365577
-2.5804316489736823
-2.5804316489527483
-2.5804093769886265
-2.580400614217828
-2.580400081472615
-2.580391436988406
-2.5803827791598115
-2.5803743627583726
-2.580358206019237
-2.580349949536789
-2.5803268513158026
-2.5803187040270656
-2.5802891331912248
-2.5802810713169704
-2.580245479839177
-2.580237498065345
-2.580196353579006
-2.580188459542539
-2.580142259696019
-2.5801344715194343
-2.5800837549541957
-2.580076100649358
-2.5800214629374296
-2.5800139810262204
-2.5799561025675524
-2.579948843638265
-2.5798885386512636
-2.5798815676777584
-2.5798198689419847
-2.5798132679528694
-2.5797515716036945
-2.5797454412960548
-2.57968574801585
-2.579680204077031
-2.5796254900877127
-2.5796206433498927
-2.5795753008006135
-2.5795712003442106
-2.579541113543078
-2.5795376397304426
-2.5788829036269036
-2.578882903614326
-2.5787706898381173
-2.57875120773282
-2.5787333697759043
-2.5787146410211865
-2.5786748120570446
-2.578657152615274
-2.578601058621619
-2.578584422045191
-2.578516927411982
-2.5785011744868886
-2.5784256253005173
-2.578410631372998
-2.5783292363191412
-2.578314913628223
-2.5782291533900286
-2.5782154511174133
-2.578126358391447
-2.5781132593013263
-2.5780215960214363
-2.578009114665018
-2.5779154875944896
-2.577903671467928
-2.57780861715805
-2.577797551578556
-2.577701614883471
-2.5776914326422053
-2.577595264775419
-2.577586162192846
-2.5774906797115573
-2.577482940785797
-2.5773896291857907
-2.5773836559515724
-2.577295198576166
-2.577291525388305
-2.5772130943131555
-2.5772122808611293
-2.5771556956133854
-2.5771536030758915
-2.576723594006333
-2.5767235939928543
-2.5764885837540166
-2.576447838874636
-2.576431010225811
-2.5763931358872436
-2.5763491010486543
-2.576314229657091
-2.576253035097922
-2.5762205722924647
-2.5761488490400386
-2.5761181485085167
-2.576039845115598
-2.576010388376643
-2.575927889492726
-2.575899282570456
-2.5758141175130986
-2.575786055008166
-2.575699288824879
-2.575671521364987
-2.5755839743616056
-2.5755562834302377
-2.5754686670506106
-2.5754408447566317
-2.5753538627846884
-2.575325693379147
-2.575240140722972
-2.575211380666847
-2.5751282709605716
-2.5750986240846316
-2.575019391905871
-2.574988475986915
-2.5749153378761807
-2.574882641581566
-2.5748192754427155
-2.5747841235269946
-2.574736896483898
-2.5746985314778263
-2.5746780592174034
-2.574636237234423
-2.574392235245332
-2.5743922352308934
-2.5739660772320914
-2.573963712208585
-2.573908573219035
-2.5739079444202377
-2.573830149393425
-2.5738264621843894
-2.573737955448565
-2.5737317504050705
-2.573637887288756
-2.5736297245473048
-2.573533350099493
-2.5735236646291715
-2.5734263617004607
-2.573415466299536
-2.573318203921458
-2.573306318462476
-2.573209773603434
-2.5731970505816846
-2.573101777573375
-2.5730883198677605
-2.5729948533021867
-2.572980725415216
-2.572889659553628
-2.572874894014235
-2.572786964842851
-2.572771564982695
-2.5726877574759275
-2.5726716973904624
-2.572593404938492
-2.5725766274543838
-2.5725058987262344
-2.572488313135594
-2.5724282207759517
-2.5724097056225417
-2.5723648131729213
-2.572345243608283
-2.57232188051448
-2.5723012640109224
-2.572178917866802
-2.572178917856426
-2.571506926830538
-2.5715012546213525
-2.57147169630426
-2.5714654232863876
-2.5714195324239895
-2.5714125419969407
-2.5713563505512793
-2.57134869170683
-2.571286776865772
-2.571278562144487
-2.5712140675566992
-2.571205416750885
-2.571140478647209
-2.5711314983336644
-2.5710676224700313
-2.5710584017313947
-2.5709967145388792
-2.5709873261737903
-2.570928727750033
-2.5709192306874
-2.5708644847420636
-2.5708549262167617
-2.5708047111494507
-2.5707951282313264
-2.570750063800878
-2.570740484141478
-2.570701142238537
-2.570691583801619
-2.5706584891494826
-2.5706489582637064
-2.570622585522928
-2.570613071726037
-2.5705938515698836
-2.5705843167973517
-2.570572678933939
-2.5705630429446433
-2.5705595319924095
-2.570549695193414
-2.5705219995525335
-2.5705219995423465
-2.566770192572417
-2.5667598420901103
-2.566742811386988
-2.5667249238713006
-2.566719421638258
-2.56671450635847
-2.566697360313956
-2.5666901062589216
-2.5666738017062922
-2.5666553983124443
-2.5666442570830155
-2.566615918685194
-2.566609251333785
-2.5665723671404885
-2.566569396263022
-2.566525517991795
-2.5665253820984133
-2.5664779737352856
-2.566476221612526
-2.5664280130574553
-2.56642541235235
-2.566376428103966
-2.5663741225404495
-2.5663242490441722
-2.566323500823124
-2.56627483061362
-2.56627262954757
-2.5662295403849376
-2.566222869606806
-2.56618919187424
-2.5661764314560056
-2.5661554267615583
-2.5661349335799124
-2.5661298524289275
-2.5661138618603188
-2.5661001005018504
-2.566073644060306
-2.566057066436973
-2.564644254446628
-2.564644254445026
-2.5645941908883145
-2.564586756488563
-2.5645750574806216
-2.5645669678506646
-2.564543551599244
-2.5645344633050584
-2.564500983633101
-2.564490633081141
-2.564448938716783
-2.5644371597393976
-2.5643889844218886
-2.5643756935506015
-2.564322561589477
-2.564307731125915
-2.5642509472975887
-2.5642345800444364
-2.564175258215939
-2.564157367822142
-2.564096478076421
-2.5640770747384978
-2.56401549992894
-2.563994579847163
-2.5639331807710866
-2.5639107175970373
-2.563850413416216
-2.5638263502170138
-2.5637682296073363
-2.563742470527999
-2.5636879625126427
-2.563660365091327
-2.5636115190867272
-2.5635818938024726
-2.563541835439523
-2.5635099762694753
-2.5634835347395764
-2.563449346476277
-2.563443364457474
-2.563407187909125
-2.5629222744340425
-2.562922274433873
-2.562784956939372
-2.5627687243389223
-2.5627453709732455
-2.5627270889894813
-2.562687118744228
-2.562666333537631
-2.5626168220812233
-2.562593491943788
-2.562539114059198
-2.5625132985890957
-2.5624568917437873
-2.5624286199357824
-2.5623719576970565
-2.562341187022624
-2.5622854827798798
-2.5622520864467404
-2.5621982824866754
-2.562162039884869
-2.5621109798943844
-2.5620715609766145
-2.562024109398261
-2.561981047998967
-2.5619381947648434
-2.561890845532328
-2.5618538247735074
-2.5618012958438015
-2.561771748605754
-2.561712798317724
-2.5616930205902553
-2.561625904239269
-2.561619240191591
-2.561552948710886
-2.561541506662376
-2.56149818943541
-2.5614612837169632
-2.5614608472832434
-2.5613888486341083
-2.5613326856603873
-2.561134853050816
-2.5611348528740865
-2.560961023054425
-2.5609084415081553
-2.560851111677426
-2.5608407804604543
-2.5608167748754562
-2.5607666605208332
-2.560766603937064
-2.5607063358351114
-2.56068983311491
-2.560639996758291
-2.5606120328692388
-2.5605701378597816
-2.5605341633336036
-2.5604983562446457
-2.560456760183047
-2.560425683109488
-2.560380187928515
-2.56035282180927
-2.5603047347575454
-2.560280289515019
-2.560230667381561
-2.560208505835111
-2.5601582727706536
-2.5601378560660732
-2.56008790250408
-2.5600687480816067
-2.560020034740277
-2.5600016805530945
-2.559955375732121
-2.5599373469207336
-2.5598950387822006
-2.5598768180941764
-2.559840861732756
-2.559821881525435
-2.559795912831048
-2.5597756369665676
-2.5597649644096854
-2.5597432191025264
-2.559638117401378
-2.5596381173986598
-2.55935158843631
-2.5593384106194477
-2.5593237223168974
-2.5593122995545725
-2.5592846487232426
-2.559275058501871
-2.559239469468299
-2.5592314085065877
-2.559191325356477
-2.5591844628595974
-2.559142035766424
-2.5591361170451092
-2.559092687099275
-2.5590875396558292
-2.559043975560656
-2.5590394931030738
-2.558996391366553
-2.558992517692618
-2.558950320432188
-2.558947037285322
-2.558906105426771
-2.5589034238144053
-2.558864087633157
-2.5588620411251237
-2.558824640705311
-2.5588232789676497
-2.5587882018443335
-2.5587875823226067
-2.558755476792907
-2.5587553016140485
-2.5587275855612686
-2.5587265879806074
-2.5587046268150866
-2.5587028315366327
-2.55868737682241
-2.5586848906663193
-2.5586765948372445
-2.5586736247991695
-2.5586454660242453
-2.558645466023757
-2.5582355285741643
-2.55822926431274
-2.558219537422861
-2.5582086843001446
-2.558207181684875
-2.5582028987221266
-2.5581938609209898
-2.558193045409573
-2.5581822963465117
-2.5581778799456583
-2.5581689658349767
-2.5581623003622234
-2.5581545648307378
-2.558146789000191
-2.5581396796847065
-2.5581317162579964
-2.558124782282045
-2.558117364346384
-2.558110242994609
-2.5581039481833696
-2.558096349128654
-2.5580916319454197
-2.5580833226873967
-2.5580805415445713
-2.5580713352444056
-2.558070773809518
-2.5580624031622965
-2.558060519604099
-2.558055486442328
-2.5580509786382017
-2.558050066369654
-2.5580461740021074
-2.5580438304345083
-2.558042791859993
-2.5580360202602703
-2.5580307098286172
-2.55802689407957
-2.55802459581437
-2.5216262514323082
-2.521332202067321
-2.520601248819828
-2.520600966177517
-2.5205988195265037
-2.5205945312007607
-2.5205881106608614
-2.520579572959702
-2.520572891400435
-2.5205693800361706
-2.5205689395242237
-2.5205636064917134
-2.520556239555349
-2.520555652418479
-2.5205455964143924
-2.5205415121616612
-2.520533513500089
-2.5205248096024
-2.5205194814014362
-2.5205062022773954
-2.520503588816691
-2.5204859448937458
-2.5204857865615464
-2.520466691120567
-2.5204636974237515
-2.520446017914725
-2.520440129355616
-2.520424189409342
-2.5204153721729026
-2.520401581756028
-2.520389874036315
-2.520378742599166
-2.5203643542578136
-2.5203564802305527
-2.520340001183061
-2.5203359817116757
-2.5203189145563116
-2.5203187757654506
-2.5203073484940917
-2.520303655578878
-2.5201602701917354
-2.520102173338738
-2.5200045708016785
-2.5200045582009674
-2.519978510034878
-2.519951795059403
-2.5199158797553056
-2.5198999558653123
-2.519879976732269
-2.519873671635284
-2.5198500278927125
-2.519826836586087
-2.5198127444649083
-2.519776365494148
-2.5197699968452905
-2.519723029310006
-2.5197228758451415
-2.51967268213225
-2.519666778689615
-2.5196195561247046
-2.5196083720977813
-2.5195641210237656
-2.519547897141098
-2.5195067901022377
-2.5194855769912508
-2.5194479803542422
-2.5194216527875897
-2.5193881746003712
-2.519356429967762
-2.5193280036512635
-2.519290357927676
-2.519268375400738
-2.519224195777909
-2.5192106959969784
-2.5191594077258537
-2.519157251777673
-2.519111791107164
-2.5190992087562702
-2.5190799867226588
-2.51905130069835
-2.518766517342378
-2.518766448582097
-2.5187445068461103
-2.518666750280307
-2.518601311421486
-2.518551207047402
-2.518526436523266
-2.518472251945478
-2.5184466744893
-2.5184277927161784
-2.518367157818798
-2.518363814270858
-2.518296466145407
-2.5182787636152844
-2.5182190404692557
-2.518192085450777
-2.5181367672560513
-2.518104204484335
-2.5180507765409272
-2.5180155072936583
-2.5179617853807357
-2.5179264066400107
-2.5178702775034663
-2.5178373997909054
-2.5177766023028894
-2.5177491398006793
-2.517681033899174
-2.517662539428791
-2.517583811751128
-2.517578934898305
-2.5175003468764983
-2.5174851769960225
-2.5174298689690424
-2.5173854200402204
-2.5173721089010037
-2.5173332089085707
-2.5172849704752718
-2.5171846217452583
-2.517086257153145
-2.5169961403797716
-2.5168610003452536
-2.516860839817714
-2.5166612010215625
-2.5165866356972453
-2.516488153378091
-2.5164364446981846
-2.5164069119626795
-2.5163820107239725
-2.516353147707789
-2.5162817496943957
-2.5162723801986164
-2.5161982650140073
-2.516160730451319
-2.516106568626182
-2.516047751865222
-2.5160092327019745
-2.5159338628390437
-2.515907987259739
-2.5158193836245215
-2.5158040564892303
-2.515704613806114
-2.5156983786629095
-2.515591753460939
-2.5155898804280517
-2.5154849537379427
-2.515475582613501
-2.515378830716009
-2.515362249169113
-2.515274440757684
-2.5152506286593663
-2.5151732307114476
-2.515141845276835
-2.51507734026891
-2.515037685772501
-2.514990112480673
-2.5149411496242866
-2.5149169006335113
-2.5148659187816884
-2.5148575176370347
-2.514796277573628
-2.514658463136793
-2.5146584628530206
-2.5139975233898633
-2.5139534164929915
-2.5139511337007137
-2.513913344767808
-2.5138809299553815
-2.513851253348718
-2.5137948425275947
-2.513773184135799
-2.513699190784237
-2.513684657282706
-2.513598186529124
-2.513589779769635
-2.5134945708987138
-2.5134914318096095
-2.513391679571141
-2.513390230098052
-2.5132921074018846
-2.5132865908531294
-2.5131940398196986
-2.513184854552005
-2.513098684332767
-2.513086137619506
-2.5130072241790957
-2.5129915592134027
-2.512920878878396
-2.512902297211861
-2.512840941554139
-2.512819621296296
-2.512768796776535
-2.512744905064668
-2.5127059222434425
-2.512679617163402
-2.5126538855982057
-2.512625299258517
-2.5126143689773963
-2.512589256392667
-2.512583576899741
-2.512556385248249
-2.5125101159778893
-2.5125101158387575
-2.510044913022181
-2.5100246388827734
-2.509998223617667
-2.5099918193936275
-2.509978443908857
-2.5099477695511485
-2.5099463766994186
-2.509903247939459
-2.5098940977664705
-2.509850570095061
-2.509832561078935
-2.5097900120909262
-2.5097649546767644
-2.5097232974193315
-2.5096930438013754
-2.5096521390002393
-2.509618532909656
-2.509578207697951
-2.5095430612204788
-2.5095031256806095
-2.5094682132086206
-2.5094284745924273
-2.5093955342609955
-2.509355809433046
-2.5093265436386067
-2.5092866704010794
-2.509262738367136
-2.509222586043464
-2.50920558283397
-2.509165061934981
-2.509156480304132
-2.5091167250425284
-2.5091155503925737
-2.509087437747322
-2.5090753992400185
-2.509069492252618
-2.5090457819996623
-2.509027617842028
-2.5057073239883505
-2.505624709422189
-2.5055175901857605
-2.505517589171962
-2.505476135814605
-2.505444592291432
-2.5054312896057263
-2.5054020693887087
-2.5053970945931154
-2.5053566231281392
-2.505335783157751
-2.5052972840667835
-2.505262325638783
-2.5052259048228573
-2.5051782289896596
-2.50514407551421
-2.505084899247346
-2.5050532420794838
-2.504983659268004
-2.504954760484782
-2.504875766389885
-2.504849932261735
-2.5047624425670074
-2.5047400447305495
-2.5046449252127063
-2.5046264298692122
-2.504524550872366
-2.5045105563000494
-2.5044028951664137
-2.5043941770799716
-2.5042820156311087
-2.504279572327873
-2.504169948454652
-2.5041648869614272
-2.504070059861093
-2.5040561776417065
-2.503986980110751
-2.503963483047793
-2.5039303137933424
-2.503898418264684
-2.5029928683791116
-2.502992863976633
-2.502935488795084
-2.5028202310119694
-2.502807035723406
-2.5027238207421103
-2.5027135622688736
-2.502630768992911
-2.502603128892467
-2.502522039571516
-2.5024684342666057
-2.502397468927751
-2.50232487679867
-2.5022627177140153
-2.5021753595441263
-2.5021212132786252
-2.502021650401793
-2.501975169858678
-2.501864902467469
-2.5018261315983903
-2.5017059237080552
-2.5016752826344657
-2.5015453289795215
-2.5015236434537655
-2.5013836369887343
-2.501372219329264
-2.5012221450168646
-2.501221347191318
-2.5010748675354364
-2.501059024994031
-2.5009324228987992
-2.500897436249746
-2.50079789343293
-2.500737824394422
-2.50067616245411
-2.5005826029814746
-2.5005749832058655
-2.500505643216129
-2.500437402963688
-2.500317868337013
-2.49986559367484
-2.499865556058873
-2.499687499216193
-2.4995835338789645
-2.499442499170334
-2.4992883834174675
-2.4992319815720667
-2.4991827616378504
-2.4991287449447595
-2.499094634457462
-2.4989800430480495
-2.498966552429663
-2.4988484958085317
-2.498803256232644
-2.4987061283558196
-2.498639717740587
-2.49855674693998
-2.4984765570507266
-2.4984027534252933
-2.498314313318852
-2.498245729783232
-2.498153541424929
-2.4980867814329506
-2.4979948948200232
-2.4979267424693186
-2.497839224984677
-2.4977663091399833
-2.497687729844636
-2.4976061436868298
-2.4975422010874886
-2.4974469827483397
-2.497405455921453
-2.497289795171181
-2.497282082214813
-2.497179561852741
-2.4971360803123823
-2.497109134467983
-2.496988544712655
-2.496852884916789
-2.4967431259095054
-2.4965471190352893
-2.496547109585946
-2.496010522605854
-2.4959331477723246
-2.495923891826656
-2.4958738489663728
-2.495817965422997
-2.4957906730028827
-2.495684595250206
-2.495684525704628
-2.495564251804138
-2.4955429789920043
-2.4954357079014673
-2.4953977362580115
-2.4953025891544844
-2.495251224332004
-2.495167295546858
-2.4951048139573646
-2.495031492295676
-2.4949594245767712
-2.4948964450696267
-2.494815772705263
-2.4947632285463186
-2.4946745063004703
-2.4946328733736003
-2.494536296564312
-2.4945064934139327
-2.494401923464998
-2.494385425529536
-2.494272382178617
-2.4942714144223834
-2.494166880421001
-2.494149042449116
-2.494075303747466
-2.4940339093524524
-2.494001684461901
-2.493952694632882
-2.493930061314153
-2.493842375415337
-2.493778806069228
-2.4936973317217856
-2.493697326525292
-2.492872367736844
-2.492861323788536
-2.4928371585358975
-2.4928328390946346
-2.4927874854550534
-2.492782648615124
-2.492729422343187
-2.492715046205524
-2.4926632187826
-2.492640102190259
-2.492592690654278
-2.4925620153246073
-2.492520689221963
-2.492483622940414
-2.492449276692646
-2.492406838419721
-2.492379952760719
-2.4923329917361725
-2.4923138334636405
-2.4922630467331697
-2.4922517744420274
-2.4921977321785205
-2.4921944522141
-2.4921424176405136
-2.4921376199763183
-2.4920961323228887
-2.4920831720409953
-2.4920559957547272
-2.492034768569737
-2.4920223692587182
-2.4919956010423063
-2.4919927251377816
-2.49197605103186
-2.491964095561562
-2.4919573030000093
-2.4919287152963028
-2.4919071311916703
-2.491892683127158
-2.4918847029929907
-2.491884567263873
-2.4808291432889025
-2.480819364355201
-2.4808031746602044
-2.480780738673378
-2.4807522902810795
-2.4807181370655984
-2.4806786667627967
-2.4806667003486105
-2.4806562809013455
-2.4806390175090134
-2.4806343566564215
-2.480615065224393
-2.4805857868578998
-2.480584644477168
-2.480548045176141
-2.4805336585668267
-2.4805056331141646
-2.4804788183956004
-2.4804578596417217
-2.480422289418207
-2.4804052759244435
-2.480365308259161
-2.4803485535147547
-2.4803093643694667
-2.4802885133934165
-2.480256231329538
-2.4802261658773577
-2.4802079694733306
-2.480166865751834
-2.480162763317981
-2.480135269207813
-2.4801152982433594
-2.4800998651010113
-2.480039407634792
-2.4799837568422087
-2.479935693937797
-2.479898253859111
-2.479874334977007
-2.4783301066790675
-2.478330106584263
-2.478268802961778
-2.478241866229527
-2.4782118373360946
-2.478193639124547
-2.4781805109804282
-2.478127558575173
-2.4781263839024166
-2.4780525981198815
-2.4780465556894997
-2.4779627299863862
-2.4779531483681962
-2.477859870636234
-2.4778495189867784
-2.47774655408468
-2.477737543549648
-2.477624831066065
-2.4776188373123817
-2.4774963749431427
-2.4774948193363038
-2.4773667901804917
-2.4773625912105914
-2.4772360237011886
-2.4772247234616978
-2.4771038840722994
-2.477083961117628
-2.4769719931682324
-2.476941564730173
-2.4768424964170594
-2.4767990389194554
-2.476718513002398
-2.4766584094627273
-2.476604897210884
-2.4765227127027107
-2.476509356153364
-2.4764432310676048
-2.47639688959418
-2.4762892942150385
-2.4762132881533625
-2.4755158627627436
-2.475515862615912
-2.475348623472134
-2.4752884685320184
-2.4751935596138037
-2.4751099399604843
-2.4750769577114076
-2.475037255644204
-2.4749476087925384
-2.47492807911048
-2.4748109430638716
-2.474795000118397
-2.474670387953409
-2.4746470228261535
-2.474528304128768
-2.4744895990984266
-2.474386507312175
-2.47432598395514
-2.474246567623245
-2.474158213138137
-2.474109995667657
-2.4739876584017964
-2.4739783711499554
-2.473853440359015
-2.4738153379105787
-2.47373719090488
-2.473642103833899
-2.4736318977286933
-2.4735401201061276
-2.4734687769585513
-2.473464616608672
-2.4734081429635184
-2.473373123085055
-2.473296273637815
-2.4731257677486975
-2.472958950035253
-2.4727985034108566
-2.4726490398200753
-2.4725189721324186
-2.47242375701549
-2.472155781846082
-2.471867924420982
-2.47133647551736
-2.4712497096311146
-2.471126073221967
-2.4709803776571633
-2.4708217801255343
-2.4706555376059303
-2.4704847293699377
-2.470398755089092
-2.470365448424359
-2.4703114010057243
-2.4703112728547834
-2.470238588578171
-2.4701493867982367
-2.4701364682053106
-2.4700463016803478
-2.4699612971925937
-2.469931761835175
-2.4698079996200772
-2.469786604230684
-2.4696770126814354
-2.46961322879983
-2.4695405830993677
-2.469442133882574
-2.4694003341518833
-2.469274572688666
-2.4692578149946574
-2.4691146161331576
-2.4691123547497416
-2.4689725335690045
-2.4689583222015767
-2.4688338208060507
-2.468817242689781
-2.4687016013810226
-2.4686974103545762
-2.468612697220785
-2.4685805613159895
-2.468478064906431
-2.4684056065632785
-2.46821604676989
-2.468216046703954
-2.467497637468802
-2.4674236905417577
-2.46731688995376
-2.467260331619398
-2.4671965373136246
-2.467190115994565
-2.4671027782917454
-2.4670520561627076
-2.466989614662729
-2.46690806496447
-2.4668647450327708
-2.4667614879487596
-2.466733269193476
-2.466614560844782
-2.4665985659853775
-2.4664689319337216
-2.466462993775335
-2.466328339591713
-2.4663259644707987
-2.466196096376542
-2.4661869244865495
-2.466067640502959
-2.4660531123745177
-2.4659443543192183
-2.4659259689917388
-2.4658277175804204
-2.4658071703982567
-2.465719376892711
-2.4656987122846887
-2.4656211901684357
-2.4656029718047843
-2.465535233058684
-2.4655227261028076
-2.4654637561265043
-2.4654611274190548
-2.4654216804411777
-2.46540913210268
-2.4653739934051098
-2.4653003773496005
-2.465300377315998
-2.4636371163498954
-2.463611863645399
-2.463572226644499
-2.463521165187292
-2.4634618169705655
-2.463397096201502
-2.463388752109299
-2.463367436809658
-2.4633336477229735
-2.4633295156475525
-2.4632895783547046
-2.4632611591440297
-2.4632376818795994
-2.463193726333213
-2.4631803701984865
-2.4631285992997105
-2.463119839124183
-2.4630669067472137
-2.463057999408791
-2.463009576960342
-2.4629964734540404
-2.462957378218614
-2.462936623390743
-2.4629109481862086
-2.462879588932842
-2.462870814538663
-2.462837408988081
-2.462826323982851
-2.4628110765107856
-2.4627920811935415
-2.4627806097690126
-2.4627776275339293
-2.462734167845488
-2.4626965004048187
-2.4626650807315658
-2.462640273162458
-2.462622356641499
-2.4626115283613887
-2.4527197845588464
-2.452339997345614
-2.4518623220635383
-2.451862319420713
-2.4518454422689127
-2.4518284612954
-2.4518036707646376
-2.451802540725806
-2.4517882749995397
-2.451768144612946
-2.4517634676682514
-2.4517298989026886
-2.451725598286746
-2.4516880941565002
-2.4516752468818646
-2.4516385295608436
-2.451617485770928
-2.4515816887405038
-2.451552772979908
-2.4515180971823054
-2.4514816430178104
-2.45144834956608
-2.4514047296334622
-2.451373141744025
-2.451322805049858
-2.451293317437062
-2.451236847569216
-2.4512099422897387
-2.451148158466957
-2.451124424721785
-2.4510585652738217
-2.4510387140981376
-2.450970772838858
-2.450955617733007
-2.4508889377627012
-2.4508792623151074
-2.4508194348577375
-2.450815582469919
-2.450772238876015
-2.4507711906002685
-2.450027056393181
-2.4498558119862035
-2.4498363441289843
-2.449836342454102
-2.4497043863189427
-2.4496279807571497
-2.449613386012199
-2.4495445227867156
-2.449524367528899
-2.4494477718410126
-2.4494038270760754
-2.4493331009574404
-2.4492719544495065
-2.44920631488433
-2.4491320267450147
-2.449070922231168
-2.4489861079392394
-2.4489291887803826
-2.4488356003533007
-2.448782691418379
-2.448681540405494
-2.4486326265416634
-2.448524773168237
-2.4484800003707954
-2.4483660734409103
-2.4483257686147732
-2.4482062552527353
-2.44817096981926
-2.4480463092806644
-2.448016895899523
-2.447887629577918
-2.4478653648673925
-2.4477324600175887
-2.4477192178868488
-2.4475848751328093
-2.4475832769509145
-2.447466109485353
-2.4474530381443516
-2.4473823099911343
-2.447353746229381
-2.446698330505203
-2.4466983289250495
-2.4464964195058236
-2.4463768411318654
-2.4463049679586
-2.4462493321263694
-2.446218413631779
-2.446109012494889
-2.4460985997747713
-2.445972241256339
-2.445936372386957
-2.4458199692158136
-2.4457677505656346
-2.445658408612773
-2.4455953244024546
-2.4454909872291593
-2.4454205921880585
-2.4453197351969567
-2.4452445404954006
-2.445145957244895
-2.4450679171400354
-2.4449705743988908
-2.444891383713952
-2.444794314407052
-2.444715625825986
-2.4446178363056474
-2.444541464997418
-2.444441836992439
-2.4443700134309805
-2.444267179755153
-2.4442029351070795
-2.4440951024718722
-2.444042937736957
-2.4439276272058037
-2.443894752078025
-2.4437684780016955
-2.4437670391374677
-2.443675208219752
-2.443625331484643
-2.443515212912342
-2.4431634297164706
-2.443163429159877
-2.4425910542903266
-2.4425370090830114
-2.442513416800285
-2.4424735035436624
-2.442389116202955
-2.442364646627993
-2.4422409839247137
-2.4422289533233608
-2.442080974465541
-2.4420781681611485
-2.441918855045259
-2.441914850438276
-2.4417547324642683
-2.441745600391594
-2.441588051984249
-2.441574955972497
-2.441420309593163
-2.4414040576749954
-2.441252620293518
-2.441233773637448
-2.441085935304876
-2.441064876391243
-2.4409211927633656
-2.440898166362799
-2.440759454392302
-2.4407345896156656
-2.4406020702686835
-2.4405753880745573
-2.4404509230323037
-2.4404223311515896
-2.440308832838845
-2.4402781100349173
-2.4401802578537883
-2.440147037843812
-2.440072465002392
-2.440036279322064
-2.439997031456353
-2.4399577054327115
-2.439753608122446
-2.4397536080443967
-2.4387537099980428
-2.43875239944746
-2.43870290035691
-2.4387013720897435
-2.438623847687248
-2.4386195224701317
-2.438523594316193
-2.4385169648926306
-2.4384102229185394
-2.4384018031253394
-2.4382896608200153
-2.4382798805721215
-2.43816596099478
-2.4381551563989126
-2.4380419478796718
-2.438030376883138
-2.437919712295279
-2.4379075731120405
-2.4378009266358953
-2.4377883726734155
-2.437687036458846
-2.4376741869237333
-2.4375793755682342
-2.437566322289964
-2.4374792333777417
-2.43746604442826
-2.4373878906815527
-2.4373746109935395
-2.437306633562044
-2.4372932821166513
-2.4372367549780187
-2.437223317085067
-2.437179563066743
-2.437165975050801
-2.437136444516712
-2.4371225735189883
-2.43710906959564
-2.43709475396115
-2.4370388803138345
-2.437038880280491
-2.4331394803060693
-2.4331295139903397
-2.4331209842515773
-2.4331109945104923
-2.433090753910714
-2.433080728842465
-2.4330496332822453
-2.43303956577304
-2.4329987148869083
-2.432988603227565
-2.4329392745604848
-2.4329291222561222
-2.432872712530551
-2.4328625275133984
-2.4328005083791644
-2.4327903018883545
-2.4327241932596047
-2.432713978616492
-2.432645339170769
-2.4326351305993197
-2.43256556258915
-2.4325553741481754
-2.4324865380098823
-2.432476382639948
-2.4324100153222172
-2.4323999039731183
-2.4323378328372134
-2.432327773633936
-2.432271914993906
-2.432261912422268
-2.4322142410139715
-2.432204295165407
-2.432166770326812
-2.4321568763320918
-2.432131316366213
-2.4321214642434668
-2.432109375981676
-2.4320995511595283
-2.429824776373079
-2.429757961221978
-2.429519382108794
-2.4295193820833596
-2.4294550692324846
-2.429449516610915
-2.429423026108492
-2.429417424333337
-2.4293741731602037
-2.429368432915448
-2.4293113680420584
-2.429305486495973
-2.429236940045015
-2.429230966497234
-2.429152920635381
-2.4291469217552293
-2.4290610995115833
-2.429055142934965
-2.428963052008836
-2.428957201144797
-2.4288601746634657
-2.4288544887348755
-2.428753734198048
-2.428748270529144
-2.4286449321096533
-2.428639749487079
-2.42853499246734
-2.4285301552941743
-2.428425291524718
-2.4284208748213425
-2.4283175678848195
-2.4283136629164077
-2.428214288497821
-2.428211006938173
-2.428119298436925
-2.428116766034646
-2.4280388651098446
-2.4280371760905046
-2.4279826507493434
-2.4279817290433274
-2.4273040327741415
-2.4272676472592583
-2.427264875942501
-2.4272648692869185
-2.4270855159695883
-2.4270775585972673
-2.427016818165792
-2.427009106702226
-2.426926176405024
-2.4269189079086706
-2.4268238893935754
-2.4268171262010987
-2.426715094929884
-2.4267088411927014
-2.4266025717067934
-2.426596818074577
-2.4264879604906446
-2.426482700786599
-2.426372315326885
-2.4263675524920103
-2.4262563757305373
-2.426252124614739
-2.426140716223996
-2.4261370061846
-2.426025842344357
-2.4260227210900926
-2.42591227008559
-2.42590980996782
-2.4258006180617873
-2.4257989264146107
-2.425691752605665
-2.425690988498793
-2.4255874670289503
-2.4255870671388853
-2.4254909967402902
-2.4254890888282667
-2.425406714721
-2.4254028644043206
-2.4253447314581424
-2.4253387347990136
-2.424981123969596
-2.424981123862328
-2.4248206439986046
-2.424795537363441
-2.424715475285973
-2.42470122538422
-2.4246458866601457
-2.4246334581428743
-2.42456095564627
-2.424550136393193
-2.424469472441218
-2.424459895670188
-2.4243751597561003
-2.4243665412253264
-2.4242798413133464
-2.4242719805612833
-2.424184526653455
-2.4241772817929297
-2.4240898411995513
-2.4240831089789685
-2.423996220497461
-2.423989923074496
-2.4239040109968863
-2.423898087286201
-2.423813533595976
-2.423807933375389
-2.423725137599628
-2.4237198171322376
-2.4236392659297015
-2.423634184189313
-2.423556559469553
-2.4235516741160508
-2.4234780552692703
-2.423473317321838
-2.4234056034599125
-2.4234009494502917
-2.4233427837177643
-2.4233381269393273
-2.423296692324485
-2.4232919385287066
-2.4231313392035423
-2.4231313391958618
-2.4228589181306535
-2.422853345175915
-2.422813208615736
-2.422811662007703
-2.4227685340902516
-2.4227667068262724
-2.422713420744546
-2.422711546498416
-2.422653629214323
-2.4226517867515516
-2.422592011391252
-2.4225902361319354
-2.422530085992702
-2.4225283962179445
-2.422468730664065
-2.4224671363350727
-2.422408501815008
-2.4224070083673026
-2.4223497919474726
-2.4223484021869526
-2.4222929150600154
-2.422291630206872
-2.4222381608102435
-2.4222369811080897
-2.4221858380498076
-2.4221847631163236
-2.4221363212491904
-2.4221353502192917
-2.4220901128482537
-2.4220892442476987
-2.4220479386679563
-2.422047169774582
-2.4220109010860824
-2.422010226194524
-2.4219807206164083
-2.421980127202991
-2.4219600609135226
-2.421959523920564
-2.4219070929893887
-2.4219070929887256
-2.421615808092986
-2.4216143638331094
-2.4216039660912356
-2.4216034284279853
-2.4215891983615774
-2.4215886594770772
-2.4215698684481786
-2.4215693836735213
-2.4215480523602326
-2.4215476333361576
-2.4215251975234784
-2.4215248444992907
-2.4215022701622466
-2.42150197967564
-2.421479906938199
-2.4214796743337446
-2.421458531432442
-2.4214583517645742
-2.4214384311203623
-2.4214382994747354
-2.421419805700622
-2.4214197172976406
-2.421402797198938
-2.4214027474173863
-2.421387508973757
-2.4213874933496164
-2.4213740323201858
-2.4213740180951255
-2.4213624239072105
-2.4213623839711667
-2.421352717212647
-2.4213526554855576
-2.4213449595712806
-2.4213448796473678
-2.421339213636747
-2.4213391186481448
-2.421335598417383
-2.4213354914946073
-2.4213277033050593
-2.4213277033047302
-2.337179784171314
-2.3371767276135054
-2.337171651605313
-2.3371698390346833
-2.3371667611359683
-2.337164584536302
-2.337161648964639
-2.337155568260302
-2.337154529998569
-2.337145444777435
-2.33714466043348
-2.3371344492053936
-2.3371319378770568
-2.3371216178737844
-2.3371175012835335
-2.337107048731393
-2.337101481713807
-2.3370908695674673
-2.337084049489042
-2.337073246946321
-2.337065426245813
-2.337054398428194
-2.337045901024335
-2.3370346090661043
-2.337025851104321
-2.3370142530980473
-2.3370057674408486
-2.3369938210024754
-2.336986282076626
-2.3369739496828084
-2.3369681893687124
-2.336955447826133
-2.3369524430750714
-2.3369400997946355
-2.3369392977568983
-2.3369321788569684
-2.3369266013290715
-2.3369184343391445
-2.336359475241814
-2.3363594752413808
-2.336320780756015
-2.3363183333587796
-2.3363061425739593
-2.336303951074737
-2.336282453324045
-2.3362806282022763
-2.3362507942087065
-2.336249382778398
-2.3362123189878856
-2.336211323403034
-2.3361680667637708
-2.336167463480457
-2.3361189083651426
-2.336118663191484
-2.3360656336524355
-2.336065555392548
-2.33600896690076
-2.3360085939106576
-2.3359491746116983
-2.3359485252888925
-2.335886730044249
-2.33588580886879
-2.3358221149687797
-2.335820908465029
-2.335755879176371
-2.3357543504350384
-2.335688727869095
-2.3356868086931093
-2.335621666065565
-2.3356192462839616
-2.3355562549424875
-2.3355531710820046
-2.335495072926581
-2.3354911092374913
-2.3354424632205966
-2.335437411991787
-2.335405237994162
-2.3353991195373114
-2.334994923705544
-2.3349949237031953
-2.3348416665635128
-2.334824452150629
-2.3347978748111977
-2.334781543999864
-2.3347342153074537
-2.3347186751466213
-2.334657676330349
-2.334642557669613
-2.334572695621128
-2.3345575952907147
-2.334481866257691
-2.3344664148322107
-2.3343867348938967
-2.3343705924100164
-2.3342882874516833
-2.334271121758663
-2.3341872151325416
-2.334168677396545
-2.3340840650133132
-2.3340637634428045
-2.3339793366115082
-2.3339568055025413
-2.33387355963804
-2.3338482189425207
-2.333767378323626
-2.3337384768175022
-2.333661670163138
-2.3336282024812496
-2.3335577428675154
-2.333518329156709
-2.3334576895992325
-2.3334104183673996
-2.3333650428134045
-2.3333073586169117
-2.3332858774357605
-2.3332299732981254
-2.333214962548659
-2.333145165708646
-2.3328549603696196
-2.3328549603253848
-2.3325179315038325
-2.3324455423985744
-2.3324247843018164
-2.3323657597452994
-2.332346921886922
-2.332280349037628
-2.3322340358271423
-2.3321781125096233
-2.3321129565346745
-2.332065215179078
-2.331986761337281
-2.3319453307955045
-2.3318571440704616
-2.3318206832471002
-2.331725148719652
-2.3316927032894097
-2.3315915109252217
-2.331562397943976
-2.3314568339778527
-2.3314305626620704
-2.3313216971797037
-2.3312979171648665
-2.331186743688737
-2.33116521226134
-2.3310527783759514
-2.331033340778244
-2.3309209072993147
-2.330903486137044
-2.3307927663275967
-2.330777356372785
-2.330670920778004
-2.330657581960224
-2.3305595669162114
-2.330548394779787
-2.3304656494913183
-2.3304566667060267
-2.3303999923432386
-2.330392863338495
-2.3301726765105073
-2.3301726765093718
-2.329403211431889
-2.3293780003497964
-2.3293394320213117
-2.3293157705532463
-2.3292469272635556
-2.329225105333493
-2.329136374846263
-2.3291163314857855
-2.3290150352080015
-2.3289966090548244
-2.3288874907010775
-2.328870525871732
-2.328756706962983
-2.328741081654759
-2.3286247574449397
-2.3286103857691023
-2.328493253126214
-2.3284800799463166
-2.3283635976026607
-2.3283515923661673
-2.3282371485841877
-2.328226299349804
-2.328115330231852
-2.3281056375428206
-2.3279997177665996
-2.3279911874899466
-2.3278921005579956
-2.3278847346331633
-2.327794517261929
-2.327788301411978
-2.3277092451437182
-2.3277041331435915
-2.3276387229043536
-2.3276346178643066
-2.3275854203447617
-2.327582153591159
-2.32755177095982
-2.3275490790637274
-2.327463515494081
-2.327463515493914
-2.325079332522131
-2.325052057949704
-2.3250408434294103
-2.325013966281381
-2.3250084277045753
-2.3249709335721453
-2.324950801786046
-2.324914031238887
-2.3248818981748873
-2.3248459057327797
-2.3248044886820147
-2.3247692714883503
-2.324721208929887
-2.3246867243354674
-2.3246344722962666
-2.324600653676722
-2.324546453640063
-2.3245132224715097
-2.324459109346641
-2.3244263835346315
-2.324374210047759
-2.324341909286265
-2.324293372110252
-2.3242614211481496
-2.3242180808053603
-2.3241864113256225
-2.324149702173283
-2.3241182537614264
-2.3240894829865213
-2.3240582034664676
-2.324038539766594
-2.324007385038636
-2.3239978390432947
-2.3239681721403787
-2.3239667724720836
-2.323950128633176
-2.323937163505928
-2.3239191526665928
-2.317564655517013
-2.3175646555109277
-2.317514610901494
-2.3175119302059732
-2.317494280364552
-2.317492421895169
-2.317457964168679
-2.3174560662623604
-2.3174064000735113
-2.3174044128092506
-2.3173407737719294
-2.317338655825208
-2.3172621123849986
-2.3172598318988302
-2.3171714506530554
-2.3171689825088326
-2.3170698744458558
-2.317067198198745
-2.316958532070234
-2.316955630295835
-2.316838646057359
-2.3168355028061787
-2.3167115404152985
-2.3167081396238838
-2.3165786957036163
-2.316575019489958
-2.3164418489288985
-2.316437875761465
-2.3163031666565868
-2.3162988695369036
-2.3161655394928955
-2.316160884757664
-2.3160330712352044
-2.316028019913587
-2.315911832180369
-2.3159063491043423
-2.315810757094336
-2.3158048383881034
-2.315741786392589
-2.315735513565388
-2.3144849155451617
-2.3144849155448735
-2.3142435808560244
-2.314242527163772
-2.314173058562722
-2.314172838437234
-2.3140596862460585
-2.314058649931071
-2.3139156000147594
-2.3139139670134052
-2.3137510173123848
-2.3137488970294315
-2.3135724905019117
-2.313569945821506
-2.313384175888816
-2.313381241581575
-2.3131888075190448
-2.3131854969811982
-2.3129882926984435
-2.3129846005635226
-2.3127840702185756
-2.312779972467831
-2.3125773405787786
-2.3125727924020993
-2.312369238537227
-2.312364169614002
-2.312160999583485
-2.3121553059363835
-2.3119541744646597
-2.3119477054724844
-2.311750976086563
-2.311743514973774
-2.311554923172838
-2.311546161460191
-2.3113721166433288
-2.311361637455801
-2.311213709892943
-2.3112010585239164
-2.3110994582909936
-2.3110845530251027
-2.310267918518374
-2.310267918505358
-2.309768808791128
-2.3097490540719723
-2.309660189435055
-2.309643382491104
-2.3095025795130395
-2.3094885700528547
-2.309315869545913
-2.3093039506055706
-2.3091123718471094
-2.309101908875348
-2.308898866906287
-2.3088893918481306
-2.308679171951815
-2.308670345236429
-2.308455593064107
-2.308447158560286
-2.3082296596262224
-2.308221411508069
-2.308002508799051
-2.307994268221961
-2.3077751102713404
-2.307766707633792
-2.307548427236744
-2.307539686493985
-2.307323572278165
-2.307314294271501
-2.30710201322772
-2.3070919549281936
-2.306885911493921
-2.3068747578154136
-2.3066787526442267
-2.3066660792940654
-2.3064865999844946
-2.3064718406209894
-2.3063205638264614
-2.3063030695406486
-2.306200632269379
-2.306180167646843
-2.3056784835367625
-2.3056784835192348
-2.3048179406869234
-2.3048047986403546
-2.3047080605439563
-2.304696714413551
-2.3045513451865234
-2.3045420375595023
-2.3043670677472528
-2.3043595737296845
-2.3041672211604958
-2.3041612185581903
-2.303958669832284
-2.3039538812393987
-2.3037454370137085
-2.3037416540349334
-2.303530057948481
-2.3035271322686848
-2.3033142993082327
-2.303312129565724
-2.303099552035228
-2.3030980735127033
-2.3028870698619697
-2.302886247861037
-2.302678144765004
-2.302677971241337
-2.302474767696715
-2.302474274715491
-2.302278574669511
-2.302277369290952
-2.3020920405477616
-2.3020900456542512
-2.301918981037662
-2.3019160861296712
-2.301765077019755
-2.301761146504659
-2.3016388510792525
-2.3016337709455432
-2.3015526201674095
-2.3015464572318005
-2.301294695169252
-2.3012946951613693
-2.2999372442112254
-2.2999331666137213
-2.2998710910449582
-2.2998673417888313
-2.299772703850478
-2.299769400849098
-2.299653132781703
-2.299650316117592
-2.2995212590682783
-2.299518923432958
-2.29938345606287
-2.2993815771362285
-2.2992441799337047
-2.29924272891937
-2.2991066096990362
-2.29910555974543
-2.2989731110486797
-2.2989724395188205
-2.2988455330117055
-2.2988452219144557
-2.2987254240372104
-2.2987253883656575
-2.2986143322924075
-2.298613959833336
-2.298513062003518
-2.2985123599424715
-2.298422588602779
-2.298421562544058
-2.298343763484047
-2.2983424191156088
-2.298277328061366
-2.298275673226058
-2.2982239482255173
-2.298221994977847
-2.298184317838084
-2.2981820849316335
-2.2981594202368374
-2.2981569483481863
-2.2980993933929383
-2.2980993933890623
-2.2882454302887547
-2.288231516408077
-2.288225191296018
-2.288211263178874
-2.2881917908696985
-2.288177837644899
-2.2881457194683965
-2.288131728247459
-2.2880876524914475
-2.2880736076619397
-2.288018442409257
-2.288004325017898
-2.2879391130417113
-2.287924900285136
-2.287850858663797
-2.28783652351109
-2.2877550506994884
-2.2877405616905846
-2.287653254651663
-2.287638575957013
-2.2875472594862916
-2.287532351384836
-2.287439120576687
-2.2874239406204633
-2.287331214712636
-2.2873157199985514
-2.2872263001334283
-2.28721045126674
-2.287127563976036
-2.2871113313772717
-2.2870386223329984
-2.2870219952496114
-2.2869634169338684
-2.2869464144400955
-2.286905941657991
-2.2868886227532834
-2.28686976277534
-2.286852230128754
-2.2838637526433225
-2.2838637526433008
-2.2837344890882862
-2.283733860202842
-2.2836886578011444
-2.2836886181377434
-2.283612327702753
-2.283611782392957
-2.2835086042079813
-2.2835074716836203
-2.2833817526200693
-2.2833800209423813
-2.2832357905556804
-2.2832334540692165
-2.283074251754825
-2.2830713119969954
-2.2829001665456743
-2.2828966277933214
-2.282716119262779
-2.2827119836790355
-2.2825243466145038
-2.2825196102355894
-2.282326858694609
-2.282321508133384
-2.282125580948932
-2.282119590327318
-2.281922532661053
-2.281915860275095
-2.2817200798881356
-2.2817126643183685
-2.2815213377044605
-2.281513093835458
-2.281330860640519
-2.2813216786733435
-2.2811558433344903
-2.281145602323502
-2.2810079784937765
-2.2809966078568893
-2.2809050053271007
-2.2808926505363654
-2.2796776438185375
-2.279677643818078
-2.2793028579140637
-2.2793023088607924
-2.2792016974475726
-2.2791995365692888
-2.2790510795079437
-2.2790472229325642
-2.2788684067432623
-2.2788629866928756
-2.2786658621537765
-2.278658991063635
-2.2784508702876916
-2.2784425965330617
-2.2782279287656735
-2.2782182368567656
-2.277999888730256
-2.277988703546369
-2.2777686893074978
-2.2777558757183387
-2.277535775336495
-2.2775211312736987
-2.2773023541045427
-2.2772855956958638
-2.2770695820591116
-2.2770503182859256
-2.276838742514813
-2.276816434854402
-2.2766114738735093
-2.2765853737656276
-2.276390137146054
-2.2763591924701863
-2.276178490922296
-2.27614122143221
-2.275983005470703
-2.2759374112131288
-2.275815330476681
-2.27575919421267
-2.2756956404220303
-2.2756284686783963
-2.2749552653366667
-2.27495526530378
-2.2743421416056027
-2.2742660920468545
-2.274219518155913
-2.274154349842969
-2.274049648325592
-2.2739953766140575
-2.2738541623396604
-2.273808663534043
-2.273645061166121
-2.2736062416932423
-2.273428714210909
-2.273394978360963
-2.2732086779115384
-2.2731788768758077
-2.272987114520502
-2.272960422611358
-2.272765482845876
-2.2727412970039
-2.2725448955590695
-2.272522765678431
-2.272326328852097
-2.272305910982825
-2.272110775146616
-2.2720917997137224
-2.271899393643067
-2.271881643006041
-2.2716937091019114
-2.2716770004190745
-2.271495930336944
-2.2714801004250518
-2.271309513990277
-2.271294402675815
-2.271140192973336
-2.271125621042271
-2.2709977327678756
-2.270983476818808
-2.2708979941618197
-2.2708838049980438
-2.2705326185310177
-2.270532618527789
-2.2695767776222513
-2.269566430631594
-2.2694897623695245
-2.269479714567098
-2.26936563850844
-2.2693559778158434
-2.2692198882639856
-2.269210645523477
-2.269062599753967
-2.2690537827728194
-2.268899880561153
-2.2688914901071127
-2.2687355082908356
-2.2687275443883554
-2.2685719814789302
-2.2685644458836562
-2.268411114315844
-2.268404011517525
-2.2682543761916945
-2.2682477137391674
-2.268103100062023
-2.268096888382798
-2.2679586265238805
-2.2679528780889164
-2.2678224185884064
-2.2678171459950685
-2.267696163383672
-2.2676913756025847
-2.267581861666214
-2.2675775573529204
-2.2674818874400238
-2.26747804416627
-2.267398978805966
-2.267395538399385
-2.2673361239085
-2.2673329797878026
-2.267296390581888
-2.2672933988309723
-2.267189906426588
-2.26718990642562
-2.2655731306345404
-2.2655591105023594
-2.265550213061873
-2.2655364322927003
-2.2655143966981757
-2.2655009657905767
-2.2654685295114003
-2.265455508648817
-2.2654155934647964
-2.2654030004850254
-2.265358313687501
-2.2653461376217554
-2.265298992692981
-2.2652872061076055
-2.2652394927915522
-2.265228060535147
-2.2651812876328274
-2.2651701721621724
-2.2651255333719034
-2.265114697628378
-2.265073136203099
-2.2650625449658626
-2.2650248083027638
-2.265014428675566
-2.2649811112792655
-2.264970912719145
-2.2649424888116223
-2.264932442934663
-2.2649092907233945
-2.264899371015675
-2.264881790538738
-2.2648719720384918
-2.2648601981562413
-2.264850457138548
-2.264844668865935
-2.264835309590082
-2.26483498254242
-2.264825655826107
-2.23586572462224
-2.2358554299827387
-2.23519943837593
-2.2351994381562865
-2.2351790310136885
-2.2351646080411336
-2.2351597622513415
-2.2351461704020914
-2.235142161529293
-2.235124377542102
-2.235112140827421
-2.235094889108538
-2.2350747934795527
-2.2350580411367633
-2.23503034411675
-2.2350141141842457
-2.2349790443277966
-2.2349633962050497
-2.234921196093439
-2.2349062177764862
-2.234857173952886
-2.234842981064771
-2.234787455543228
-2.234774194604644
-2.2347126689031924
-2.2347005237616315
-2.2346336687871897
-2.23462286951487
-2.2345516625461155
-2.234542495201456
-2.2344684199957134
-2.2344612319687194
-2.234386618752535
-2.2343818040765187
-2.2343103718827972
-2.2343082969356174
-2.2342466427253025
-2.234245848113003
-2.2342045158378605
-2.2342013462108214
-2.2333105948582785
-2.2332712162345163
-2.233207235261667
-2.2332072341867
-2.2330524426546505
-2.2329988122283906
-2.2329719659698153
-2.2329237663696646
-2.232861602990508
-2.232818001182771
-2.2327317462266216
-2.2326918155352273
-2.232588056446998
-2.232551144879088
-2.2324338928865863
-2.232399576825255
-2.232271411616774
-2.2322394390216593
-2.232102112387919
-2.232072367322749
-2.2319271385718693
-2.231899624331959
-2.2317474618014472
-2.2317222996885975
-2.231564018879622
-2.23154146237888
-2.2313778463098353
-2.2313583134617256
-2.231190260080647
-2.2311743901341736
-2.2310031587544987
-2.230991901360675
-2.2308196130785536
-2.2308143501916113
-2.2306477501076927
-2.2306451120150306
-2.23050290710019
-2.230490228302047
-2.2303984753825197
-2.2303752663534513
-2.229517692865349
-2.2295176923635776
-2.22917736684121
-2.229073702708174
-2.2290448499756645
-2.228951781135615
-2.228914933448037
-2.2288060732897548
-2.2287248389853036
-2.2286255072113446
-2.2285173725146357
-2.228424417071173
-2.2282993000900904
-2.228210417340938
-2.228074216311641
-2.227987717631337
-2.227844253923993
-2.2277588256763567
-2.2276108410571833
-2.227525373439919
-2.2273750729472312
-2.227288537093848
-2.2271379254408106
-2.2270492733357323
-2.2269004122867853
-2.2268084784457876
-2.226663746461983
-2.2265671312748623
-2.2264295637377547
-2.2263264743559414
-2.2262002985518428
-2.2260883155223414
-2.2259798873515684
-2.2258556264334266
-2.225775153441747
-2.225633879545945
-2.225598455576033
-2.225471460473434
-2.225434278579957
-2.225281211897509
-2.224747871812519
-2.2247478712655613
-2.223955308263098
-2.2238448983714347
-2.2238348038947136
-2.2237426338467134
-2.2236524329017207
-2.2235825159700373
-2.223436029614703
-2.223384900924565
-2.2232016216650923
-2.2231649248548373
-2.22295723737735
-2.2229315652608777
-2.222707124633565
-2.2226900601818897
-2.222453781043293
-2.2224436426800835
-2.222198874720476
-2.222194495790299
-2.2219442731068546
-2.221943694552215
-2.2216944091221684
-2.221689405267064
-2.2214463412358323
-2.221437230841733
-2.221201717740336
-2.2211886350127856
-2.220962654738832
-2.220945557258973
-2.220732121488237
-2.220710781991444
-2.220514581078985
-2.2204885725095376
-2.220317094377485
-2.220285802420743
-2.220151143699433
-2.2201139376242955
-2.220034899838308
-2.219991922764678
-2.2196511758297035
-2.219651175755486
-2.218139855672953
-2.2181195313016526
-2.2180453018678064
-2.218027763945805
-2.2179035034124497
-2.2178896776733117
-2.217729889757095
-2.2177198953838233
-2.21753682650106
-2.217530362666903
-2.2173329246177182
-2.217329578517293
-2.2171240209228023
-2.2171234057059745
-2.2169160241985533
-2.216914229281569
-2.2167106265632253
-2.216706674754927
-2.2165098654441686
-2.216503952937542
-2.216316133373072
-2.2163084119110312
-2.216131737309111
-2.216122326057065
-2.2159590046479427
-2.215948000748808
-2.215800339462291
-2.2157878270276763
-2.21565823857096
-2.2156442951184667
-2.215535278323192
-2.2155199759212056
-2.215434102615751
-2.2154174990769353
-2.215357499440985
-2.215339623705746
-2.215308725051679
-2.215289651154057
-2.2151826932040377
-2.2151826931689453
-2.2096611354694002
-2.209639155405285
-2.2096242748659582
-2.209602465304153
-2.209564359751038
-2.2095428105381734
-2.209483485669452
-2.209462256203372
-2.209384275922687
-2.2093633914380186
-2.2092696745380516
-2.2092491272348926
-2.2091427763941156
-2.2091225298584316
-2.2090067119745744
-2.208986707251181
-2.208864586628709
-2.2088447487437746
-2.208719463811564
-2.208699708121447
-2.2085743777458458
-2.2085546159725293
-2.2084323604528486
-2.2084125065635654
-2.2082964685818154
-2.2082764447715273
-2.2081697955659183
-2.2081495385112375
-2.2080554543560087
-2.208034921624364
-2.207956516680216
-2.2079356927089133
-2.207875898928399
-2.207854799421546
-2.2078161950437925
-2.2077948682045156
-2.2077794738804033
-2.2077579969721075
-2.202094988361848
-2.202093345508286
-2.2020437685774725
-2.2020437681206406
-2.201931952582999
-2.201913077615203
-2.201869129091495
-2.2018520016650847
-2.2017760926956975
-2.2017604525943604
-2.201658010888045
-2.2016436878133265
-2.201518463344695
-2.2015054087288637
-2.201360498616098
-2.2013487269492162
-2.2011868942288992
-2.2011764539730985
-2.2010002231107073
-2.2009911877875483
-2.200802895036281
-2.200795364404447
-2.2005972186907843
-2.2005913254633254
-2.2003855022578493
-2.200381422854693
-2.2001702128401255
-2.200168182003763
-2.1999545627886983
-2.199954233805715
-2.199744391977695
-2.1997412969884347
-2.1995430969212855
-2.1995367310361043
-2.1993589174401764
-2.199348738081498
-2.199204594168157
-2.1991902780719155
-2.199098325721208
-2.199080404174963
-2.1975242614973944
-2.1975242612825383
-2.1972499332206388
-2.1972132910886675
-2.1971395583634594
-2.197101156259295
-2.1969790253106325
-2.1969467866343297
-2.1967789382060428
-2.1967519060129277
-2.1965550147177875
-2.196532410808934
-2.196316139708182
-2.1962974319021273
-2.1960675571804193
-2.196052439590462
-2.1958125426085773
-2.1958009003295733
-2.195553283161015
-2.1955451698754955
-2.1952913594700667
-2.1952869933968673
-2.195028031128238
-2.1950278108930976
-2.1947689767629015
-2.1947644327177143
-2.194511964623943
-2.194501746970363
-2.194258625289371
-2.1942414164790347
-2.194011598045132
-2.193985487377339
-2.1937750652194326
-2.1937372822218024
-2.1935562295484132
-2.193502881425158
-2.1933681220176506
-2.193294572001447
-2.193233500814401
-2.1931379953601753
-2.192283248504394
-2.1922832479320813
-2.191762012507074
-2.1916420518001427
-2.1915732984641267
-2.191475352011026
-2.1914538031956647
-2.1913109420115093
-2.191232430739646
-2.1911079948305106
-2.1909949703824045
-2.1908837765379583
-2.1907493960560953
-2.1906476652329747
-2.1904998032457166
-2.1904048683749973
-2.190248547021009
-2.1901584743136344
-2.1899971552951216
-2.1899104722608063
-2.189746760742052
-2.189662274099499
-2.1894983373721932
-2.1894150056698627
-2.1892528634983366
-2.1891696973059678
-2.1890114770003857
-2.1889274461485404
-2.188775679749165
-2.188689609077395
-2.1885476733451865
-2.1884581068791977
-2.188330983690438
-2.188235998928416
-2.1881316992720157
-2.188028697040443
-2.187960902633911
-2.18784668446133
-2.187838416208445
-2.1877111281503843
-2.187283089540823
-2.187283089291838
-2.1863902056861138
-2.1863641968462173
-2.1862965699318773
-2.186277775139104
-2.186151846612446
-2.1861427980076327
-2.1859778027957226
-2.1859774499978544
-2.1857954467912233
-2.185788911925792
-2.18560501064168
-2.1855931109432274
-2.185410968785885
-2.1853948119502222
-2.1852163050011773
-2.185196660568587
-2.1850230223275737
-2.1850004103487977
-2.184832611320246
-2.184807367314901
-2.1846463218414756
-2.1846186383150594
-2.1844653452628555
-2.184435295143797
-2.184290967853811
-2.1842585141434676
-2.1841247387753473
-2.1840897331743885
-2.183968696213005
-2.1839308691141
-2.1838257074459118
-2.183784654368768
-2.183699995155544
-2.183655177086134
-2.1835979055310974
-2.1835487365078605
-2.183528709808978
-2.183475083534107
-2.183309332448802
-2.183309332317156
-2.182222637225633
-2.182219221230586
-2.182184459240102
-2.1821823212690425
-2.182124444508135
-2.1821244152961508
-2.1820514325765226
-2.182048884885351
-2.1819692974079685
-2.1819643164266513
-2.181882847425193
-2.181875705781817
-2.181795542470061
-2.1817865499107323
-2.181709793700223
-2.181699236036147
-2.1816272870122
-2.1816154090813336
-2.1815492239107632
-2.181536229609129
-2.18147648240099
-2.181462539832856
-2.181409721075862
-2.181394968113081
-2.1813494466268266
-2.1813339950504407
-2.1812960589986554
-2.181279996231637
-2.1812498842135843
-2.1812332713837512
-2.18121120359359
-2.1811940674620245
-2.181180291084963
-2.1811626057285682
-2.181157479704848
-2.1811432773890913
-2.181139140168788
-2.181124147477955
-2.1811005526465364
-2.1811005525382248
-2.1543657618130188
-2.15435518505881
-2.1543469677981095
-2.1543376406667614
-2.15433634711354
-2.1543187285698626
-2.1543132568153727
-2.154294238916536
-2.154282219008785
-2.154263061604019
-2.154244776843511
-2.154225443503341
-2.154201253806881
-2.154181704656074
-2.154152061073454
-2.1541322520381274
-2.154097716633653
-2.154077598705066
-2.154038871517141
-2.1540183901443855
-2.1539763452825142
-2.1539554401208845
-2.1539111730885208
-2.1538897785304205
-2.153844665919364
-2.1538227131621803
-2.1537784825356767
-2.15375590441802
-2.153714703844782
-2.153691444212796
-2.1536558837633444
-2.153631913260756
-2.1536050228981645
-2.153580361645997
-2.1535653814998272
-2.1535401243835137
-2.153540053607589
-2.1535143857170755
-2.151707324751353
-2.151707324750175
-2.1515944387928614
-2.1515944065949952
-2.1515545644788387
-2.1515544082130345
-2.151488828592397
-2.151488205468064
-2.151400316222904
-2.1513990657112783
-2.151292590442533
-2.151290659836736
-2.1511689000594085
-2.151166300500324
-2.15103200853974
-2.1510287826675474
-2.150884212202616
-2.1508804137241966
-2.150727426954189
-2.1507231084285783
-2.150563297475946
-2.150558502998271
-2.150393313319408
-2.1503880736038994
-2.150218935066403
-2.150213263126476
-2.1500417488282353
-2.1500356348835736
-2.1498636867174428
-2.1498570912183577
-2.149687385312091
-2.1496802295148707
-2.149516818688574
-2.149508974667862
-2.149358440250731
-2.1493497320660975
-2.149223053371731
-2.149213311948228
-2.1491276303468734
-2.149116893155787
-2.1480845901241614
-2.148084590119037
-2.147711752881419
-2.147703489642301
-2.147612281198595
-2.1476041963129266
-2.1474655361576094
-2.1474577333852305
-2.1472884283823834
-2.1472807308990465
-2.147092287249256
-2.147084404082543
-2.1468838324532666
-2.1468754542888986
-2.1466670749308037
-2.146657892134935
-2.146444548002476
-2.1464342406372436
-2.146217988058102
-2.146206207039859
-2.1459887147151977
-2.145975057950883
-2.145757864627924
-2.1457418464687095
-2.1455265659009752
-2.14550757551806
-2.1452961115993787
-2.1452733532109374
-2.145068191314729
-2.1450405958446366
-2.1448452710905492
-2.1448113666328568
-2.1446312934999656
-2.1445890332248694
-2.1444330334278003
-2.1443796636999677
-2.144262615667356
-2.1441950633255034
-2.144140856708217
-2.144058332011004
-2.14341159172616
-2.143411591671366
-2.142736007752996
-2.142623676766515
-2.142604340609049
-2.1425066737619103
-2.142421906770287
-2.142338984577756
-2.1422115560013912
-2.142140556128693
-2.1419858165090844
-2.1419239369204752
-2.141751288435515
-2.1416963933780684
-2.141511648145213
-2.141462207441355
-2.1412691391036964
-2.1412240642839477
-2.141025293120743
-2.1409838034148128
-2.1407813043568393
-2.140742834221731
-2.140538252538902
-2.1405023906447704
-2.140297271473143
-2.1402637209086657
-2.1400597222426487
-2.1400282745748487
-2.1398274276271243
-2.1397979454814617
-2.1396030489166713
-2.139575451858823
-2.1393907455179173
-2.139364990560322
-2.139197354270362
-2.1391733917088325
-2.1390343536638112
-2.1390120218679742
-2.1389201179897683
-2.138898971778415
-2.138516614067989
-2.1385166140637604
-2.137290528824534
-2.137255900849489
-2.1371869404441357
-2.137153919972925
-2.1370373794087083
-2.137006265233827
-2.1368596259422987
-2.136830362789983
-2.136665675904165
-2.136638114461509
-2.136463011477723
-2.1364370143644624
-2.136256390722652
-2.1362318594323932
-2.1360490586629606
-2.1360259343213914
-2.135843459298843
-2.1358217170289717
-2.1356416541043686
-2.1356212965712924
-2.1354455846464746
-2.1354266355202323
-2.1352572553941327
-2.1352397518046495
-2.135078875088238
-2.135062857345901
-2.1349129708325485
-2.1348984670962006
-2.1347624688819287
-2.13474947219671
-2.1346307162042613
-2.1346191522821814
-2.1345214077889527
-2.134511096124981
-2.1344384321872636
-2.134429055345051
-2.1343858001344578
-2.1343769297821087
-2.13424561473054
-2.1342456147266566
-2.1313167393599004
-2.1312802418814725
-2.131257130762663
-2.131222351976411
-2.1312213261791313
-2.1311644673323142
-2.1311467617971664
-2.131090110666155
-2.1310575770195834
-2.1310022376041977
-2.1309588173568037
-2.1309047745383656
-2.1308541396358858
-2.1308013185032144
-2.130746739752694
-2.130695032881444
-2.130639360312561
-2.1305886466708706
-2.1305343448325225
-2.1304845014844624
-2.1304337029017066
-2.1303846115487963
-2.130339168956675
-2.1302907191397664
-2.130252248180373
-2.130204338459851
-2.1301742485264143
-2.13012678649544
-2.1301063003115743
-2.1300592019589044
-2.130049365754556
-2.1300042411031996
-2.130002554472263
-2.129971553965183
-2.129957646499999
-2.1299517582733505
-2.129925110569284
-2.1299054041684022
-2.11965200787665
-2.119652006810382
-2.1196448254355538
-2.1196283041424917
-2.1195996451278956
-2.119584313494462
-2.119567233721348
-2.119552488246564
-2.1195197426297687
-2.119505367732149
-2.119458759343084
-2.1194446453717792
-2.1193852035243874
-2.119371312053786
-2.119299910223076
-2.119286240847026
-2.1192037580562597
-2.119190333806041
-2.1190977077363464
-2.1190845695617533
-2.1189828262108525
-2.118970031810427
-2.118860319830409
-2.1188479449672344
-2.1187315915238245
-2.118719733124786
-2.118598340376271
-2.1185871210377822
-2.118462732834491
-2.118452305939526
-2.1183276935618744
-2.118318246345378
-2.1181973867233013
-2.1181891332412004
-2.118077949171891
-2.1180710923891968
-2.1179783405310544
-2.117972963171559
-2.1179104079514897
-2.117906265859073
-2.1165950924658183
-2.116595092401624
-2.116384198627105
-2.116348812932729
-2.1163175920553483
-2.1162844119253523
-2.116204152387434
-2.116173563125588
-2.116059309267408
-2.1160309537565456
-2.115893714710524
-2.115867204296454
-2.1157140438995876
-2.1156890864681195
-2.115524535808509
-2.1155009358877908
-2.1153279964538254
-2.11530563843785
-2.1151263945321985
-2.115105229235747
-2.114921217594566
-2.1149012552959987
-2.1147136999830285
-2.1146950102104443
-2.1145049920018666
-2.114487710483056
-2.1142963207404666
-2.1142806649416412
-2.1140891951613727
-2.114075491091404
-2.1138857379678093
-2.1138744613825766
-2.1136893086536026
-2.113681138467099
-2.113505767731521
-2.113501616214362
-2.113346864948817
-2.1133460225030127
-2.1132359384428145
-2.113229989034722
-2.112396582878548
-2.112396582829728
-2.1119529758670246
-2.111884072399783
-2.111848704092909
-2.111785170613491
-2.1116959386929706
-2.1116382597041516
-2.1115149653967493
-2.111461972346057
-2.1113182507808776
-2.1112686735089996
-2.1111125339685324
-2.1110653831048722
-2.110901559609644
-2.1108561032997324
-2.110687570502166
-2.1106432541194486
-2.110472043967359
-2.1104284234498047
-2.1102560708088625
-2.1102127637846615
-2.1100405737532877
-2.1099972219055476
-2.10982646169498
-2.1097826975622773
-2.109614777026942
-2.1095701889933456
-2.109406888363052
-2.109360977232946
-2.109204805659108
-2.1091569253151383
-2.109011765458222
-2.1089610427266487
-2.1088333882423353
-2.108778644750491
-2.1086799307194135
-2.1086197800444366
-2.1085696616760377
-2.108503504273364
-2.1080474514208585
-2.108047451379561
-2.1072858919112094
-2.107278873569167
-2.1071838514881325
-2.1071813195985722
-2.107041533252359
-2.1070393333228092
-2.1068766439218813
-2.1068704990730884
-2.10669757480213
-2.1066883664767433
-2.106510679436809
-2.106499110470295
-2.106319706441851
-2.1063062886620276
-2.106127011600795
-2.1061121079068856
-2.105934217433455
-2.1059180819120704
-2.1057425778475465
-2.1057253844535575
-2.1055532002218023
-2.1055350611811443
-2.1053672077984675
-2.1053481841388875
-2.105185893425118
-2.1051659993597887
-2.1050109070601337
-2.1049901091403553
-2.10484452644084
-2.1048227379974245
-2.10469007866953
-2.104667150927376
-2.1045525965764913
-2.1045283134112664
-2.104439745546011
-2.1044138560968855
-2.104362677805409
-2.1043351215500055
-2.1041150357563945
-2.104115035734974
-2.1029686474199796
-2.1029612954478574
-2.1029082686094123
-2.1029002356738347
-2.102818816854122
-2.1028099682043964
-2.102710439616893
-2.1027008319768252
-2.1025910990714647
-2.102580865408447
-2.1024663999314694
-2.1024556832775154
-2.1023402135635503
-2.102329141772577
-2.1022152921841553
-2.102203971929386
-2.1020936978980793
-2.1020822154368712
-2.101977072125652
-2.1019654956290776
-2.101866797759219
-2.101855179365778
-2.1017640932660377
-2.1017524702916046
-2.1016700631860856
-2.101658458297142
-2.1015857199078782
-2.1015741400268526
-2.101511987317752
-2.1015004206807997
-2.101449698182856
-2.101438108252872
-2.1013996069918903
-2.1013879213293274
-2.1013624651821883
-2.101350563182677
-2.1013392281357044
-2.10132698230319
-2.10127686864221
-2.10127686862669
-2.0957984209935816
-2.095782463218689
-2.095756245113883
-2.095749454023844
-2.095733454476484
-2.095720314906907
-2.0957071618151932
-2.0956754056588642
-2.09567111726833
-2.095626044828446
-2.0956224084016766
-2.095572824971723
-2.0955623464612123
-2.0955124695876965
-2.095496354921179
-2.0954461020626187
-2.0954256682106074
-2.0953749455506165
-2.0953516176241886
-2.0953003213666963
-2.095275639329071
-2.0952236582590387
-2.0951992919411127
-2.0951465119228443
-2.095124280644632
-2.095070592048706
-2.095052481402399
-2.0949977906880126
-2.0949859533625776
-2.094930199891286
-2.094926920189722
-2.09487769428612
-2.094870098242662
-2.094840518970233
-2.094819877505528
-2.0948173239276184
-2.0947818799856814
-2.094758137830545
-2.0927019538450544
-2.092701953842456
-2.092634141949756
-2.0926267385179416
-2.0926089486217343
-2.0926009978561417
-2.0925668888375712
-2.0925580595602944
-2.0925098040548056
-2.0924998257559664
-2.0924399485544813
-2.0924286499039457
-2.0923595221779654
-2.092346817769243
-2.0922705357896434
-2.0922563982752242
-2.092174768315158
-2.09215920264024
-2.09207377232348
-2.0920567958245777
-2.091968910239946
-2.091950538181065
-2.0918614099875907
-2.091841644906265
-2.0917524367899225
-2.091731259898843
-2.0916431870370897
-2.09162055020177
-2.091535021934155
-2.0915108393572703
-2.0914296769829215
-2.0914038173776133
-2.09132961255005
-2.0913018978598354
-2.0912386014301787
-2.0912088343794006
-2.0911625842238055
-2.0911306667881124
-2.091110256089934
-2.0910764950422642
-2.09044444038169
-2.090444440381669
-2.0902697973428292
-2.090255495888061
-2.0902202521264717
-2.090204170717311
-2.0901471272337453
-2.0901288541043335
-2.090058923411808
-2.090038425090049
-2.0899616340258507
-2.089938978657119
-2.089858991458444
-2.089834224597775
-2.0897532998376285
-2.08972640503249
-2.0896460392230223
-2.089616926262753
-2.0895382238982463
-2.0895067210281963
-2.089430611249282
-2.089396452548092
-2.089323832205686
-2.089286635583688
-2.08921848642352
-2.0891777176244606
-2.0891152314206898
-2.089070147270376
-2.0890148929549666
-2.0889644537821814
-2.088918633777098
-2.0888613729246996
-2.088828242391109
-2.088762093116692
-2.0887466389579274
-2.088678669848956
-2.088668806248669
-2.0886318017747643
-2.088586034258209
-2.088523570215283
-2.0882682267164814
-2.0882682266318
-2.0880494850663265
-2.087992834320643
-2.087958646087485
-2.0879180461189084
-2.0879169043154455
-2.0878566976521578
-2.087834996945643
-2.087785269672922
-2.087748397858264
-2.0877074669027555
-2.0876605283501517
-2.087626239177312
-2.0875725928859747
-2.0875433763644957
-2.0874852989668238
-2.087460006429575
-2.087399113797817
-2.087376884040762
-2.0873143901138107
-2.087294555805271
-2.087231437931479
-2.0872134607906516
-2.087150576477286
-2.0871340007999044
-2.0870721858667123
-2.087056602712087
-2.0869967760507104
-2.0869817927039507
-2.0869250975098717
-2.0869103089778815
-2.0868583356715655
-2.086843299352235
-2.086798458160479
-2.086782687109885
-2.0867487791271824
-2.0867318133302697
-2.0867145246244756
-2.0866962221139906
-2.0865781533037726
-2.086578153300921
-2.086268387267646
-2.086256318852633
-2.086238621704366
-2.086228133679033
-2.086196886960928
-2.08618805607129
-2.0861486737213775
-2.0861412335256557
-2.086097376953618
-2.0860910336022216
-2.086044963996808
-2.0860394895241745
-2.0859926046966955
-2.0859878430161873
-2.0859410420527715
-2.085936895028753
-2.0858907923473473
-2.085887205605947
-2.0858422557395833
-2.08583920793848
-2.0857957824471005
-2.085793277597066
-2.0857517177270615
-2.085749779289309
-2.0857104376796727
-2.0857091029414114
-2.0856723818662655
-2.0856716948159644
-2.0856380846762406
-2.0856380841584183
-2.085608904525089
-2.085608197407403
-2.0855848875735736
-2.0855834988912707
-2.085566832664515
-2.0855648561664992
-2.085555532676108
-2.0855531452434746
-2.085523487712018
-2.0855234877115403
-2.085103410225453
-2.0850970764900922
-2.0850872445406874
-2.0850814160210085
-2.0850754872687784
-2.085074760631677
-2.0850662381922214
-2.0850604854551467
-2.0850544234567643
-2.085045180690909
-2.0850408299649676
-2.0850294689547537
-2.085026172338052
-2.0850138374358873
-2.0850110490474245
-2.084998659143256
-2.0849959384727743
-2.084984217208594
-2.084981213542717
-2.0849707262825325
-2.084967161584153
-2.0849583494964348
-2.084954003099953
-2.084947211258525
-2.0849419073330893
-2.0849374066761643
-2.0849310043847225
-2.084929008412349
-2.084922071642702
-2.084921394351485
-2.084916637616202
-2.0849131540980284
-2.084912736182856
-2.084910387542467
-2.084906342224667
-2.0849010026767156
-2.0848971673296557
-2.0848948577899007
-1.9059204080124597
-1.9054312542379837
-1.8542357078013822
-1.854216305464032
-1.854213612193931
-1.8542090684102535
-1.8542026223329087
-1.854194235150159
-1.8541838855849153
-1.8541715684851219
-1.8541572926493144
-1.8541511657270875
-1.8541481686559143
-1.8541431977625062
-1.8541410800729718
-1.8541362879040266
-1.8541274860043664
-1.8541229673006112
-1.8541168510712878
-1.8541044558885775
-1.8541030094070345
-1.8540903907902588
-1.8540812877149262
-1.8540747699597462
-1.8540579236420436
-1.854057741005804
-1.8540394991287341
-1.854033103655262
-1.854020308007633
-1.8540071258202635
-1.854000530598317
-1.853980674072937
-1.8539804908588655
-1.8539614529702788
-1.8539540895309428
-1.8539438692357935
-1.853929604073736
-1.8539292852026878
-1.8539193944595682
-1.8539103579110063
-1.8538718666126963
-1.8538663228894912
-1.8536658767127754
-1.8536632905468027
-1.853646746345182
-1.853617706557238
-1.8535803395122852
-1.8535373178477683
-1.853490131875694
-1.8534646891969926
-1.8534492230197235
-1.8534396122811139
-1.8534249969340408
-1.8533936141230074
-1.853386244965024
-1.8533565136395511
-1.8533303332708237
-1.8533148421153438
-1.8532720812726016
-1.8532694800172274
-1.8532211154789662
-1.8532116387606643
-1.8531703194086429
-1.853149127981852
-1.8531176116928367
-1.8530846626640667
-1.8530635225704217
-1.8530183665694155
-1.853008658561148
-1.8529537860801932
-1.8529504004534287
-1.8528999511425257
-1.8528810170744647
-1.8528486599233567
-1.8528107065942085
-1.8528021416272644
-1.8527636531154401
-1.8527406960438229
-1.852737525548942
-1.852675408727532
-1.8525501040289187
-1.8525113131250825
-1.8524617051771801
-1.8524594689631868
-1.8523915474871988
-1.8523157254268607
-1.8522350780073737
-1.852151881317404
-1.8520669806539085
-1.8519808542361669
-1.85193293250417
-1.8519020114392217
-1.8518938806807637
-1.8518544423754886
-1.8518064379205534
-1.8517940418267593
-1.8517239652455209
-1.8517189579131015
-1.851646508508384
-1.8516319724149977
-1.8515632616122244
-1.8515461641723474
-1.851475316598477
-1.8514624322321016
-1.8513834334934032
-1.8513819777164582
-1.8513064117135758
-1.8512881550671447
-1.851237872610657
-1.8511898832251403
-1.8511791044810952
-1.851133382671897
-1.8511041117963913
-1.8510889308986611
-1.8509855606323364
-1.8508800201712305
-1.8507725899752336
-1.8506636790831423
-1.8505540976835257
-1.8504461263464744
-1.8503495003520742
-1.8502132782726026
-1.8501481443503767
-1.8500867979703874
-1.8500515631655758
-1.8499373751714001
-1.849817489601603
-1.8496945836540004
-1.8496881846273496
-1.849651207371626
-1.8495938616759995
-1.8495695589382768
-1.8495204818319837
-1.8494428463766972
-1.849434892533159
-1.8493401010599266
-1.8493147237639898
-1.8492383818606135
-1.8491854217170411
-1.8491314662172633
-1.8490551722391035
-1.8490207244383654
-1.848924242123922
-1.8489073177275717
-1.848792968274442
-1.8487923288289365
-1.8486768913068965
-1.8486618079857409
-1.8485623452122688
-1.8485314228760006
-1.8484504610264678
-1.84840283274926
-1.8483438004520834
-1.84827771911372
-1.8482463194024201
-1.8481642982203283
-1.8481590663087923
-1.848107220924298
-1.8480526041742005
-1.8479701917029923
-1.8478314421371498
-1.8478314383881076
-1.8471913898816588
-1.8471295112063786
-1.847105039257231
-1.8470183777764797
-1.8469867260515886
-1.8469240377680018
-1.8469094925048934
-1.8468364667277355
-1.8467891010813229
-1.846733761615153
-1.8466627277072252
-1.8466220068938564
-1.8465335144611215
-1.8465050937964709
-1.8464034854192504
-1.8463856764615738
-1.8462741452125802
-1.8462657343093618
-1.8461469012602292
-1.8461467816154984
-1.8460306651633787
-1.846022634176127
-1.8459184953799688
-1.8459029996309289
-1.8458119286191168
-1.8457893046435805
-1.8457126270052155
-1.8456831570185357
-1.8456224133183106
-1.8455863754979323
-1.8455432854098417
-1.845500991994542
-1.8454774184642564
-1.845429223727381
-1.8454271840929914
-1.845395202763113
-1.845373456061735
-1.8453365011785523
-1.8452852233442976
-1.8452852225300531
-1.8424128170557956
-1.8423877221191665
-1.8423468123681217
-1.8422914666739338
-1.8422274387221171
-1.8422235320497182
-1.842204523406938
-1.842166729197426
-1.8421451642871458
-1.8421149473790033
-1.8420586586846324
-1.8420506266418928
-1.8419756327510999
-1.8419663224319331
-1.8418920621199457
-1.8418704038172045
-1.8418020950981964
-1.841773068635492
-1.8417079100299605
-1.8416764060141706
-1.841611648015368
-1.841582446869229
-1.8415154104487705
-1.841493181772794
-1.8414212726260706
-1.8414105681798127
-1.8413365192759488
-1.8413312998295794
-1.8412728689351823
-1.8412475547497666
-1.8412213105855286
-1.8411833130850217
-1.8411720865965782
-1.8411600238507502
-1.8411068936508357
-1.8410538538429218
-1.8410146239075629
-1.8409905174502756
-1.8399340930875758
-1.8396432287971132
-1.8360953901360055
-1.8360953894504568
-1.8360402735839059
-1.8360011786446209
-1.8359834984009042
-1.8359481588049789
-1.8359412303231104
-1.8358920930947753
-1.8358625824862371
-1.8358174703195458
-1.835766968347389
-1.8357261624352061
-1.8356560823579997
-1.8356199231096333
-1.835531617383761
-1.835500463791388
-1.8353952449984465
-1.8353694720080567
-1.8352486040553984
-1.8352286222209866
-1.8350933144347752
-1.8350796037056782
-1.8349310243390744
-1.8349241799956137
-1.8347642968359121
-1.8347635041676105
-1.8346022686724381
-1.8345928153834203
-1.8344411010903972
-1.8344216161455371
-1.8342850550188112
-1.8342537358539732
-1.834140618913394
-1.8340952906724879
-1.8340179917702593
-1.833956795376996
-1.8339323133119179
-1.8338562283096598
-1.833399619974161
-1.8333633347093201
-1.8325618995387714
-1.832561898340556
-1.8323170123298855
-1.8321994393156817
-1.8321956399780228
-1.8320966147395323
-1.8320313015316267
-1.8319500923611631
-1.8318417604629578
-1.831775826269964
-1.8316364588008476
-1.8315836397960679
-1.831420633157618
-1.8313794493173008
-1.8311973761766764
-1.8311669590282145
-1.83096864553432
-1.8309486440121754
-1.8307357779788334
-1.830726306598177
-1.8305014118136596
-1.8304997703142394
-1.8302753219589454
-1.830261452165763
-1.8300495073850385
-1.8300216174796815
-1.8298258024856238
-1.8297811647085132
-1.829606801955606
-1.8295413121582635
-1.8293965683750968
-1.8293040337270383
-1.829201973022894
-1.8290731302204672
-1.8290351217160314
-1.8289163969832405
-1.8288573362406082
-1.8286803618428902
-1.8280074350410904
-1.8279374179512846
-1.8279373131336876
-1.8278803613958405
-1.8275006076126659
-1.8273071253899018
-1.8271274944095994
-1.8270796392657207
-1.8269998280356552
-1.826838487644942
-1.8268222958738338
-1.8266160210895164
-1.826590659043624
-1.8263928195889825
-1.8263392228447526
-1.8261591671338364
-1.8260858263932604
-1.825918800857736
-1.825831531479294
-1.8256740431245382
-1.8255771609301947
-1.8254264682375296
-1.8253234800477711
-1.8251772609290056
-1.8250713279014508
-1.8249274355758187
-1.824821757171494
-1.8246780051022833
-1.8245762370311056
-1.8244301639456022
-1.8243370056847013
-1.8241855664189797
-1.824107748068304
-1.823946864907236
-1.8238949750112015
-1.8237189302219246
-1.8237108088165035
-1.8235774389286645
-1.8235119689749295
-1.8233497760366326
-1.8229093814161237
-1.8229093793367643
-1.822271890948646
-1.822204228743673
-1.8219718200634152
-1.8218820031802858
-1.8218056857759224
-1.8217412983346133
-1.821599880164214
-1.82155546655231
-1.8213765955518566
-1.8213463853736491
-1.8211451496357223
-1.8211250421795524
-1.8209100807756908
-1.8208973197156628
-1.820673955194313
-1.8206666839871881
-1.8204384588391425
-1.8204354128333562
-1.8202051989856856
-1.8202048850901553
-1.8199774820935353
-1.8199743921288838
-1.8197536676962343
-1.8197481752094096
-1.8195353152407625
-1.8195276245872924
-1.8193243534947776
-1.8193145205001668
-1.819123386494098
-1.819111325170839
-1.8189361812808922
-1.8189216645676927
-1.8187684778096032
-1.818751152166981
-1.818629295576509
-1.8186087747177837
-1.8185326390465708
-1.81850891862529
-1.8182625154985934
-1.8182625154135532
-1.816929595878482
-1.816909807108647
-1.8168347362762147
-1.816809690748375
-1.816749502112138
-1.8167271737484345
-1.8166364320140873
-1.816616611357764
-1.81650813369989
-1.8164904393073065
-1.8163727726573833
-1.8163568053184027
-1.816235696071302
-1.816221108725246
-1.8161004934080107
-1.8160870061311833
-1.8159696800494012
-1.8159570730670986
-1.815845109325458
-1.8158332106668202
-1.8157282150128948
-1.815716888659357
-1.8156201539533061
-1.8156092898799625
-1.8155218907051713
-1.8155113966554355
-1.8154342489639346
-1.8154240432379187
-1.8153579455118762
-1.8153479496408882
-1.8152936199660408
-1.8152837494315028
-1.8152418796487237
-1.8152320297742446
-1.8152034031543147
-1.8151934305279538
-1.8151791867870295
-1.8151689319796613
-1.8151209957003065
-1.8151209956703824
-1.7994540572734306
-1.7994360609628872
-1.7994062909704251
-1.7993650853202583
-1.7993129222154833
-1.7992504261761124
-1.7991783776228467
-1.7990977271919437
-1.7990096163105056
-1.7989823284143889
-1.7989627970421205
-1.798930439894845
-1.7989154056567498
-1.7988855519281537
-1.7988285511078532
-1.7988167128526127
-1.7987599847525508
-1.7987154596370245
-1.7986805397301264
-1.7986139260240515
-1.7985910583295843
-1.7985148032436185
-1.7984925623619255
-1.798421226979807
-1.798386288959051
-1.7983367569122295
-1.7982737425865094
-1.7982652516484732
-1.7982105838332352
-1.7981761743856532
-1.7981567686876292
-1.7980376542677095
-1.7979192573762337
-1.7978051559010833
-1.797699777374938
-1.7976084153724778
-1.7975369616052685
-1.797491156408127
-1.7951219047413893
-1.7951082005651053
-1.7947447844412427
-1.7947447840057575
-1.7946243040635868
-1.7945540684569643
-1.7945250325912554
-1.7944491715222068
-1.7944408421523517
-1.7943164021924372
-1.7943148655252215
-1.794160949996009
-1.794156958606358
-1.793987084417385
-1.793974394076511
-1.7937983927366605
-1.7937725936860158
-1.7935979351766154
-1.7935556685473406
-1.7933883912400448
-1.7933268076416922
-1.7931722117875764
-1.7930885724432544
-1.7929517882722388
-1.7928431315079967
-1.7927296615073656
-1.79259246561168
-1.7925088121221302
-1.7923385800697011
-1.7922931076918942
-1.7920880299099764
-1.7920837791594737
-1.7919018342643767
-1.7918311031824363
-1.7917470868410312
-1.7916413549846115
-1.7915851375155418
-1.7913536462800748
-1.7911508750038163
-1.7910027694344346
-1.7899175456585614
-1.789901420416781
-1.7899014029109743
-1.789654846274439
-1.7896205929764923
-1.7894836850263147
-1.7893055430786005
-1.7891638058228267
-1.7891055971029817
-1.7889922973026093
-1.7888943193186475
-1.7887684482382518
-1.7886781357049824
-1.7885185408816728
-1.7884614495709346
-1.7882550657149092
-1.788247617054228
-1.788039463580073
-1.787984613088543
-1.7878395739534483
-1.787711197504714
-1.7876504598121299
-1.7874746517822941
-1.78743767528256
-1.7873147362859203
-1.7871733430922248
-1.7871664208859661
-1.7870530837677288
-1.7869564416413244
-1.7868997018510107
-1.7868856205019366
-1.7868423706966892
-1.7866399284895367
-1.7863898537779037
-1.786152752819657
-1.785932578881322
-1.7857340534052086
-1.7855625873331353
-1.7854238532908484
-1.7853228018366998
-1.785262237170899
-1.783367123041204
-1.7810599821978848
-1.780987063730606
-1.780870553406216
-1.7807165959068911
-1.7805317977578499
-1.780322373350621
-1.780093735775543
-1.7798504161606052
-1.7795961621719931
-1.7794944115195321
-1.7793341114702599
-1.7792752846861188
-1.7792252740969243
-1.7791454566784692
-1.7790669894462199
-1.7790391296210857
-1.7789094059748902
-1.7787973201684106
-1.778759241264425
-1.778591472223072
-1.7785276681871969
-1.7784088242189922
-1.7782609581544968
-1.778213919696803
-1.778009310654706
-1.7780009650441104
-1.7777975489847244
-1.7777531516645237
-1.777581310342136
-1.7775261618510803
-1.7773636004057176
-1.7773342924811568
-1.7772000527688405
-1.7771481005348917
-1.7769397621408722
-1.7767458480784728
-1.77657775203086
-1.7764541736988866
-1.776250716274248
-1.7762507133801715
-1.7751930141958192
-1.7750904508127407
-1.774928121198545
-1.7747258569736406
-1.7745370065933237
-1.7745000549719543
-1.774462415123894
-1.7743306050368883
-1.7742613040137019
-1.7741595553286043
-1.7740162242049946
-1.773964282529801
-1.7737691641378517
-1.7737550067267158
-1.7735384540483732
-1.7735232411196875
-1.7733192196336116
-1.7732809439577613
-1.7731006831610405
-1.7730445002748767
-1.7728855695909582
-1.7728161274978058
-1.7726762959974531
-1.772598233271202
-1.772475198628589
-1.772393601373909
-1.7722846927079126
-1.7722055803838
-1.7721073899769186
-1.772038275795823
-1.7719461802838608
-1.7718967296676165
-1.771804270964038
-1.771787054214485
-1.7717163721261588
-1.7716851799427686
-1.771592745456212
-1.7715315778161322
-1.771444803539256
-1.7714448023749998
-1.7688984059879045
-1.7688562068985736
-1.768790131061357
-1.7687052833061951
-1.7686070270433372
-1.7685002901746967
-1.768389270412793
-1.7682774031399624
-1.768167450897145
-1.7681244116004349
-1.768093907832144
-1.7680616264953695
-1.768045303329836
-1.7679814995353427
-1.7679617087012736
-1.7679058487665114
-1.7678691367191037
-1.7678217626585901
-1.7677850821873302
-1.7677324493219588
-1.7677105019253314
-1.7676461756128115
-1.7676407779477052
-1.767592732196222
-1.7675506680682553
-1.767549236297785
-1.7675203593267994
-1.7675020697957877
-1.7674599424939053
-1.767374681847777
-1.767294950780263
-1.767221998546541
-1.7671568628907406
-1.7671003986811933
-1.7670532999588042
-1.7670161163557736
-1.766989264933961
-1.7669730383852507
-1.7573191571423143
-1.7565057703124833
-1.7435653554484887
-1.743493117424809
-1.7434749668790621
-1.7434439904992998
-1.7433997012957347
-1.7433419014659475
-1.7432706362021553
-1.7431861222793228
-1.743109225440857
-1.743088703778202
-1.7430879659922622
-1.743052814988426
-1.7430041641468523
-1.7429788336201937
-1.7429425192997183
-1.7428684861588513
-1.742857074000776
-1.7427827717717796
-1.7427241140716623
-1.742686201961551
-1.742580809832475
-1.742579755112168
-1.7424646156258028
-1.742428260146878
-1.7423422550176102
-1.742267949097525
-1.7422145548100003
-1.7421020198110948
-1.7420839934103294
-1.7419539275499651
-1.7419338258354504
-1.7418289981247137
-1.7417691003127045
-1.741715644044621
-1.7416225114479311
-1.7416185179359893
-1.741560027609717
-1.7415028430038126
-1.7411583106221824
-1.7410033516251258
-1.740112803219657
-1.7401047503637377
-1.7400102406879725
-1.7398478081614221
-1.7396425580884713
-1.7394103747120921
-1.7391600054069063
-1.739090242178357
-1.7390055396174828
-1.7388963544414353
-1.738874691036077
-1.7387079848528544
-1.7386223520570103
-1.738514334614159
-1.738339884667981
-1.7383006332373596
-1.738072053257801
-1.738050260285687
-1.7378325611431624
-1.7377544523583819
-1.7375853808352235
-1.7374532362839583
-1.7373333682968362
-1.7371472739581364
-1.7370793306825698
-1.7368371770719353
-1.736826341146082
-1.7365781071860593
-1.7365235744000214
-1.7363394586775627
-1.7362072252619498
-1.7361170206952297
-1.7359200687273384
-1.7358893074794597
-1.7357612563521327
-1.735656070479733
-1.735572465245443
-1.735267002519393
-1.7347359846086494
-1.7345514531325539
-1.7345209767323706
-1.7342009647371615
-1.7341150890985804
-1.7338764945034124
-1.7335471266412568
-1.7332160390282885
-1.7328847145871942
-1.7325542283618698
-1.7322256036834842
-1.7321613703984489
-1.7320504721595498
-1.731899969032883
-1.7318795162935012
-1.7316624004001877
-1.7315786705538754
-1.7314111029030155
-1.7312633894834968
-1.7311346814198174
-1.7309562897181534
-1.7308396150558807
-1.7306602153005428
-1.7305304689429475
-1.7303789543284176
-1.730210479428495
-1.7301175725038167
-1.7298827751160737
-1.7298819808191064
-1.7296831450805006
-1.7295466972060467
-1.7295289024756497
-1.7294306467718166
-1.7292059396177948
-1.7288607427547351
-1.7285119685815038
-1.7281604048098071
-1.7278069103667204
-1.7274527838458849
-1.727101315336673
-1.7267704007338494
-1.7264570729968638
-1.72629643823997
-1.7259691833632567
-1.7257525801339195
-1.7256141444902482
-1.7252535713363661
-1.7250970478239867
-1.724985077579372
-1.7248910939032587
-1.7248147099417312
-1.7246007192910733
-1.7245279530925388
-1.724355193008239
-1.7241648288890625
-1.7240872293174934
-1.7238035665474207
-1.7238022395324333
-1.7235092891235988
-1.7234406754135139
-1.723208406996
-1.7230806683412543
-1.7229043082511326
-1.722722850021813
-1.722600134510477
-1.722368024698549
-1.7222991400495602
-1.722017280415472
-1.7220051056617751
-1.721722899899436
-1.7216721790134002
-1.721459312208993
-1.7213351051151753
-1.7212242795388388
-1.7210323707846857
-1.721009948839305
-1.7209032148703562
-1.7207035211701114
-1.7204286259865849
-1.7202110559095
-1.7199933142216903
-1.719993159233662
-1.7183111283675818
-1.718156546219636
-1.718122880873147
-1.7179495361862893
-1.7179357120285361
-1.7177984712860404
-1.7176956762118234
-1.7176095224240577
-1.7174190194397876
-1.7173884869154605
-1.7171485073944166
-1.717132443143644
-1.7168985944434736
-1.7168433099305767
-1.7166451368742144
-1.7165563269179551
-1.716392932285136
-1.7162749252025464
-1.7161458531967642
-1.716001947246055
-1.715907267966331
-1.715740011072563
-1.7156803063129147
-1.7154917145592155
-1.7154680257843942
-1.715273511729012
-1.715259750942158
-1.7150999300286756
-1.715046964104617
-1.7149505471885338
-1.7148563512601258
-1.7148287317773259
-1.7147379343161817
-1.714691010641155
-1.7146815490612437
-1.7145540304375055
-1.7144483277371356
-1.7143765340773873
-1.7143328691755044
-1.7143325492106942
-1.7067072171956217
-1.7066641676913292
-1.7065937984943864
-1.7064980943623589
-1.706379664174161
-1.7063589397320797
-1.7063184273031624
-1.7062518689351318
-1.706241588128431
-1.706160732552816
-1.7060872616897969
-1.7060470639236405
-1.705920264823182
-1.7059134077405218
-1.7057626934766186
-1.7057442741111508
-1.7055981219551808
-1.7055630215953914
-1.7054230809291062
-1.7053802935890798
-1.7052411026159233
-1.7051999564066487
-1.705055863276227
-1.7050259921735613
-1.704871216740062
-1.7048625244188056
-1.7047138090333955
-1.7046912481565237
-1.70458416270906
-1.7045203280365342
-1.7044778025709695
-1.704398584447605
-1.7043631375055182
-1.7043496586683613
-1.7042246236210192
-1.704109833928391
-1.7040235858956236
-1.7039699694177908
-1.701952545906888
-1.7012191303746653
-1.6980326608743295
-1.6980325694596965
-1.697973031356766
-1.6978929922859638
-1.6977755642588237
-1.6977088990199092
-1.697646188523932
-1.6976252349138885
-1.6975464324847664
-1.6974463979223369
-1.697414437698501
-1.6972548746295613
-1.6972433342487292
-1.697072104273637
-1.6970200165800369
-1.6968701492995246
-1.696780007923269
-1.6966527031539886
-1.6965264522154087
-1.6964231767750662
-1.6962621290863813
-1.6961847894837927
-1.6959895540055154
-1.6959407107627542
-1.6957111232832671
-1.695694269386659
-1.6954492667960794
-1.6954293302722803
-1.6952104643291968
-1.6951471293082476
-1.6949843556262565
-1.6948686427708615
-1.6947803399032082
-1.6946121514809458
-1.6946007302402266
-1.6944982238388158
-1.6943568634311057
-1.6941667501536077
-1.6936014384818296
-1.6933238812589824
-1.6926759890080132
-1.6926758265292736
-1.6924454989172082
-1.692232050833183
-1.6919722039090017
-1.6918823916439143
-1.6917627663511663
-1.6916899834404524
-1.6915882579927763
-1.691395969264845
-1.6913783727345117
-1.691146775226729
-1.6910954440301804
-1.6909024232679006
-1.6907913591032675
-1.6906513197018378
-1.690485549037736
-1.6903977655290476
-1.6901792836279248
-1.6901451461530235
-1.6898964318692669
-1.6898735503165305
-1.6896545257684294
-1.6895692249155163
-1.6894225390611561
-1.6892672066365908
-1.689204036908285
-1.6890032670767579
-1.6889685710320994
-1.688825343900524
-1.6886762957816877
-1.6886748090679389
-1.6885627964998176
-1.68849135506443
-1.6883882878443348
-1.6881132588093215
-1.6878582171430545
-1.6876410113501044
-1.6874935218222882
-1.6873069063367916
-1.6864543801024878
-1.6862798455930834
-1.6861449418735956
-1.6860541981586379
-1.6858066755819316
-1.6855502771917472
-1.6852911197147644
-1.6850324885695467
-1.6847764494755635
-1.6845245436780345
-1.6842781333392367
-1.6842157311828663
-1.6841527589010605
-1.6840524986891727
-1.6840386118128723
-1.6839206093480286
-1.683807569999003
-1.683763067963002
-1.6835869650257573
-1.6835853876054765
-1.6833922672567319
-1.6833793191673365
-1.6831879624426282
-1.6831875370389848
-1.683017301677281
-1.6829742487966186
-1.6828730228616342
-1.6827619860438539
-1.6827548139827035
-1.682691415155418
-1.6825311405315841
-1.6823047510465075
-1.6820768801044064
-1.681848556198954
-1.681620680937156
-1.6813941369389902
-1.6811700380771688
-1.6809507572957443
-1.6807471891996295
-1.6807195154095451
-1.6805110477004672
-1.6803405307681163
-1.680260656030111
-1.680056063991774
-1.6800543458422152
-1.679989257167069
-1.6798901717248356
-1.6798472448041357
-1.6797688752975741
-1.6796425842995075
-1.679633120762067
-1.6794885608411332
-1.679441347065057
-1.6793393116983943
-1.6792440410609049
-1.6791884447978074
-1.679051024272617
-1.6790383556111839
-1.6788910345879529
-1.6788626016982373
-1.678748275438231
-1.6786790673653962
-1.6786118511661796
-1.6785007322116692
-1.6784836815122426
-1.6783660065714145
-1.6783279528450534
-1.6782615631879834
-1.6781737181614946
-1.6781611719011744
-1.6781064295510448
-1.6780638152199523
-1.6780009848380402
-1.6778482614382422
-1.6777043824551434
-1.6775717255848162
-1.677454680158615
-1.6773615162839794
-1.6773053019642803
-1.677281309418526
-1.6766947136329933
-1.6766659484670605
-1.676619379263789
-1.67658925526396
-1.676559165422839
-1.6765519566480145
-1.6765155010087855
-1.676470500343442
-1.6764630673031793
-1.676405618423587
-1.6763845571024856
-1.6763459960156895
-1.6762987612249058
-1.6762863104396513
-1.6762281188668242
-1.6762155302823318
-1.676172574767293
-1.6761362199818195
-1.6761205416197809
-1.676072675006802
-1.676061643869713
-1.6760294803943994
-1.6759923193408566
-1.675991353260042
-1.6759586065960415
-1.6759314892760964
-1.6759285908343233
-1.6759101976470163
-1.6758948820390218
-1.6758856496139638
-1.6758706947068014
-1.675818794624644
-1.6757730010528606
-1.675733381617482
-1.6756999661150667
-1.6756727489455092
-1.6756516920371203
-1.6756367321973757
-1.6756277965448347
-1.675503395242221
-1.6046405321685555
-1.6046321096114937
-1.6046181328697955
-1.6045986961232779
-1.6045739372668084
-1.6045440445439156
-1.6045092659745983
-1.6044699223436143
-1.6044264247701376
-1.6044047363096596
-1.6043957411794267
-1.6043807967977932
-1.6043792981349296
-1.6043599769031391
-1.6043333899621521
-1.604329211795246
-1.6043011850530564
-1.6042770188177833
-1.6042635604618962
-1.604223803851773
-1.6042207759623448
-1.6041731702137612
-1.6041709366678
-1.604121185360047
-1.604120121525629
-1.604073419882044
-1.6040654017769622
-1.604033205791813
-1.604006586943623
-1.6040019988344827
-1.603982134110739
-1.603945763257212
-1.6038842991086688
-1.6038240225861689
-1.6037673408751352
-1.6037173095201633
-1.60367752887117
-1.603651691528549
-1.602232943286916
-1.602232943115013
-1.6021479360253772
-1.6021194228678834
-1.6021107763070896
-1.602088749968274
-1.602044277098683
-1.6020318258285362
-1.6019544284291394
-1.6019526788054195
-1.6018548009719367
-1.6018457667431993
-1.6017410797693699
-1.6017217493905282
-1.6016139200075359
-1.6015850307048638
-1.6014753326288163
-1.601437655516698
-1.6013270249822007
-1.6012812304477912
-1.601170499137812
-1.6011170718161685
-1.6010071587338022
-1.6009463335132008
-1.6008384319324644
-1.6007701280621245
-1.600665930030398
-1.6005896638003756
-1.6004916800458704
-1.6004064377687348
-1.6003185027328
-1.6002225613403755
-1.60015066439558
-1.6000413837236385
-1.5999949979042791
-1.5998687771167563
-1.5998625874449235
-1.5997700394523284
-1.5997157774617012
-1.5996028405887517
-1.5986352842821188
-1.598635283317233
-1.5983388584289895
-1.5982364114174605
-1.598137501920437
-1.598072145552849
-1.5980507259915795
-1.5979063615618216
-1.597875034103845
-1.5977227165949435
-1.5976592602424606
-1.597513377850526
-1.5974318944489962
-1.5972864826299151
-1.5971968622120718
-1.5970468312120378
-1.5969566534034922
-1.5967973562618962
-1.5967131040827611
-1.5965399378212541
-1.5964678021686516
-1.5962758437055133
-1.5962223431893274
-1.596005973207127
-1.5959785408915055
-1.5957386544306984
-1.5957309976912952
-1.5955056825759613
-1.5954514465422098
-1.5952837751415319
-1.5951677651206588
-1.5950787990141873
-1.5948990106353678
-1.5948803627953885
-1.5947554897197849
-1.5946613496493116
-1.5945896721939061
-1.5942962715578033
-1.5940012901404246
-1.5937087328208812
-1.5933441078588497
-1.5933357355358104
-1.5930448266880315
-1.5927553379538235
-1.5924497503052668
-1.5921394607342927
-1.5918265232702173
-1.5917259095552576
-1.5916473969758067
-1.5915151880323415
-1.5915117600589432
-1.5913379874704832
-1.5911957073882863
-1.5911267045691302
-1.5908906227012363
-1.5908788412216568
-1.5906367170817315
-1.5905616653475172
-1.5903700643309178
-1.5902447702363853
-1.5900944156184367
-1.5899288963642757
-1.5898126778162558
-1.5896150235364437
-1.5895272825528481
-1.5893045137948913
-1.5892404849502604
-1.5889993566144347
-1.5889546473337859
-1.5887026123171661
-1.5886725746050872
-1.5884192506580737
-1.5883979974770788
-1.5881577838845304
-1.588136365276891
-1.5879333709283852
-1.5878962310348623
-1.5877724410301512
-1.5876916589911318
-1.587545757598816
-1.58714733244726
-1.587147332337075
-1.5856561260187672
-1.5855242153598916
-1.5853279867959895
-1.585249384700001
-1.5851367677212722
-1.5850901274875626
-1.5849645008959345
-1.5848275238495
-1.5847502868675585
-1.5845510196583645
-1.584509298590352
-1.5842674995546544
-1.5842523514795444
-1.5839868022213508
-1.5839816069897088
-1.5837178117743222
-1.5836968001439449
-1.583449278345913
-1.583415972932985
-1.5831844394191277
-1.5831418387668674
-1.5829262573353453
-1.5828771926085636
-1.5826776773056181
-1.582625111680504
-1.582441809204752
-1.582389121771771
-1.582222056347796
-1.5821733336009631
-1.5820221948908613
-1.5819825389396063
-1.5818463974448331
-1.5818222609540475
-1.5816992090384054
-1.581698807194956
-1.5816194067244973
-1.5815855818232698
-1.5815114111883308
-1.5813744202281712
-1.5813744200081352
-1.5770336991117562
-1.576978065086513
-1.576889491911205
-1.5767732466486266
-1.576635263745881
-1.5764814452108564
-1.5763360260522579
-1.576317256493811
-1.5762872723767545
-1.5762090604861947
-1.5761475702571863
-1.5761053963699454
-1.5759809991207627
-1.5759766630404202
-1.5758407981037825
-1.5758082830937594
-1.5756895854699646
-1.5756457373109085
-1.5755318280365362
-1.575491970003805
-1.57537159870859
-1.5753496218533953
-1.5752210658078927
-1.5752125792697895
-1.5751084209531894
-1.5750580957467417
-1.57501354759003
-1.5749380280913057
-1.5749111608371102
-1.5748831390408402
-1.5748498206937447
-1.5747745089167895
-1.57465061668029
-1.5745417072580477
-1.574449738752843
-1.574376380309509
-1.5743229804289187
-1.5742905332686554
-1.5639767806743725
-1.5637986687662457
-1.5613317741343231
-1.561331722897123
-1.5612918323889506
-1.5612386007060182
-1.5611587906977258
-1.5611071214279781
-1.5610603014797801
-1.5610538662969162
-1.560984736145604
-1.5609252347665066
-1.56088270420311
-1.560774466707908
-1.5607563249313148
-1.560607634103958
-1.5606032922416724
-1.5604386802656698
-1.5604135808393345
-1.5602515823542975
-1.5602073372053353
-1.5600485731624418
-1.5599867277878399
-1.5598320575592055
-1.5597541544786189
-1.5596047119939604
-1.559512403401046
-1.5593696578063083
-1.5592649212058538
-1.559130758992556
-1.5590163196158004
-1.5588931285659515
-1.5587732961737435
-1.5586639719792321
-1.5585462717999754
-1.5584538941545274
-1.558351935926443
-1.558278480474518
-1.5582153388130462
-1.5581586049244145
-1.5567033768279248
-1.5564360987619383
-1.5559858812719765
-1.5559858652291754
-1.5557131922899634
-1.5555184678080862
-1.5552958242781396
-1.5552601041948877
-1.5551374851479567
-1.5549637510296352
-1.554910184872221
-1.5546430456428177
-1.5546384954042904
-1.5543378815744224
-1.554305762747763
-1.5540177976309182
-1.553956640157717
-1.5536842553147963
-1.5535987740265056
-1.5533413431876169
-1.553234346982831
-1.5529920957988712
-1.5528650385691374
-1.552639025326514
-1.5524922885486165
-1.5522845011405233
-1.5521175096995425
-1.551931098001577
-1.5517423294539545
-1.5515820216358782
-1.5513689752819482
-1.5512417577529178
-1.5510010593172234
-1.5509171908231647
-1.5506454702143992
-1.5506196011423965
-1.5503679242746586
-1.5503175702610295
-1.5501919411313019
-1.5500559578266835
-1.548746410704696
-1.5487462433030208
-1.5485809499297034
-1.548188456299405
-1.5478715867356585
-1.547826085919267
-1.5475143076459374
-1.547254791841317
-1.5471398081172307
-1.5470531608438465
-1.5467762471253181
-1.5467567140924032
-1.5464557763878584
-1.546369173403382
-1.54610915898656
-1.545979593936476
-1.5457460918117971
-1.5455896469900954
-1.5453722829437546
-1.5452007236038576
-1.5449913194913727
-1.5448142009790016
-1.5446056246657236
-1.5444316597616892
-1.5442169805483532
-1.544055134630087
-1.543826846067191
-1.543687482166522
-1.5434365915638508
-1.5433329944018874
-1.5430477354317693
-1.5429984816745788
-1.542695177407098
-1.5426622862229502
-1.5424417013625407
-1.5422833994312304
-1.542266557665087
-1.5419169163985615
-1.541575642736783
-1.5412933700416822
-1.540785881820393
-1.5407858444318523
-1.5396436525716215
-1.5394474342681055
-1.5394110084363763
-1.5392972481341132
-1.5391139558608649
-1.539086170496402
-1.5388146634696207
-1.5387723817800314
-1.5385070353657229
-1.5384115347853606
-1.5381780528186246
-1.538041959738882
-1.5378366749518302
-1.5376687817248513
-1.5374885853342715
-1.5372949145368384
-1.537137669193115
-1.5369223058235262
-1.5367868584637647
-1.536552495343422
-1.5364386479640544
-1.536186916923581
-1.5360954609378976
-1.535827112830265
-1.5357599754667126
-1.5354749466995605
-1.5354355015205858
-1.535132884746966
-1.535126509764097
-1.5348394507962084
-1.5348044361999509
-1.534584037221677
-1.534494904312876
-1.5343750129822293
-1.53423335195642
-1.5342127124751743
-1.5339717512473108
-1.533795668862243
-1.5335406232385853
-1.5335406151595028
-1.5313861938871924
-1.5313440942047998
-1.5313074812786858
-1.53125489450352
-1.5311678236026347
-1.5310966035139661
-1.5309845285830674
-1.530893851844734
-1.530774151786585
-1.530666193215025
-1.5305490992700983
-1.5304267415818815
-1.5303180955269842
-1.5301840240390387
-1.5300873080100013
-1.5299437712574366
-1.529861267556048
-1.5297100775642851
-1.5296434824401461
-1.5294860785309303
-1.529436821010601
-1.5292743363538044
-1.5292437439361992
-1.5290770568613432
-1.5290664430715095
-1.5289069240270103
-1.5288962084235145
-1.528767058373805
-1.5287335816252472
-1.5286486278211668
-1.528590811824577
-1.528553383308399
-1.5284831314534875
-1.5284693786332435
-1.5284397816703734
-1.5283705948173925
-1.5282956108039727
-1.5282456040286825
-1.5282096453143639
-1.5282095827950868
-1.5147672140678095
-1.5147354866984861
-1.5146832151881058
-1.5146112936248877
-1.5145209429245623
-1.514413687222118
-1.5142913324967566
-1.5141905176136563
-1.5141578918792291
-1.5141559522566186
-1.5141040849529535
-1.514029935316155
-1.514009884622694
-1.5139365890543555
-1.513855744163014
-1.5138254789459304
-1.5136983063744625
-1.5136964502216437
-1.5135570311996123
-1.5135352708151528
-1.5134038747355003
-1.5133758765137688
-1.513241340724986
-1.5132223906931086
-1.513079409773334
-1.5130722585793601
-1.512951949999039
-1.5128998516851855
-1.512845262085852
-1.5127644583011843
-1.512727830006341
-1.5127139435382166
-1.5125604980298646
-1.5124028523172195
-1.512260613334949
-1.512140095630077
-1.512047791171344
-1.5119895808053456
-1.5077696454400844
-1.5076999230732757
-1.5076237112803348
-1.507623709621592
-1.5074769919041584
-1.50738302417846
-1.5073599093951018
-1.5072584363399748
-1.5072457747931294
-1.5071081232209722
-1.5070741513005903
-1.5069203547818157
-1.5068745147587068
-1.5067032307241874
-1.5066520725385801
-1.5064629570125192
-1.5064112537713201
-1.5062044708721567
-1.506155875823339
-1.5059317824318603
-1.5058892883698771
-1.5056482305742926
-1.5056145334167996
-1.505356709408601
-1.5053345359897987
-1.505059892300736
-1.5050523503232334
-1.5047715128915573
-1.5047604870290794
-1.5044966011967624
-1.5044615814325246
-1.5042341760678892
-1.5041671942752433
-1.503994370242217
-1.503883261698259
-1.5037932152922782
-1.5036542643504571
-1.5036195036342856
-1.5033927856586382
-1.503231266559906
-1.5016877997205027
-1.501687799235973
-1.5014041757762762
-1.5012429865863237
-1.5011785534174509
-1.5010496107681897
-1.5009905113228068
-1.5008084222298872
-1.5007780331070812
-1.5005398010073823
-1.5005145170091503
-1.500255013736466
-1.5002231059781483
-1.499960800764026
-1.4999154293701396
-1.4996615244368985
-1.4995978096188038
-1.4993602891964226
-1.4992739370371129
-1.499059570652853
-1.4989461126740686
-1.498761613121224
-1.4986158602853672
-1.498468732291883
-1.4982842461751893
-1.4981836068170191
-1.4979520565428688
-1.497909623888095
-1.4976513390294233
-1.497619902301321
-1.4974150930210992
-1.4972882868611408
-1.4972097334192829
-1.4970470672309195
-1.4969576584381818
-1.4969409992890172
-1.4966284683123336
-1.4963012824770958
-1.4959771458483246
-1.4956597353665195
-1.4952556922580125
-1.4952446712576104
-1.4949685982858727
-1.494668728965749
-1.494358053824322
-1.4940479227286143
-1.4938887849409992
-1.4938126118372312
-1.493740164514554
-1.4936820933922461
-1.4935077280334113
-1.4934355109207504
-1.493301808695721
-1.4931344446436534
-1.4930743235913633
-1.4928373953583012
-1.4928325419783655
-1.4925816052568017
-1.4925448154857759
-1.4923251865700156
-1.4922572305129767
-1.4920660023381682
-1.4919752927952021
-1.4918061788626802
-1.4916998567338882
-1.491547524237595
-1.4914320974496076
-1.4912917597354023
-1.491173710617658
-1.4910407695495873
-1.4909272643492395
-1.4907969538391457
-1.4906968391293318
-1.4905638461228459
-1.4904892008447697
-1.490347349409774
-1.490315812376372
-1.4901952112382122
-1.4901583900576687
-1.490018309102344
-1.4896590234262808
-1.4896590229167113
-1.4886337619929788
-1.4885278296868567
-1.4884448613364838
-1.4883764623967937
-1.4883582409081868
-1.4882283603178268
-1.4881996348079884
-1.4880702335111846
-1.4880102019265056
-1.4878958896672854
-1.4878155912424478
-1.4877134673563814
-1.487620159721452
-1.4875282439121718
-1.487426649098756
-1.487343731329663
-1.4872369636007152
-1.487162421334134
-1.4870525895450175
-1.486986243728684
-1.4868748408524655
-1.4868168505272492
-1.486705024043528
-1.4866558032752677
-1.4865445707442078
-1.4865047079658806
-1.4863951626731817
-1.4863653200244273
-1.4862588588264842
-1.4862396270789981
-1.4861382185577348
-1.4861299079572825
-1.4860387695641228
-1.4860363991253358
-1.4859691992182127
-1.4859572319907477
-1.4859247105646103
-1.4859054523286548
-1.4857954735605166
-1.4857954735035377
-1.484253698849495
-1.484225959777756
-1.4841831168689064
-1.4841290342673297
-1.4840675362236428
-1.4840019175136676
-1.4839348098279208
-1.4838781326913522
-1.483868235950589
-1.4838568797629295
-1.483823412994301
-1.4838037257308472
-1.4837801577235301
-1.4837424324058126
-1.483729762488685
-1.4836852284066393
-1.4836747554827532
-1.4836327780167402
-1.4836173602161808
-1.4835855904226585
-1.4835594368189984
-1.4835440577979628
-1.4835084824590614
-1.4835024963042842
-1.4834790961756477
-1.483456073855114
-1.483447746429819
-1.4834395431502458
-1.4834295910483675
-1.4833961449272108
-1.4833484487159354
-1.4833052551072403
-1.4832670345557049
-1.4832341559236586
-1.48320690559198
-1.4831855016804416
-1.4831701044210852
-1.4831608234839266
-1.4586625988707165
-1.4571899378256232
-1.4207255589239791
-1.4204424399724904
-1.4204324185644577
-1.420415697627356
-1.4203922562525142
-1.420362076778713
-1.420325152355536
-1.4202814934025494
-1.4202311329901816
-1.420174131995364
-1.4201105854856282
-1.4200900698334709
-1.4200804493739503
-1.4200644891549805
-1.4200423018458292
-1.4200406324606276
-1.4200140494623215
-1.4199799489617906
-1.4199644723547715
-1.4199402812663906
-1.4198954051109083
-1.4198823945173116
-1.419845777610351
-1.419794833337211
-1.4197919841898472
-1.41973478157645
-1.4197024772372204
-1.4196751588555343
-1.4196144226824547
-1.4196065001634384
-1.419554312008678
-1.4195090992104957
-1.419497140506446
-1.4194459393917682
-1.41941488492803
-1.4194045035463396
-1.4193770971759958
-1.4193349356620106
-1.4192129907539628
-1.4191655743735305
-1.4187765093696199
-1.4187159963427327
-1.4186429508464973
-1.4185326359895198
-1.4184001919277618
-1.4182537835122493
-1.4180973244383073
-1.417932825199177
-1.4177614340303748
-1.417699058125197
-1.4176576889903323
-1.4175919299648694
-1.4175838816261166
-1.4175054791440933
-1.4174020988197862
-1.4174006828452508
-1.4172851794185044
-1.4172122352136434
-1.4171576292428305
-1.4170219441562901
-1.4170188705223683
-1.416880347327223
-1.41682088357324
-1.4167349471297364
-1.4166185489039902
-1.41658789926372
-1.4164415775678616
-1.4164121302774353
-1.4162987647502945
-1.4162018839018056
-1.416162872583991
-1.4160381858549018
-1.4159880504924558
-1.4159300763997538
-1.4158450136155234
-1.4157899839108363
-1.4157708075666375
-1.4155499608260904
-1.415309497763601
-1.4152431519464954
-1.4151108560352648
-1.4150170077714581
-1.4148819475798342
-1.4146538958252852
-1.4144255185277974
-1.4141971861470868
-1.4139695423354284
-1.413743397140937
-1.4135197274161992
-1.413299703517106
-1.4130847286670223
-1.412876487150659
-1.4126769980326819
-1.4125196309374066
-1.4124886681279487
-1.412457260502208
-1.4123576279856518
-1.4123143319299851
-1.4122259005419264
-1.4121572570442025
-1.4120674955328782
-1.412021082857023
-1.4119096532863888
-1.4118873876846243
-1.4118267130722892
-1.4117754750911609
-1.4116898298081768
-1.4114783462335958
-1.41125585781112
-1.4110248543557908
-1.4107875819254816
-1.41054624652477
-1.4103032606293535
-1.4100615858325627
-1.4098252645057754
-1.409600286276852
-1.4093959409213845
-1.409226460806988
-1.4091112788372184
-1.4075160546803085
-1.4074628291036542
-1.407266280297311
-1.4071597670087599
-1.4069914121458416
-1.4067776583753029
-1.4065333276106657
-1.4063915939636542
-1.406329498781191
-1.4062686410623444
-1.40622996496472
-1.4060977818233358
-1.405990113227149
-1.4059380915930615
-1.4057558054145036
-1.405701905235931
-1.4055553528021036
-1.4054067797717664
-1.4053406506896453
-1.405115191065776
-1.4051066842289035
-1.4048821907194073
-1.4048031044602471
-1.404644784205062
-1.4044972959371258
-1.4044062688150891
-1.4041904634353615
-1.4041704344530956
-1.4039420368639293
-1.4038839473397773
-1.4037274934750534
-1.4035794911227475
-1.403535846496089
-1.4033797562658772
-1.4032797364443996
-1.4032753367712034
-1.4029893114961773
-1.402717550249889
-1.402485991873841
-1.402297313645649
-1.4022961670309806
-1.401123131348428
-1.4009449187331249
-1.400885630202249
-1.4007171996781036
-1.4005205449466238
-1.4004520743737392
-1.4004057652888031
-1.4002398431819418
-1.4001710277190134
-1.400040758081334
-1.3998836907926937
-1.3998210599797487
-1.3995951377787772
-1.3995893464503326
-1.3993517136502323
-1.3993085877608105
-1.3991127630622944
-1.3990264993066528
-1.3988762512948711
-1.398751074307642
-1.3986455075524378
-1.3984845271673303
-1.3984237081190407
-1.398229252908673
-1.3982140614652554
-1.3980199323309483
-1.3979879454674475
-1.397844916932259
-1.397763681223403
-1.397692871553144
-1.3975678882637887
-1.3975599615738485
-1.3974741868913498
-1.397415813640164
-1.3973806918863096
-1.397230062014214
-1.3971122929573117
-1.3970312378809244
-1.3969876494756397
-1.396986347044112
-1.3912596810910818
-1.3912112030316113
-1.3911322588933477
-1.3910255957313802
-1.3908948447894742
-1.3907441996608896
-1.3907138044881489
-1.390674693221424
-1.390608361562573
-1.390578086040252
-1.3905154837226732
-1.3904009175422696
-1.3903983275865666
-1.3902601497686657
-1.3902169644582338
-1.3901046934539405
-1.390030316134709
-1.3899358832778226
-1.3898449024996826
-1.3897576683299309
-1.3896645422768987
-1.389573965323488
-1.3894929920074401
-1.3893886659664012
-1.3893339753244414
-1.3892056809790818
-1.3891911751118236
-1.3890681739935262
-1.3890289983018718
-1.3889683341254941
-1.3888946185689628
-1.3888627347003912
-1.3888493744097314
-1.3887111579525537
-1.388578651614876
-1.388469588599085
-1.3883880807621212
-1.3883375946670804
-1.3873281493852545
-1.3862512813479457
-1.3813124505748
-1.3813062291586347
-1.3812680832471376
-1.381193096959081
-1.381083379790708
-1.3809418188102918
-1.3808180916854769
-1.3807717114332736
-1.380763477452893
-1.3806751521584597
-1.3805764817818107
-1.380556329471755
-1.3804105223542666
-1.3803594721367956
-1.3802412751802031
-1.3801238168046066
-1.3800520506668126
-1.3798723889786342
-1.379846195064061
-1.3796269544888553
-1.3796078056726373
-1.3793975390829532
-1.3793324797836388
-1.3791612423151292
-1.3790487195492307
-1.378921633361142
-1.3787588964354727
-1.3786828568815856
-1.378465745794471
-1.3784500979708225
-1.3782302910046775
-1.378172972930076
-1.3780331145397418
-1.3778866531722027
-1.3778720180369803
-1.3777640285539992
-1.3776189653177888
-1.3773994844688944
-1.3769740420920673
-1.3767086660200465
-1.3759210864394584
-1.3759180273061695
-1.375741049620951
-1.3754937781369116
-1.3752036979615836
-1.3748925705285124
-1.374748928784716
-1.3746369141237316
-1.3745700284138103
-1.3744686769465926
-1.3742610211226292
-1.374240852918317
-1.3740272999649377
-1.3739077394420078
-1.373777131358262
-1.3735724156282791
-1.373517385617025
-1.3732531870799445
-1.3732361475432422
-1.3729886546793497
-1.3729000060884422
-1.3727274172675499
-1.3725650432984002
-1.3724729844978658
-1.3722324547800462
-1.3722290352115176
-1.3719996583819494
-1.3719037905705498
-1.3717895536153513
-1.3716041625926545
-1.3715813029848343
-1.3714496515595587
-1.3713326020434102
-1.3712686038420636
-1.3712592432669877
-1.3709719965207245
-1.37070316259648
-1.3704834484644497
-1.370343322990845
-1.3702084003403203
-1.368858448184264
-1.3688202370521865
-1.3686820271847255
-1.3684423005518307
-1.3681704150333698
-1.3678828793282107
-1.3675883796602484
-1.3672919098122138
-1.3669967386746542
-1.3667053528870925
-1.3664199511304393
-1.3661427440740257
-1.3658761734878226
-1.365623102452952
-1.365608820584889
-1.36554048560828
-1.3654304003761037
-1.3653869957524694
-1.365283387875309
-1.3651720812891328
-1.3651048528837177
-1.3649834456736858
-1.3649001054089924
-1.3648269649509202
-1.3647089239327876
-1.3646739550964753
-1.3646352021837622
-1.364430543280074
-1.3641733297858285
-1.3639051589633715
-1.363628355025418
-1.3633448200393479
-1.363056123574978
-1.3627635827005602
-1.362468338961731
-1.3621714541227194
-1.3618741045863376
-1.3615783008617095
-1.3612924819730015
-1.3609970390307933
-1.3609249698141739
-1.3607583337576612
-1.3606559944163856
-1.36036487848129
-1.3602839089710084
-1.3602088823578178
-1.3600936290188383
-1.3600721458600262
-1.3599475662769165
-1.3597805257675055
-1.3597789403764513
-1.3595944507281805
-1.3594910096372155
-1.3593994584689324
-1.359204203501345
-1.3591983109142611
-1.3589946507784119
-1.3589205950135155
-1.358791687054073
-1.3586406368595845
-1.3585924354352077
-1.358399944305546
-1.3583647857047676
-1.3582175213283345
-1.358093530965481
-1.3580489655807437
-1.3578987824776525
-1.3578274272756015
-1.3577722984305698
-1.3576754948971592
-1.3576143122198425
-1.3575671424701172
-1.3573135398433285
-1.3570678335130069
-1.3568319072606134
-1.3566090240671655
-1.3564055166903795
-1.3562347384581819
-1.3561221097677456
-1.3560454893319334
-1.355294236586134
-1.3552283801170864
-1.355158253791903
-1.3550824475047456
-1.3550331603047823
-1.3550220461881908
-1.3549605700053284
-1.3548722532861395
-1.3548647935361593
-1.354774331484155
-1.354702295086045
-1.3546715793769963
-1.3545676640447846
-1.3545414452305335
-1.3544653943957188
-1.3543857075309051
-1.3543669373848066
-1.3542739863886148
-1.3542370627719629
-1.3541878846528521
-1.3541097127503448
-1.3540967799385975
-1.354040349150885
-1.3539805112498573
-1.3539657507453848
-1.3539307822836943
-1.3538916280563416
-1.3538634064023622
-1.3538463717200615
-1.353844646381761
-1.3537339950984415
-1.3536342216670934
-1.3535456672962516
-1.353468599287645
-1.3534032158220952
-1.3533496497787842
-1.3533079749696326
-1.3532782174929983
-1.3532603730056139
-1.3528606316113383
-1.3307368757314013
-1.3307248279330794
-1.3307048978787015
-1.3306773132329095
-1.3306423994113257
-1.3306005866910462
-1.3305524199390606
-1.3304985713331252
-1.3304398563964093
-1.330377253423922
-1.3303119257821225
-1.3302452453597833
-1.3301788132982069
-1.3301144707039607
-1.330054287355491
-1.3300005115097204
-1.3299554619220944
-1.3299396663859873
-1.3299251407283326
-1.3299213497492137
-1.3299010177079786
-1.3299000388418187
-1.3298674352932962
-1.3298246020592308
-1.3297728104336495
-1.3297124522621022
-1.3296440374913823
-1.3295682179536308
-1.329485819429124
-1.3293978864159233
-1.3293057453311365
-1.3292110928131682
-1.3291161148777197
-1.3290236357681722
-1.3289372731590885
-1.328861523455197
-1.328801608771264
-1.328762839779527
-1.3278309396096932
-1.3272332307051613
-1.3267309208530307
-1.3267309037941621
-1.3266854399947903
-1.3266352959167942
-1.3265615239655568
-1.3264674964508958
-1.3264281688506752
-1.3263647166040737
-1.3263562052333937
-1.3262668887693672
-1.326230446485756
-1.3261418972565653
-1.3260927963344702
-1.3259958251406543
-1.3259456176397728
-1.3258334711263224
-1.325791106097142
-1.3256585690939453
-1.3256313673685083
-1.3254740648533048
-1.3254685242597815
-1.3253048638731282
-1.3252823663524929
-1.3251430479686188
-1.3250855559463803
-1.3249864257266106
-1.324885579180352
-1.3248394992526342
-1.3247085580985338
-1.3246844373523032
-1.3246022846097052
-1.3245314946395552
-1.3244844254154318
-1.3242884846811576
-1.324100798186393
-1.323927866288608
-1.3237804095346906
-1.3236758632630945
-1.3231988410273663
-1.3231701430482206
-1.3229381237306725
-1.322938080251643
-1.3228489831122003
-1.322760628740309
-1.3226454455145649
-1.3225151929454173
-1.3223772841891395
-1.3222366768542935
-1.3220968690973045
-1.3219604810713723
-1.3218520395415376
-1.3218295941353972
-1.3217619207420592
-1.3217059480137343
-1.3216309535216664
-1.3215910540507352
-1.3214862576463753
-1.3214746783926945
-1.321392768826081
-1.3213116722033185
-1.3213041501607077
-1.321243923526663
-1.3211903379288963
-1.3211515739607118
-1.3211281169134659
-1.3211266591044548
-1.3209471048668942
-1.3207689942374892
-1.3205950436217704
-1.320427526041925
-1.3202684683040202
-1.320119759558443
-1.3199832042163642
-1.31986053679595
-1.3197534086832545
-1.319663353753057
-1.3195917393508656
-1.3195397099033495
-1.319508131247566
-1.3150687832864418
-1.3120390123559393
-1.3119879270264958
-1.3119557447226295
-1.311902755444506
-1.311829882378521
-1.3117383297510334
-1.311629513180792
-1.3115049911841103
-1.3113664065384005
-1.3112154439275188
-1.31105380852208
-1.3108832299826891
-1.3107054989970417
-1.310698888566432
-1.3106747789448023
-1.3106349962141715
-1.3105801199595901
-1.310522550882548
-1.310510925384781
-1.3104283563449592
-1.3103366274781458
-1.3103335012716746
-1.310227576951411
-1.3101505850219823
-1.3101119249905566
-1.3099880264992252
-1.3099684955826616
-1.3098575427294716
-1.3097968541049667
-1.309722393978966
-1.3096469236681858
-1.3095848972945612
-1.30953814965928
-1.309447996934532
-1.3093156404442508
-1.3091933714780832
-1.3090892131739593
-1.3090149157056827
-1.3088684754269435
-1.3088684750231407
-1.3081603240381996
-1.3080786314549118
-1.3079415396849696
-1.3077715668917065
-1.3076070445221526
-1.307583446300929
-1.3073855316496106
-1.3072741832124697
-1.3071983301412662
-1.3071827167714936
-1.3070872136413796
-1.3069781412275374
-1.3069527334763347
-1.3068034845041336
-1.3067740656330429
-1.3066453975100714
-1.3065723350774265
-1.3064826698104992
-1.306374651074124
-1.306318453120054
-1.3061827592420097
-1.3061553026343533
-1.3059986073100245
-1.3059954667533562
-1.3058410799529188
-1.305824503689618
-1.3056942966608522
-1.3056632932583738
-1.3055573852307396
-1.3055185548013801
-1.3054327879756673
-1.3053948109748295
-1.305323145887523
-1.3052977343153418
-1.3052342760486533
-1.3052312935720494
-1.3051602886158227
-1.3051137721139905
-1.305034213668829
-1.3050342134291113
-1.302906172755599
-1.3028676752349426
-1.3028072855752375
-1.3027295676539041
-1.3026393511063268
-1.302541096392995
-1.3024386179976901
-1.3023350519260724
-1.3022329379885527
-1.302134333218308
-1.302040917155641
-1.3019540760550725
-1.301874965098571
-1.3018459769237043
-1.301824190538809
-1.3018045519650454
-1.3017883724375063
-1.3017436459563037
-1.3017397329882174
-1.3016929164961157
-1.3016802010158697
-1.3016529041276788
-1.3016240264637484
-1.3016121401705005
-1.301606580971771
-1.3015380502035037
-1.3014603592263891
-1.3013813112131576
-1.3013029211400746
-1.3012269694717513
-1.3011550154784433
-1.3010884167434997
-1.3010283479861138
-1.3009758159866749
-1.3009316695548705
-1.3008966047112565
-1.3008711659698873
-1.3008557450279512
-1.2997925285470742
-1.2980800266401038
-1.28851855029075
-1.2885185491596949
-1.2884928637152493
-1.2884710923315343
-1.288448588041368
-1.2884375810308084
-1.2884290097768865
-1.2883974969698775
-1.2883930160370582
-1.288354861715849
-1.288337846813568
-1.288301745722647
-1.288272527908144
-1.2882387349562263
-1.2881975702963215
-1.2881664370778387
-1.2881135581363767
-1.2880855244403335
-1.2880211620475195
-1.2879967650906619
-1.2879211595591662
-1.2879010571478682
-1.2878144714769255
-1.2877994788812688
-1.287702227053993
-1.287693369204452
-1.2875858810879108
-1.2875844610751566
-1.2874751048611714
-1.2874674273158229
-1.2873686406704337
-1.2873497956441806
-1.2872699951511413
-1.2872376036622888
-1.2871865068821744
-1.2871385544533287
-1.2871284766669737
-1.2870656479719018
-1.286861352612758
-1.2868447198172763
-1.2859461593561854
-1.2859461535629506
-1.2858150868794904
-1.2857213510961734
-1.2856199264430046
-1.2855942168429202
-1.285547125962883
-1.2854461114057016
-1.285439801844393
-1.2853086322640364
-1.2852841168977465
-1.2851611006393506
-1.2851124419773838
-1.2850021739351274
-1.2849337066084583
-1.284835205136456
-1.2847496343384712
-1.2846625779826777
-1.2845614292347427
-1.2844861218508312
-1.2843699883579425
-1.2843073866273396
-1.2841760299936429
-1.284127849262161
-1.283980182014122
-1.2839491066230366
-1.2837830604217013
-1.283773106734553
-1.2836024855027803
-1.283585371483586
-1.2834411104517052
-1.2833881054108178
-1.2832949687261836
-1.2831930277677834
-1.2831734299370539
-1.2830900724196705
-1.2830043013250767
-1.282835810445444
-1.28248305687838
-1.2823962693557343
-1.28226970754045
-1.2822687396138577
-1.282058190347975
-1.2818792939260817
-1.281687004371405
-1.2814903846085395
-1.28130480481833
-1.2812923921189339
-1.2812222586701252
-1.2811000103828358
-1.2810944446291106
-1.280950807844026
-1.2808974582355217
-1.2807838424906777
-1.2807021935656673
-1.2806050877564132
-1.2805094152110659
-1.2804183459468954
-1.2803199984986693
-1.2802260738740345
-1.280135033370024
-1.2800299050041277
-1.2799559538556275
-1.2798309611498928
-1.2797847182644437
-1.2796300376583238
-1.279624065180715
-1.2794778576602004
-1.2794277148825262
-1.2793514645137642
-1.2792519377802691
-1.2792244260563235
-1.279187396468272
-1.2790204977435968
-1.278816169458702
-1.2786115871408568
-1.278406726266642
-1.2782009276493
-1.277982844426949
-1.277923596947874
-1.277826701231522
-1.2777148663105709
-1.2776036075060628
-1.277400210916531
-1.2771990655869527
-1.2770994696862281
-1.2770343399354247
-1.2769993974246483
-1.2769360653410435
-1.2768140856502495
-1.276801104727226
-1.276675967285817
-1.2766042397976018
-1.2765271694779459
-1.2764089179528997
-1.2763715386943193
-1.276215298110371
-1.2762118421549895
-1.2760501755976354
-1.2760235847894807
-1.2758882560164433
-1.275834042269898
-1.2757276441476462
-1.2756470221026786
-1.2755699410785966
-1.275463011756738
-1.2754170021178945
-1.2752827220559126
-1.2752712175022947
-1.275135922361833
-1.2751072517426436
-1.2750159948900237
-1.274938415716869
-1.2749185756455468
-1.2748532704582232
-1.2747794418649552
-1.274636536522296
-1.2745226196562733
-1.2744109314585697
-1.2744108319303313
-1.2736366220007935
-1.2735855451011597
-1.273529185327537
-1.2734263814543727
-1.273355147024575
-1.2733001368931467
-1.2732953284826656
-1.2732091283678801
-1.2731635937654864
-1.2731065485457398
-1.2730232105287345
-1.2729946045711862
-1.2728825261560681
-1.2728780332005534
-1.2727601133607225
-1.2727437413384177
-1.2726432416042628
-1.272608426722486
-1.2725292946250861
-1.2724778618747146
-1.2724198521964591
-1.2723532100403874
-1.2723163342888746
-1.2722356140535265
-1.2722200851629952
-1.2721324234479592
-1.2721262495469767
-1.272054669646239
-1.2720263500468418
-1.2719881591120714
-1.2719372083268385
-1.2719342461403016
-1.2718942945274525
-1.2718696136323626
-1.2718601535844194
-1.271796502775835
-1.2717474866448333
-1.2717141567059478
-1.271696340735064
-1.2716958245037842
-1.2682554917435462
-1.2682385831922627
-1.268210763665638
-1.2681726519566117
-1.2681251727687979
-1.2680695108866222
-1.2680070328613247
-1.2680060819801955
-1.2679392107735754
-1.2678809799748216
-1.267867567268012
-1.2678613697000358
-1.267829846851046
-1.267793646474965
-1.2677876909730696
-1.2677362502919576
-1.2677190074328604
-1.2676768916809829
-1.2676452334272597
-1.2676109922182133
-1.2675739494850207
-1.2675399383146797
-1.2675068391700377
-1.267465130612477
-1.267445649901811
-1.2673921734810536
-1.267387998223581
-1.2673481872280097
-1.2673153450826704
-1.2673100241118915
-1.267295021962896
-1.2672327809820476
-1.2671579742764958
-1.2670874844708109
-1.2670233932672215
-1.2669679672258864
-1.2669235618815609
-1.2668924107333845
-1.2668761044528323
-1.2665349781895046
-1.2650854444825068
-1.265084818268798
-1.26506704046706
-1.2650339167821896
-1.2649864124369672
-1.2649265941630239
-1.264923739188208
-1.2649020633895942
-1.2648674567552098
-1.2648565885930532
-1.2648216363822715
-1.2647783681374247
-1.2647663844287833
-1.2647034070570389
-1.2646936505972095
-1.2646342820268037
-1.2646038780944129
-1.2645604487497177
-1.2645102392059915
-1.2644832238615566
-1.2644137090671161
-1.2644038358383518
-1.2643234768355667
-1.264315093920243
-1.2642433744608528
-1.2642150751898646
-1.2641648918050044
-1.2641142543561832
-1.264089670403526
-1.2640198339760922
-1.2640132066614014
-1.263958253392221
-1.2639125659050119
-1.2639087811263916
-1.2638761057325645
-1.2638132071362602
-1.2637167720194271
-1.26362772252962
-1.2635468231489289
-1.2634999746690656
-1.263326499251876
-1.26332361456691
-1.2632545501488754
-1.2631690960619701
-1.263078587820153
-1.2629871835504325
-1.262979290424948
-1.2629510583499048
-1.2629088554531644
-1.2628964271523624
-1.2628572349746037
-1.2628071108500103
-1.2627999183463725
-1.26273964317659
-1.2627197720842407
-1.262678382718684
-1.2626348651034962
-1.2626175947657101
-1.2625584088503061
-1.2625528363052863
-1.2625017512271164
-1.262474166551452
-1.262448424800114
-1.2623994010120745
-1.2623991588338361
-1.2623546381093065
-1.262329173269562
-1.2623155169814417
-1.262282420809167
-1.2622642241049091
-1.2622559351328144
-1.262236581898398
-1.2622247831494962
-1.2622054104778857
-1.2621536944701375
-1.2621100947718704
-1.2620755765146956
-1.262050860614295
-1.2620362010217552
-1.2619883842099717
-1.261311104337828
-1.2608008693475166
-1.2607884601420212
-1.2607685964643132
-1.2607423396056785
-1.2607109163117933
-1.2606755796698923
-1.2606375193812032
-1.2605978196869285
-1.2605574512901363
-1.2605172825599043
-1.2604780988870286
-1.2604406230769956
-1.260405532529528
-1.2603734705658962
-1.2603450500750222
-1.2603208482251862
-1.2603013918595096
-1.2602871347203395
-1.2602784298052256
-1.2598127003401471
-1.259805076677941
-1.2597925447044092
-1.2597753518148236
-1.2597538192605036
-1.2597283221292734
-1.259699269287342
-1.2596670855059624
-1.259632197250061
-1.259595022933416
-1.259555968077352
-1.2595154259432089
-1.2594737851595024
-1.2594314484634244
-1.2593888733806766
-1.2593466641888686
-1.2593058004445843
-1.259268262382212
-1.2592387056352166
-1.259135522141223
-1.2590948390235814
-1.2590945760428742
-1.259069480061869
-1.25905441670081
-1.2590478571595662
-1.2590375030506331
-1.259036551153657
-1.2590239670219505
-1.259007860194774
-1.258998553943253
-1.2589897620843344
-1.2589702163599386
-1.258958623088042
-1.258949732833999
-1.2589287917684746
-1.2589180771186648
-1.2589078500613062
-1.2588873489171017
-1.2588775471818614
-1.258867722117807
-1.2588494034376838
-1.2588373789498508
-1.2588328310201025
-1.2588184456815599
-1.2588066795602681
-1.2587979322849396
-1.2587977849121188
-1.258792535168428
-1.2587589083847175
-1.2587208532478456
-1.2586836990315577
-1.2586475091769322
-1.2586123358780568
-1.2585782231087173
-1.258545208659574
-1.2585133256993306
-1.2584826044491075
-1.2584530760158255
-1.258424798688471
-1.2584017197600006
-1.2583970771437258
-1.258396997115816
-1.2583715989794362
-1.2583707293453754
-1.258367297926212
-1.2583620140842773
-1.2583553306786945
-1.2583476779226472
-1.258347017051854
-1.2583394325249153
-1.2583309133005256
-1.2583236817866332
-1.258322385260034
-1.2583140662037098
-1.2583061337622787
-1.258301622647541
-1.25829873200331
-1.2582919772141428
-1.2582859627421519
-1.2582808544674413
-1.25828076292053
-1.258276436175607
-1.2582730274317413
-1.2582705699243122
-1.2582690865143025
-1.2582613883049498
-1.2582432333345472
-1.258226397421815
-1.258210887377924
-1.2581967091082906
-1.258183867717512
-1.258172367592452
-1.2581622124723209
-1.2581534055096741
-1.2581459493240974
-1.2581398460492654
-1.2581350973735215
-1.2581317045737956
-1.2581296685425356
-1.2576204582404227
-0.6733296018502379
-0.6733283686842133
-0.6733263295634205
-0.673323509173585
-0.673319942983087
-0.6733156781586561
-0.6733107747431082
-0.673305307075276
-0.6732993654001922
-0.6732930575616906
-0.6732865105801722
-0.6732798717866295
-0.6732733090089565
-0.6732670091074959
-0.6732611739932588
-0.6732560132528688
-0.6732517328216044
-0.6732485199482953
-0.673246525972641
-0.6729573409035519
-0.6729555694079586
-0.6729526203531515
-0.6729484990227318
-0.6729432130840388
-0.6729367729010801
-0.6729291920089012
-0.6729204878270953
-0.6729106827443767
-0.6728998058038168
-0.6728878954021218
-0.6728750037781895
-0.6728612048142778
-0.6728466083020221
-0.6728313875607108
-0.6728158362137238
-0.6728004910271426
-0.6727863970037603
-0.6727755478206024
-0.6727701614581056
-0.6727686733571953
-0.6727076604288722
-0.6727029363543967
-0.6726951744941182
-0.6726845437111962
-0.6726712721105328
-0.6726634403144551
-0.6726556315338261
-0.6726500009892579
-0.6726379227428615
-0.672631428658483
-0.672618465783884
-0.672609812376848
-0.6725975966341106
-0.6725862430564608
-0.6725756696356685
-0.6725613050190603
-0.672553064865465
-0.6725353502653714
-0.6725301996387874
-0.6725086256417493
-0.672507543257778
-0.6724856334448454
-0.6724813340139831
-0.6724650911125349
-0.6724536677802126
-0.6724466266637752
-0.6724310259910667
-0.6724258316579103
-0.672419100299305
-0.6724115880509596
-0.6723980631361415
-0.6723706559688156
-0.6723439913845676
-0.6723185814721947
-0.6722951265385252
-0.6722745751866933
-0.6722581331162297
-0.6722470697813188
-0.6722406186825449
-0.6722354427681654
-0.6719452439406108
-0.6719354406298638
-0.671920560481023
-0.6719020823955855
-0.6718813073458422
-0.6718617454408212
-0.6718592525399468
-0.671853781799035
-0.6718411019332252
-0.6718366836097922
-0.6718244537232873
-0.6718141799651843
-0.6718046751457815
-0.6717921919718276
-0.671782596981963
-0.6717710817731846
-0.6717589892620427
-0.6717511501089889
-0.6717345423042639
-0.6717326531501627
-0.6717158126495484
-0.6717098677820518
-0.6717008217158158
-0.6716878477523763
-0.6716855082674054
-0.671677033593093
-0.6716684975429017
-0.6716623328258734
-0.6716619483817101
-0.6716586068064798
-0.6716396242396337
-0.671618929960295
-0.6716002210823173
-0.671583815215406
-0.6715699904875843
-0.671558982456122
-0.6715509802013442
-0.6715461223264629
-0.670244237017782
-0.6699082022834184
-0.6682801979399069
-0.6682714034103254
-0.6682568387202441
-0.6682366407651912
-0.668210996875991
-0.6681801415436988
-0.6681443536407488
-0.6681039551579167
-0.6680593127567764
-0.6680108439086186
-0.6679590302540807
-0.6679044424168179
-0.6678477834276833
-0.6677899630940223
-0.6677322240969973
-0.6676763510558598
-0.6676249913765725
-0.667582034424857
-0.6675819134919428
-0.6675762103821266
-0.6675667774881444
-0.6675537238834307
-0.667552660020144
-0.6675372036842072
-0.6675174177747493
-0.6674946164684212
-0.6674691034239333
-0.6674412411731654
-0.667411458594935
-0.6673802605223151
-0.6673482392800092
-0.6673160871203768
-0.6672846070177969
-0.6672547169715869
-0.6672274404757577
-0.6672038762480629
-0.6671851554126748
-0.6671724809198489
-0.667157449140478
-0.6671574483015289
-0.6669033680484582
-0.6668698205753021
-0.666819286907153
-0.6667567406815879
-0.6666861067103909
-0.6666101572557908
-0.666530833263306
-0.6664495627212123
-0.666367486083572
-0.6662856055382183
-0.6662048872410534
-0.6661504484988979
-0.6661373291361021
-0.6661263375438707
-0.6661162934239474
-0.6660884199198142
-0.666054961991809
-0.6660510653257341
-0.6660172130478101
-0.6659803351621895
-0.6659764205920162
-0.6659337450835016
-0.6659156089496481
-0.6658902490066654
-0.6658585655040021
-0.6658469016789876
-0.6658110786763705
-0.6658045894451838
-0.665775125517703
-0.6657641250772668
-0.6657525850877687
-0.6657262531746209
-0.6656916502358385
-0.6656609193542274
-0.6656345807078238
-0.6656130606721956
-0.6655966851814777
-0.6655856942892606
-0.6655791328497993
-0.6655790805351738
-0.6642813262709388
-0.6642632416822645
-0.6642344952348098
-0.6641968504136887
-0.6641522855853021
-0.6641027587408185
-0.6640500731993022
-0.6639958262164702
-0.6639414077273414
-0.663888021966295
-0.6638367151467975
-0.663788400782594
-0.663743879360753
-0.663703851746094
-0.6636689269240589
-0.6636396251825094
-0.6636163779847752
-0.6635995257812485
-0.663589314916018
-0.6619585909199267
-0.6619504010249166
-0.6619369917547244
-0.6619187138567396
-0.6618960394274135
-0.6618695455043221
-0.6618398959244267
-0.6618078227191586
-0.6617741079177675
-0.6617395661596349
-0.661705028085309
-0.6616713241645048
-0.6616392684713406
-0.6616096419463738
-0.6615831748814114
-0.6615605286947323
-0.6615422774765856
-0.6615288901995194
-0.6615207148106327
-0.656892671808084
-0.6564638368046531
-0.6564305759488692
-0.6564172622068124
-0.6563942466134545
-0.656361199627123
-0.6563181864250835
-0.6562655161172365
-0.6562036390093131
-0.6561705927487138
-0.6561330981866033
-0.6561243753030238
-0.6561025825999119
-0.6560684445292767
-0.6560545121711192
-0.6560231656677811
-0.6559685770048503
-0.6559676678315098
-0.6559028126971962
-0.6558760855777325
-0.6558294809397005
-0.655777968764943
-0.6557486070333847
-0.6556753704331953
-0.655661208071141
-0.6555697802003225
-0.6555684216133273
-0.6554715627732371
-0.6554632685101766
-0.6553722120301062
-0.6553589017475466
-0.6552723487031538
-0.6552614447307281
-0.6551783572436007
-0.6551745470751582
-0.6551203805081075
-0.6550822425053417
-0.6550000242575782
-0.6549337617182254
-0.6548900978647512
-0.6541892829819049
-0.6540196639422098
-0.6540159009919975
-0.6539567876945016
-0.6538576374413356
-0.6537325308307893
-0.6535904964578269
-0.6534367913457014
-0.6533073590406161
-0.6532745729504335
-0.6532607274182562
-0.6531900951313449
-0.6531058351779402
-0.6530928731076189
-0.6529758819707542
-0.652931911400456
-0.6528444887014881
-0.6527537501885117
-0.6527027131334712
-0.6525720741784122
-0.6525535598815316
-0.6523993621904336
-0.652387480166934
-0.6522420614823141
-0.6522005138911178
-0.6520834276796229
-0.6520117453904505
-0.6519252468116621
-0.6518218800240382
-0.6517695045021795
-0.6516319852040383
-0.6516185923244802
-0.6514755602814292
-0.6514440827727617
-0.6513444237954257
-0.6512630958511618
-0.6512304805561042
-0.6511404441505171
-0.6511050069208704
-0.6510819093738426
-0.6505600232313884
-0.6505532286408752
-0.6505039531884954
-0.6503366852559203
-0.6501506451345015
-0.6499563078713192
-0.6497584186446586
-0.649559060658595
-0.6493594423307363
-0.6491604734121746
-0.6489629997785443
-0.6487679320767629
-0.6487610517040479
-0.648718426483344
-0.6486403005493246
-0.6485763455977238
-0.6485315400477731
-0.6483983931235664
-0.6483895845763442
-0.6482464640819132
-0.6482093906916871
-0.6480802311584248
-0.6480380700103491
-0.6479030982520119
-0.6478787036050351
-0.6477353800126945
-0.6477176111464242
-0.6476133587767312
-0.6475256828548108
-0.647518944537317
-0.6474587236580376
-0.6473287803466897
-0.6471280697679733
-0.646924532786342
-0.6467190734324578
-0.6465126457366823
-0.646306465551568
-0.6461024801689623
-0.6459046848960691
-0.6457237124320818
-0.64558168359398
-0.6455776830166211
-0.6450092833661709
-0.6450045563949655
-0.6449601547240983
-0.6448802344511408
-0.6448734091225697
-0.644770988256784
-0.644690846382096
-0.644639717938897
-0.6444926755267892
-0.6444920318201373
-0.644334765287787
-0.6442869644843077
-0.6441697651183798
-0.6440794555449861
-0.644000645032047
-0.6438713356490742
-0.6438298553384507
-0.6436636986932541
-0.6436595653256735
-0.6434918673422376
-0.643457344386098
-0.6433289692021118
-0.6432529706298983
-0.6431733974438015
-0.6430512809374787
-0.6430282275587478
-0.6428973357631992
-0.6428530685240363
-0.6427856068632529
-0.6426989040105132
-0.6426593098883158
-0.6426434429184182
-0.6424712978915414
-0.642290857032091
-0.6421207124495536
-0.6419651258045431
-0.6418309048704623
-0.6417285183507755
-0.641671294021432
-0.6416586636619022
-0.6406482401603601
-0.6406124627251754
-0.64055417323143
-0.6404917863832723
-0.6404773430804125
-0.6404358620582432
-0.64038713157526
-0.6403488554950515
-0.6402884539950673
-0.6402414438963729
-0.6401854112887785
-0.6401230513505816
-0.6400812539610394
-0.6400001775446209
-0.6399785322671983
-0.6398792688866173
-0.6398770504762411
-0.6397851013732364
-0.6397564730002036
-0.6396973866132248
-0.6396403952700971
-0.6396172731156274
-0.6395457489390117
-0.6395302517403412
-0.6394836715526047
-0.6394317838071092
-0.6394271529977293
-0.6393907184315598
-0.639360992624849
-0.6393429948612769
-0.63933199423391
-0.6392455157304653
-0.6391683345640393
-0.6391009575622048
-0.6390437802730046
-0.6389970740314385
-0.6389609642595409
-0.6389354125988009
-0.6389202368414606
-0.6388182258736012
-0.6274609724159415
-0.6274492490514592
-0.627429965157087
-0.6274035004764595
-0.6273703811481042
-0.6273312744946256
-0.6272869826000865
-0.6272384346568396
-0.6271866778419936
-0.6271328661801552
-0.6270782464931445
-0.6270241401874994
-0.6269719193826485
-0.6269229758739037
-0.6268786818212946
-0.6268403420096746
-0.6268091390913408
-0.6267860752466005
-0.6267719157415543
-0.624598332598454
-0.6245806244162757
-0.6245512989921838
-0.6245106395532661
-0.6244590450278482
-0.6243970338746928
-0.6243252511216204
-0.6242444803780349
-0.6241556632131726
-0.6240599290851517
-0.6239586399437478
-0.6238534545009464
-0.6237464172439952
-0.6236400746146151
-0.6235376109532597
-0.6234429714614101
-0.6233608883132321
-0.6232966534762412
-0.6232554506678288
-0.6211275118743969
-0.6211001746821847
-0.6211001356549766
-0.6210675527611649
-0.6210293454685685
-0.6209751782068358
-0.6209068912010365
-0.620825979489435
-0.6207859212611803
-0.6207418381477311
-0.6207339854129641
-0.6206601025990999
-0.6206325555266224
-0.6205471770100501
-0.6205234484957606
-0.6204096408999086
-0.6204085445701288
-0.6202898702642718
-0.6202529995101129
-0.6201696430993764
-0.6200816410306417
-0.6200503376502332
-0.6199347696222319
-0.6198990358909918
-0.619826184866284
-0.6197283199626368
-0.6197079721414773
-0.6196453671432949
-0.6195817398308777
-0.6195415420997904
-0.6195107709900749
-0.6193094756538199
-0.6191060269863583
-0.6189024517004906
-0.6187011044716422
-0.6185050340344489
-0.6183185976009657
-0.6181485263254531
-0.6180056157359974
-0.6179063143734259
-0.6172813186617089
-0.617281313612433
-0.6172529094258242
-0.6172088205121594
-0.6171531574592225
-0.6170796662124762
-0.6169933692149462
-0.6168984908534764
-0.6167986435227286
-0.6166968637210926
-0.6165956864863009
-0.6164972349036267
-0.6164033020862675
-0.6163328291554138
-0.6163154166320188
-0.6162556932980869
-0.6162348905444359
-0.6161628518867867
-0.6161384495622925
-0.6161002653275041
-0.6160479436573135
-0.6160065529755713
-0.6159946036917401
-0.6159766138114139
-0.6159585000328411
-0.6158355100259211
-0.6156690737142866
-0.6155005988711791
-0.6153337760616339
-0.6151713492650477
-0.6150155118425045
-0.6148681336638038
-0.6147308893171486
-0.6146053274481756
-0.6144929029915466
-0.614394983845265
-0.6143128379950429
-0.6142476044125895
-0.6142002506746712
-0.6141715222170743
-0.6132659009447851
-0.6090384744820145
-0.6038949187461192
-0.6038685113948952
-0.6038249087898512
-0.6037647093058134
-0.6036887211517615
-0.6035979386859185
-0.6034935194012052
-0.6033767659983506
-0.6032491183226677
-0.6031121606501708
-0.6029676513956886
-0.6028175854622284
-0.6026643049794153
-0.6026454135512526
-0.6026256370842776
-0.6025928304959431
-0.6025472253910296
-0.6025106826521208
-0.6024891461302153
-0.6024190090959989
-0.6023604116158812
-0.6023373213211386
-0.6022446791585501
-0.6022184348440346
-0.6021417684957089
-0.6020914912991171
-0.6020293690656728
-0.6019885265691002
-0.6019201690117887
-0.6019083669646536
-0.601779782238392
-0.6016448238093653
-0.6015049952304791
-0.6013622986380736
-0.6012196351241472
-0.6010815996883093
-0.6009560007806208
-0.6008563454600788
-0.6007761444480574
-0.600775946052361
-0.5999898278446142
-0.599922309729208
-0.5998650045308266
-0.5998174273580908
-0.5997705685491512
-0.5996841645159628
-0.5996382885477399
-0.5995310349242274
-0.5994843261239836
-0.59936484766702
-0.5993181638890542
-0.5991907064454557
-0.5991452330390079
-0.5990124390272178
-0.5989688751055505
-0.5988330342369768
-0.5987913817947789
-0.5986549802318537
-0.5986145260449915
-0.5984805118091902
-0.5984398509762777
-0.5983117964475613
-0.5982688486646982
-0.5981510840387171
-0.5981030930212827
-0.5980008351337096
-0.5979443596343458
-0.597863831288515
-0.5977947484618992
-0.5977432588080589
-0.5976568092072871
-0.5976427440251669
-0.5975662977789111
-0.5975336421898628
-0.5975180519719814
-0.5974289014130755
-0.5973465963897564
-0.5972908849916309
-0.5972415182254144
-0.5972414982261042
-0.5954256853437344
-0.5953919008683193
-0.5953395957226196
-0.5952733409569609
-0.5951976781263559
-0.5951165491804112
-0.5950459333842819
-0.5950331405319126
-0.595017082056661
-0.5949715980958964
-0.594949943488255
-0.5949127053817634
-0.5948688849784046
-0.5948439238473862
-0.5947914581922968
-0.594768620284764
-0.5947188295757554
-0.5946897714277846
-0.594651919413623
-0.5946098907187303
-0.5945914601684368
-0.5945380379239871
-0.594531047800347
-0.594492121562826
-0.5944549267725552
-0.5944540832044608
-0.5944242124443504
-0.594402726170724
-0.5943897751769813
-0.5943828924708257
-0.5943160507882239
-0.5942552984280522
-0.5942013618473583
-0.5941548268126625
-0.594116160372522
-0.5940857269132411
-0.5940637996589194
-0.5940505686534058
-0.5760543921264394
-0.5689972064992128
-0.5627611715940706
-0.5627374618224941
-0.5627229871545267
-0.5626973268703424
-0.5626598583492268
-0.5626104333209403
-0.5625491214127812
-0.5624846987812124
-0.5624761053177848
-0.5624660731372215
-0.5624353048068556
-0.562392748483171
-0.5623916491332404
-0.5623388288569978
-0.562296095027677
-0.5622740244944632
-0.5621988749437581
-0.5621898748327929
-0.5621140050033474
-0.5620735357155724
-0.5620201632155883
-0.5619477861017058
-0.561918277140215
-0.5618135763118371
-0.5618095336633058
-0.5616954991209944
-0.5616722436249798
-0.5615783023599987
-0.5615257838582427
-0.5614609128606444
-0.5613773840137999
-0.5613475455129927
-0.5612441738336957
-0.5612325126561669
-0.5611589251352803
-0.561101618049463
-0.561101171543284
-0.5610018864163222
-0.5606558241167695
-0.5603524663590582
-0.5596511070225474
-0.5596499142765833
-0.5595532759926727
-0.5594059445485186
-0.5592167886561609
-0.5590003702267294
-0.5589381846441883
-0.5588518726926573
-0.5587649455159505
-0.5587200565543446
-0.5585537561794081
-0.5585152464987122
-0.5583618082194489
-0.5582541384002
-0.558150636607381
-0.5579834827924204
-0.557924853437223
-0.5577045839481756
-0.5576878945909832
-0.5574425094800226
-0.5574184301522714
-0.5571911263483424
-0.5571258355960205
-0.5569361541918785
-0.5568275381022763
-0.5566802853374402
-0.556524289366605
-0.5564268687910717
-0.5562169800740443
-0.5561804437057931
-0.5559475477546619
-0.5559068909813611
-0.5557378880069777
-0.5555963591553358
-0.5555656436038293
-0.5554494872927169
-0.5552910892419385
-0.555011475110315
-0.5543576506934857
-0.554152087204207
-0.554145241438639
-0.5538149998555087
-0.5534997654279554
-0.553487292185612
-0.5531693308591557
-0.5528323256336676
-0.5524918801782591
-0.5524025754701037
-0.552267440200064
-0.5521497181911864
-0.5520659463131227
-0.5518178550691174
-0.5518071396456229
-0.5515375417096985
-0.5514653779316134
-0.5512344857685707
-0.5511257912191444
-0.5509148245003812
-0.5507900185865572
-0.5505825921891133
-0.5504601565266983
-0.5502405162892786
-0.550138994971076
-0.5498905007867371
-0.5498303524023967
-0.5495395494615606
-0.5495339181690915
-0.5492740316856652
-0.5491717880106245
-0.5490440259754829
-0.5488627673563498
-0.5488048876234825
-0.548745244786613
-0.5484338198261925
-0.5480590488915283
-0.5476808989808111
-0.5472994558636218
-0.54691393133698
-0.546508544325104
-0.5463973002293011
-0.5461681792597284
-0.5457668058854587
-0.5453747181039503
-0.5452568925031371
-0.5449829725647187
-0.5446626468150431
-0.5445909321881226
-0.5445264534657741
-0.5443234045272417
-0.5441986518401293
-0.544072864241309
-0.5438063742150894
-0.5437893208551345
-0.5434829692315902
-0.543414442619521
-0.5431609832112132
-0.5430232926660735
-0.542828571787096
-0.5426334735338464
-0.542489735113666
-0.542245693051078
-0.5421478034976684
-0.541860895321616
-0.5418058556421195
-0.5414803932679164
-0.5414671028143605
-0.5411353272439815
-0.5411061025148377
-0.5408154876708214
-0.5407409739935458
-0.5405146588499877
-0.5403898383940059
-0.5402435361731418
-0.5400611491307975
-0.5400186339937801
-0.5398641472976461
-0.5397707626397661
-0.5395503152670662
-0.5391658194677584
-0.5391658128444942
-0.5372571697792704
-0.5371262550500545
-0.5369024858250032
-0.5368868242685955
-0.536718355864548
-0.5366251765265299
-0.5365545235286532
-0.5363336377674623
-0.5363197240071687
-0.5360775260022602
-0.536000658262155
-0.535800776059536
-0.5356765478855582
-0.5355132896873386
-0.5353529451096771
-0.5352220265535768
-0.5350339114828226
-0.5349321984383205
-0.5347228128590682
-0.534648028702475
-0.534422756982853
-0.5343732250599299
-0.5341368505575108
-0.5341112745826531
-0.5338683559674394
-0.5338656263948296
-0.5336397977778332
-0.5336207805252413
-0.533437423717581
-0.5333979073799174
-0.5332622689621052
-0.5332037693313555
-0.533118242585843
-0.5330425851930531
-0.5330095058560724
-0.5329407493672575
-0.532918783888562
-0.5328377025141063
-0.5327175964239933
-0.532717595349343
-0.5248969163821453
-0.5248425373270155
-0.5247541234527431
-0.5246347446493476
-0.5244882587680658
-0.5243190108327974
-0.5241315806933505
-0.5239306075276349
-0.5238582045587178
-0.52380924747321
-0.5237290341382373
-0.523720694176245
-0.5236195880623936
-0.5235063778128946
-0.5234836225137194
-0.5233244053780577
-0.5232921461562162
-0.5231456068309063
-0.523082476842817
-0.5229511636807069
-0.5228818779673617
-0.522745184915592
-0.5226949079119688
-0.5225319076610541
-0.5225261522194701
-0.5223801362861904
-0.5223156998092817
-0.5222611587255409
-0.5221730454574584
-0.5221188500517302
-0.5221010971373304
-0.5218928568882493
-0.5216960036780531
-0.5215158354728054
-0.5213578484346428
-0.5212275358961448
-0.5211300309169293
-0.5210696072666625
-0.5180723335490766
-0.5162688996404698
-0.5136210604015292
-0.5136210595798003
-0.5134811974584674
-0.5134003366176627
-0.5133921345505089
-0.5133239195171226
-0.5132564145496967
-0.513204045438911
-0.513080564354587
-0.5130464216802565
-0.5128700050834334
-0.5128560190744498
-0.5126374250569764
-0.5126297538555781
-0.5123949502952032
-0.512364444554509
-0.5121326457442965
-0.5120782801311662
-0.5118543354867482
-0.5117750394536024
-0.5115637007742033
-0.5114581480790884
-0.5112644310848157
-0.5111308081722816
-0.5109604660542718
-0.510796197811511
-0.5106563783749459
-0.5104577834135274
-0.5103579936247027
-0.5101198562307603
-0.5100734074117287
-0.5098145881774573
-0.5097885546395658
-0.5095994389112244
-0.5094739896508169
-0.5094525744499826
-0.5091948281432902
-0.5089868265701321
-0.5080921242485334
-0.5076567055422191
-0.5069786986554635
-0.506978692044765
-0.5065337356391829
-0.5063024529532258
-0.5062969356728303
-0.5061278248426597
-0.505989354439185
-0.5058801929887841
-0.5056447806395444
-0.5055876038936518
-0.5052791664697194
-0.5052673547089069
-0.5049299347634159
-0.5049006840637449
-0.504582026650398
-0.5045138968247687
-0.5042282376495072
-0.5041215586118717
-0.503872084619889
-0.5037254481021478
-0.5035166004611513
-0.5033267844100453
-0.5031647720272069
-0.5029264478337123
-0.5028199379746869
-0.5025251037447
-0.5024862447163825
-0.5021692554243643
-0.5021232752663076
-0.5018768005695373
-0.5017213870496788
-0.5016200652898974
-0.5014144999761019
-0.5013197912655649
-0.5012790828354439
-0.5009187819055685
-0.5005186149526717
-0.5001198707673362
-0.4995809074930031
-0.49948990161691953
-0.49939520688182476
-0.49894469461062363
-0.4985507387058013
-0.4985292874992882
-0.4981614855486779
-0.49777579302024494
-0.49744259338403235
-0.49739367676340746
-0.4973039582374485
-0.49709650997795213
-0.4970154272527645
-0.4968408418074765
-0.49664147716442686
-0.49655265648690206
-0.4962723905299186
-0.49624276381475885
-0.49591842482504495
-0.4959088939028396
-0.49558457150821256
-0.4955519402074755
-0.49524465211983126
-0.49520281592263904
-0.49490117847791815
-0.49486331795171346
-0.4945560834537172
-0.49453604981863075
-0.49422492598903317
-0.4942109725634846
-0.4939360309838224
-0.493867335347064
-0.493679013805267
-0.49352678801347116
-0.49346894587808277
-0.4933271555108704
-0.4931914769051501
-0.4928649920202685
-0.4925550272240121
-0.4922836411999598
-0.49194600104629227
-0.491945646862284
-0.4911998303360765
-0.49099912651363087
-0.4908982741575315
-0.4906402616204879
-0.49058599616292586
-0.49044532672771535
-0.49035272450042244
-0.49024928820774166
-0.49005659968074217
-0.49002128253503874
-0.48977560057550973
-0.48975920734308726
-0.4895209223188337
-0.48946387306318884
-0.48926274969840367
-0.4891724524083011
-0.4890048034720352
-0.48888618864348815
-0.4887498166276564
-0.4886060685540867
-0.4885000098479757
-0.4883330050127281
-0.4882574108602456
-0.4880679621170409
-0.4880241130902401
-0.4878120777788311
-0.487802540393073
-0.48759577810884214
-0.4875668262295304
-0.4874080328793315
-0.48733427537709906
-0.48724526263750145
-0.48711753093886745
-0.48711586297058646
-0.4870307071683473
-0.48692152614521444
-0.48675439699431144
-0.48662987828429705
-0.4865146515396985
-0.48651457400922815
-0.4852092864248443
-0.48517309250976337
-0.4851261167294048
-0.4850586801844553
-0.4850350200134979
-0.484995434779794
-0.4849191529233519
-0.48490732875976195
-0.4848047326231003
-0.4847917057017677
-0.4846949277716931
-0.4846606479950929
-0.48458296946008195
-0.4845308037336431
-0.484472352578579
-0.48440516752549634
-0.4843655173722151
-0.48428567492401137
-0.4842642013332802
-0.484173633347119
-0.4841696722698264
-0.4840828805638376
-0.48406996374019223
-0.4840045598127424
-0.48397533914572144
-0.48393529582339734
-0.4838902664522881
-0.48387557722007146
-0.4838258362015488
-0.48381513602388243
-0.48378648306810274
-0.48375792915075694
-0.4837502526209227
-0.48374057712782065
-0.48369585507061874
-0.4836521288929736
-0.4836192140098801
-0.48359720602974066
-0.48358609836463684
-0.48358369393249423
-0.4342528182024341
-0.434239661743848
-0.434217852754745
-0.4341875731638344
-0.4341490865340205
-0.4341027477173217
-0.43404901644704974
-0.43398847581662364
-0.43392185683022966
-0.43385007035701384
-0.4337742476884802
-0.43369579009179754
-0.4336164255165133
-0.4335382656897227
-0.43346384756164325
-0.4334211154194303
-0.4334068535958363
-0.43339612843081793
-0.4333831501224017
-0.43335010679062375
-0.4333383870114404
-0.43330787130941767
-0.43329397597890296
-0.4332659006767771
-0.43325664330086133
-0.4331966833106448
-0.43312832614503133
-0.43305200061451815
-0.4329682589975492
-0.432877821540189
-0.4327816445512844
-0.43268102575894474
-0.43257776794863817
-0.43247442980590883
-0.4323746908789979
-0.4322838074631182
-0.43220894042711294
-0.43215868930084195
-0.43061102483336505
-0.43056756023028897
-0.4305672013287262
-0.4304778209351464
-0.4303710648585788
-0.4302782304851537
-0.4302398173548212
-0.430232774997374
-0.4301667908420066
-0.43007152473307014
-0.4300635740616768
-0.4299348415890218
-0.42989300386223783
-0.42978482882341307
-0.4297011630061508
-0.4296172425230851
-0.42949881432819775
-0.42943531254443107
-0.4292880397691986
-0.4292418946006841
-0.42907046389394005
-0.4290395988111888
-0.428847437575254
-0.4288309372398383
-0.4286201705728362
-0.4286184961338143
-0.4284051510544478
-0.42838984463803703
-0.428194357053889
-0.42815774143812896
-0.4279905605668675
-0.42792544253375936
-0.42779978202273966
-0.42769523667532966
-0.427630354646981
-0.42749352138823826
-0.4274711312446081
-0.4274028677477599
-0.4272618245824448
-0.42709040948163074
-0.42628605247234364
-0.42627540753534066
-0.42624841003358843
-0.4260648328142389
-0.42586497473642787
-0.42565495837183925
-0.4254434223547121
-0.42523459356882964
-0.42503106212613845
-0.42485833238951026
-0.42483474343876515
-0.42478163641671124
-0.42465905140857413
-0.4246472499724144
-0.42450032208428756
-0.42447004820352763
-0.4243162089652559
-0.42430452641736044
-0.4241520203152373
-0.4241158894793828
-0.42401381587329867
-0.42390648049347074
-0.4238911384137746
-0.42378513269872436
-0.4236968372861623
-0.4236934427773196
-0.42362715592477473
-0.4235768287314731
-0.4235464059269084
-0.4234811043386682
-0.4232730756612162
-0.42307253628508595
-0.4228824205201983
-0.4227055306071459
-0.4225445967885962
-0.4224022953664663
-0.42228122892689207
-0.4221838664633833
-0.4221124354969787
-0.4220687597314209
-0.4213177560419226
-0.41673751594805086
-0.41117819970258856
-0.41113221435921815
-0.4110564500292615
-0.41095216134119933
-0.4108209920704847
-0.41066488660801886
-0.41048600373150324
-0.4102866445023721
-0.41006920357294896
-0.40983615150548514
-0.4095900564285707
-0.40933365826467044
-0.4090700207826676
-0.40881589633828663
-0.40880281169331456
-0.4085682170536083
-0.4085368102983419
-0.4085338153113134
-0.4084778217781866
-0.4084017277159043
-0.4083071209884578
-0.40827883296402495
-0.4081956619536379
-0.4080691236297021
-0.4080393925959154
-0.40792943869268483
-0.4078353372267811
-0.40777874589902807
-0.40769219564101394
-0.40761944430806324
-0.4074542658960077
-0.4072863759803034
-0.4071195077651688
-0.40695812953874005
-0.40680762573164586
-0.4066744472076627
-0.40656620474521266
-0.40649204223868524
-0.4063784277276567
-0.40637842655718526
-0.4054029438071182
-0.40526736352847303
-0.40506301920344145
-0.4048129059884919
-0.4045346800043664
-0.40423985925540334
-0.40393586041130336
-0.40362774680240693
-0.40331931385971637
-0.40305840392864567
-0.4030137354386223
-0.4029889090845084
-0.40290544204129836
-0.40278657446470134
-0.40271397325154396
-0.4026404682815803
-0.4024744721245802
-0.4024230710556267
-0.4022950669484496
-0.4021444017036346
-0.402107805708916
-0.40191742063327734
-0.40188190338036456
-0.4017279940768196
-0.4016403176905792
-0.4015431245569427
-0.4014254156818664
-0.4013660599259722
-0.40124415954312287
-0.4011997905514292
-0.4011046786107188
-0.40104710361884055
-0.40101574675003804
-0.40091060251995214
-0.40079269750692914
-0.40069558060678906
-0.4006212301128166
-0.4005717266666109
-0.40052780626501644
-0.4005277895004686
-0.3970125899920678
-0.39695130458738603
-0.3968550719971143
-0.39673100859868543
-0.3965866380069357
-0.39642893741712737
-0.39626392743668565
-0.3960966201379611
-0.3959311339456741
-0.39577085520425664
-0.3956185898204448
-0.3954766855404635
-0.39534712267403355
-0.39523157751631843
-0.39513146427730483
-0.39504796102646317
-0.3949820243186931
-0.394934396277563
-0.39490560710864764
-0.39158211024657197
-0.39155839128805864
-0.39151970207237685
-0.39146725367088375
-0.39140264435876315
-0.39132777848115813
-0.39124478060888607
-0.3911559126873858
-0.391063499397854
-0.39096986424359836
-0.39087727659404414
-0.39078790839347427
-0.39070379851265785
-0.3906268226487228
-0.3905586670499827
-0.39050080494784856
-0.3904544752426576
-0.39042066358262
-0.39040008640436485
-0.38143649880627173
-0.37921608738559476
-0.3734016301324561
-0.3732240235016613
-0.3731952402527817
-0.37314672446261954
-0.3730781178102496
-0.3729893789338319
-0.37288080665553774
-0.37275298877840424
-0.3726067486741652
-0.37244842222897334
-0.37244311269605546
-0.3724136049336865
-0.37235615441741743
-0.3722768946238152
-0.37226330289998155
-0.37217691119053053
-0.37206875892727975
-0.3720575161995545
-0.3719202301394594
-0.3718611997411484
-0.37176678564030324
-0.3716427490469731
-0.3715991565344992
-0.3714196182909307
-0.3714161732092188
-0.3712308509398665
-0.37118533092761885
-0.3710361027588617
-0.37095603626410384
-0.37083944147519043
-0.37073771932108
-0.37064612531080776
-0.3705463959694583
-0.3704631117417211
-0.3704082450917338
-0.3702996344692094
-0.3701674992284509
-0.3700801769063016
-0.3694327483536366
-0.3690231232886641
-0.36828854847705367
-0.36825920118735317
-0.36814138822762765
-0.3679367944591359
-0.3676752180251717
-0.36737737529252823
-0.3670554795921696
-0.36671669444663635
-0.3664094213136548
-0.3663654184097479
-0.3663030334911491
-0.36613774627179063
-0.36600452308831155
-0.3659262261080598
-0.3656800629797368
-0.3656360092946526
-0.3654086540262325
-0.36526136683270677
-0.36511931113827967
-0.3648817856157857
-0.3648177818189519
-0.3645088004191394
-0.364498295825546
-0.3641965658647181
-0.3641118861583582
-0.36388515464068766
-0.3637236506296314
-0.36357891118759134
-0.36333506457121434
-0.3632828634707586
-0.3630032046876924
-0.3629487062946686
-0.3627478519359866
-0.3625707972466518
-0.36252699422974133
-0.3623532793201851
-0.36224078422681105
-0.36222416531926
-0.36137818019407625
-0.3612394569531131
-0.3611936283698716
-0.3608388721500486
-0.36046046782025964
-0.36007360437757485
-0.3599245034491152
-0.35968463256526123
-0.3592963599632278
-0.35891057244934255
-0.35852877564994057
-0.35815249786762404
-0.3577834694155919
-0.35742377608185044
-0.3571541739283142
-0.3570760273015545
-0.3570438170873849
-0.35687001156767106
-0.35674356087136005
-0.3566441509940298
-0.35643069379749576
-0.35637735811603555
-0.3561430066021073
-0.3560790978827341
-0.3558875975864652
-0.35575686075322616
-0.35567314428918984
-0.355509471650179
-0.3554163750799265
-0.35540627250361917
-0.35506197420534175
-0.3546969486295494
-0.3543238325152279
-0.3539446245148481
-0.35356096073599214
-0.3531742662022472
-0.3527859287788679
-0.35239760508409895
-0.3520120582817627
-0.3516366709736559
-0.35130100652021645
-0.3512727787081021
-0.3508039388612678
-0.3504796319053928
-0.3503358362070289
-0.35030421099047265
-0.35017830336954603
-0.3499969822535581
-0.34997056731008946
-0.3497750920765701
-0.3495913571610026
-0.34952381014055045
-0.3492518319721873
-0.34920949851880956
-0.34896596428206994
-0.3488282531916483
-0.34867164241088805
-0.34844916765186296
-0.34837338496794934
-0.34807518458883435
-0.3480732725619718
-0.3477808564710172
-0.34770144325935215
-0.34749437802634436
-0.3473345548887894
-0.34722025601531215
-0.3469735834863769
-0.3469639503509045
-0.34673234910339956
-0.34661970725423163
-0.3465341828791068
-0.3463800257836404
-0.3462812034643886
-0.34627444318207046
-0.3459398617820239
-0.3456189513789651
-0.3453162610942053
-0.3450390414902217
-0.34479913337971346
-0.34461525453201336
-0.34451212324621977
-0.34449078106135467
-0.3428287315891526
-0.3427750821285942
-0.3426746902525577
-0.34258670440038147
-0.3425380335922606
-0.34238623838308213
-0.34237609530448526
-0.3422439050355989
-0.34219841112414057
-0.34205774222532265
-0.34201258302844045
-0.341850162806816
-0.341824494169164
-0.3416387093230808
-0.3416341572899355
-0.34145884309103613
-0.3414175753486381
-0.3412878400972386
-0.34120543080697907
-0.3411281713812097
-0.3410011466080196
-0.3409819655241706
-0.3408510919861894
-0.34080722259862206
-0.3407372093618212
-0.34064178647944504
-0.34062559738706505
-0.34056610058340947
-0.3405112151176115
-0.3404779410958706
-0.34045784662751716
-0.340305290728046
-0.3401690493583425
-0.3400500614580017
-0.33994907882527053
-0.33986663498481917
-0.33980299046094503
-0.33975807265831176
-0.3397314833386068
-0.33958322944362535
-0.3272703880283965
-0.32725488593689006
-0.32722947238469463
-0.3271947692744459
-0.32715162228245165
-0.3271010780240487
-0.32704435730715237
-0.3269828257470909
-0.3269179627435058
-0.3268513294334588
-0.3267845358281324
-0.3267192070081051
-0.32665694807557905
-0.326599307599289
-0.32654773956422395
-0.32650356433508043
-0.3264679297875206
-0.32644177442774003
-0.3264257948411932
-0.3218588024546471
-0.321837709873597
-0.3218026993210331
-0.3217540284841359
-0.32169212105038164
-0.32161759734981943
-0.32153129371478983
-0.32143427520190127
-0.32132784899880196
-0.3212135855537389
-0.32109335330758687
-0.3209693715995863
-0.3208442842019303
-0.32072125100250864
-0.3206040438008074
-0.3204971082605008
-0.320405513168818
-0.32033466019633394
-0.3202896251344722
-0.31934598111497164
-0.31749546216308505
-0.31721683944689266
-0.31721646083421107
-0.31719980871594644
-0.31716934289175847
-0.3171247641761966
-0.3170672291528713
-0.3169980678978239
-0.3169187475936483
-0.3168308603945753
-0.3167516336861904
-0.31673612482163904
-0.3166896047325521
-0.3166363954871035
-0.31659189587651215
-0.3165336802441827
-0.31646460963521544
-0.31643016442961097
-0.3163282397730829
-0.31631364814942375
-0.31623053101049436
-0.3161441911697038
-0.3161399058251537
-0.31605944366014654
-0.3159923295038524
-0.31596060683935184
-0.3159416394995817
-0.31591001146815845
-0.31576654372145885
-0.31556508544176676
-0.31535892065609283
-0.3151505171507491
-0.314942310317233
-0.31473693495387484
-0.3145375559734765
-0.3143484026550122
-0.3141757040409874
-0.31402935972359847
-0.3139254901326707
-0.31361400205458956
-0.3133763589218213
-0.3132676291116603
-0.3132676064180992
-0.3132339436829567
-0.31319569811386966
-0.3131421797061424
-0.31307734206958976
-0.3130045337869068
-0.31292670348313373
-0.3128464225896274
-0.31276590677785254
-0.3126870506235471
-0.31261146831854925
-0.31254053305975577
-0.31247541104040105
-0.3124170886638169
-0.3123663931553478
-0.31232400746316036
-0.31229048056542313
-0.3122662342786635
-0.31225156752326944
-0.31211455811028666
-0.3120402138986878
-0.3119314863959634
-0.3118015137127885
-0.3116601880830538
-0.31151426021898077
-0.31136828862279886
-0.3112254471106614
-0.3110880519040629
-0.3109578797431496
-0.3108363557114225
-0.31072466344673505
-0.3106238091737008
-0.3105346578833696
-0.31045795249276076
-0.3103943226044682
-0.31034428708780165
-0.31030825328408096
-0.3102865147437923
-0.30507910350071166
-0.3001441592590678
-0.30013072996306944
-0.3001085747050708
-0.3000780296383037
-0.30003955776814456
-0.29999374312044025
-0.2999412856303693
-0.2998829983192955
-0.29981980849384793
-0.29981052101926164
-0.2998000596476676
-0.2997827278759249
-0.2997586814501326
-0.2997527648022977
-0.29972813849644303
-0.2996913799724433
-0.2996830519619169
-0.29964875092716925
-0.2996120146346799
-0.29960066333718116
-0.2995476017536462
-0.29954119080169844
-0.2994901337018714
-0.299472352085692
-0.2994289278788011
-0.29940754209950937
-0.2993647849598746
-0.2993490919742395
-0.2992995745723193
-0.29929868862793646
-0.2992616436480506
-0.29923771612948274
-0.2992318885766887
-0.2991660320084184
-0.29910336022541556
-0.29904696161007505
-0.29900096551179783
-0.2989703036175382
-0.29827515031641694
-0.2981373312636682
-0.29810896016581095
-0.2980797616496139
-0.29803149323266404
-0.29796890252005453
-0.2978965635117295
-0.2978178348201015
-0.29773504742720563
-0.29764983221540436
-0.29761418536814954
-0.29759389075182524
-0.29756336825512675
-0.29756030345086565
-0.2975148310644913
-0.29747654712636606
-0.29745968001462897
-0.29739727811573585
-0.2973900805139713
-0.29732991967221717
-0.2973045751965655
-0.297259633289883
-0.2972205940298281
-0.2971881730025512
-0.2971387206263104
-0.29711706045669817
-0.2970596532187358
-0.29704764056570315
-0.29698438008135025
-0.29698113429752787
-0.29691868256855275
-0.29691456565588054
-0.2968613793437029
-0.29685347479882707
-0.2968102931300433
-0.29680799831975163
-0.2967664755165581
-0.29673095321153753
-0.29670469521510007
-0.29668854114887994
-0.2965263357140512
-0.2964987249435735
-0.2964824611244147
-0.2964481003481012
-0.29640165246319095
-0.29635134920766315
-0.296300714142533
-0.2962513851452372
-0.2962042179556997
-0.29615970903847816
-0.2961181728205705
-0.2960798230973193
-0.29604481356280815
-0.29601325942433016
-0.2959852496186124
-0.295960854062644
-0.2959401281364093
-0.2959231155465575
-0.295909850199794
-0.29590035744316256
-0.29589465487972133
-0.29500754405002644
-0.2950009972818668
-0.2949904474643896
-0.2949763901565009
-0.2949594387424633
-0.2949402681609126
-0.2949195657395935
-0.29489799411276285
-0.29487616703204506
-0.2948546362572974
-0.2948338866724236
-0.29481433679795604
-0.2947963424047506
-0.2947802015831576
-0.2947661601940945
-0.2947544170587299
-0.29474512853559615
-0.29473841231645875
-0.2947343503768629
-0.2885732952577791
-0.2557583337533589
-0.1608560361805753
-0.15647942961922925
-0.15647463370859216
-0.15646665244421745
-0.15645550409435616
-0.1564412150623845
-0.15642382084614223
-0.15640336749297776
-0.15637991378822658
-0.15635353457835974
-0.1563243259217679
-0.1562924133024148
-0.1562579651929889
-0.15622121638459954
-0.15618251001525957
-0.15614237719717275
-0.1561016956232187
-0.1560620168338234
-0.15602622347084805
-0.15599953135237005
-0.15591314777705867
-0.15591100656814127
-0.1559074760696777
-0.15590261395443175
-0.15589650173483857
-0.15588924546843497
-0.15588097655884822
-0.15587185255019753
-0.1558620577657841
-0.15585180358356346
-0.15584132807595458
-0.15583089468396769
-0.1558207895781813
-0.15581131745802873
-0.1558027959606379
-0.1557955502239872
-0.1557899132991245
-0.1557862455028285
-0.15577730779881532
-0.15577730777891735
-0.15572524524460374
-0.15566920350708116
-0.15563762967010378
-0.1555918123386245
-0.15553706649506024
-0.15547659505284842
-0.15541220050372345
-0.1553449695221094
-0.15527564003593458
-0.1552047858568582
-0.15513291651327732
-0.15506054081086632
-0.15498821896664766
-0.1549166192823977
-0.15484659418952895
-0.15477929411367625
-0.1547163432822207
-0.15468853506032945
-0.1546842387409334
-0.15467723948945145
-0.15466776795644735
-0.15466010010935577
-0.15465612649671356
-0.15464267260569783
-0.15462780198831355
-0.15461398422363903
-0.1546119328372621
-0.15459549224375466
-0.15458267478671225
-0.15457890506157018
-0.15456258511794682
-0.15454692843922294
-0.1545323081136319
-0.1545190705496745
-0.1545075333771683
-0.15449798689575206
-0.15449070701813616
-0.15448600655953415
-0.15447724495221288
-0.15447724494278994
-0.15437285967478057
-0.15395500874210866
-0.1539289554633049
-0.15389029331617127
-0.15384341609092916
-0.15379183963263662
-0.15373808908609063
-0.15368393777234193
-0.15363065613951207
-0.1535791894676849
-0.15353027093434082
-0.15348449075679274
-0.153442337906818
-0.1534042250839128
-0.1533705034705098
-0.15334147121330127
-0.1533173780456939
-0.15329842756482878
-0.1532847781366663
-0.15327654306840238
-0.14738702895263397
-0.14738187219713517
-0.14737340597687582
-0.14736182056953426
-0.1473473778103075
-0.1473304065519002
-0.1473112968365338
-0.14729049277383235
-0.1472684841113071
-0.14724579648391736
-0.14722298034365827
-0.1472005986074726
-0.1471792131285359
-0.14715937019477482
-0.14714158538570404
-0.1471263282626418
-0.1471140075079891
-0.14710495724000067
-0.14709942528191047
-0.1431413846193439
-0.13946365275791742
-0.13946347004451792
-0.139452511902063
-0.13943272720244435
-0.1394032173695177
-0.13936422470585985
-0.1393160666865169
-0.13930940465394737
-0.13928582351203173
-0.13925915144249257
-0.13924730030121377
-0.139194610995236
-0.1391939908564227
-0.1391284890700558
-0.13912121934631075
-0.13904962480394323
-0.1390416219928507
-0.13895870086292395
-0.13895617656914236
-0.13886611584498082
-0.13885642401149068
-0.13877301872611447
-0.13874354990358465
-0.13867894016607818
-0.13862090831251087
-0.1385865864483643
-0.13849952373981494
-0.1384894388514671
-0.13842235102865577
-0.13836064600760684
-0.13835025116571803
-0.13832034111046096
-0.13820473345249237
-0.13805475594322386
-0.13790306697395532
-0.1377540892100241
-0.13761551640306421
-0.13750109081232723
-0.13743221091322133
-0.13735881681701928
-0.13651185014743564
-0.13651184944778177
-0.13631871496941703
-0.13625267953861453
-0.1362163822859892
-0.13615378052907148
-0.13609241459872917
-0.13603038281548593
-0.13592570210544624
-0.13588892127182442
-0.13573452441513778
-0.13573429818155455
-0.1355703320826363
-0.13552807900986683
-0.1354001375161704
-0.13531129113650148
-0.13522642905349444
-0.1350870649914733
-0.1350517652945215
-0.13487875460726972
-0.13485730427088546
-0.13471024098765347
-0.13462340639742865
-0.13454947887211582
-0.13440028861199424
-0.13438652953541205
-0.13426715480545856
-0.13415518543823587
-0.13414776454858057
-0.13406980661722734
-0.13401608324520536
-0.13390828044627515
-0.13366949408760379
-0.13343332608897268
-0.1332026498553317
-0.13298213925509747
-0.1327798641935357
-0.13260980801610336
-0.1324931623030182
-0.13218110659316373
-0.13119132592175523
-0.13117618106494916
-0.13108513964391688
-0.1309228592731307
-0.130726152325585
-0.13051053665894807
-0.1302851507911347
-0.13021999877614013
-0.1301558265228493
-0.13005544607262373
-0.13005399204194243
-0.12992042948079088
-0.12982499627219435
-0.12976117856898897
-0.12959646562357058
-0.12958166574137958
-0.12938648106219836
-0.12937212779796287
-0.1291794331094057
-0.12915416812141192
-0.12896371859649383
-0.12894488268390997
-0.12874682669309181
-0.1287421262960615
-0.12856293131017238
-0.1285172510246405
-0.1283965846502985
-0.12829172540187592
-0.1282516490437787
-0.1281323611292512
-0.1280684974295572
-0.12804304489484955
-0.12798759221547107
-0.1278511989194106
-0.12764466049658182
-0.12745559758450967
-0.1272932819580514
-0.12716927594249516
-0.1270939214349982
-0.12681152471557236
-0.1255733293439379
-0.12496771656260937
-0.12487728457579791
-0.12473814631444194
-0.12456252318638972
-0.12436118633657307
-0.12414226762513553
-0.12391151597642701
-0.12367294959806127
-0.12342943910298877
-0.12318924941885788
-0.12318313055716501
-0.12314250578295774
-0.12306722161284502
-0.12296680863835376
-0.12293573947836332
-0.12284522992443492
-0.122706561923528
-0.12268876681960447
-0.12255471286694622
-0.12244368530126214
-0.12239329565482454
-0.12222561676653212
-0.12220214794788742
-0.12205474011188158
-0.12196629682491573
-0.12188359729543298
-0.1217393293473218
-0.12171513045986251
-0.12155246519056094
-0.12152669541262079
-0.12139911696146857
-0.12133885486928214
-0.12125923370946277
-0.12119740590276154
-0.12113786936632473
-0.12104128050778273
-0.12097721539128423
-0.12079929501409153
-0.12079929445600751
-0.11992075580600303
-0.11991882537507902
-0.11982752826518527
-0.11968451535803618
-0.11951503368003806
-0.11933408907995954
-0.11914988256638895
-0.11896710298013069
-0.11878872594626252
-0.1186168729578724
-0.11853464856530779
-0.11849584786478379
-0.11845322728624988
-0.11843549929439277
-0.11835862483324693
-0.11829924395604233
-0.11827032316947807
-0.11817512779882741
-0.11815625947287797
-0.11807679671978859
-0.11802554973081832
-0.11797834466041782
-0.11790836003368828
-0.11788216527720927
-0.11780592093499272
-0.11779016358967571
-0.11771945940567359
-0.11770386843526459
-0.11765021062202383
-0.11762451864953546
-0.11759942112292385
-0.1175682946681522
-0.11755312568002875
-0.11749051761684944
-0.11743736939802508
-0.11739422301608726
-0.11736150046390458
-0.11733950979766018
-0.11732824044184516
-0.11732765141724062
-0.11474085056912381
-0.11175967248073015
-0.11174921926633694
-0.11173220022314967
-0.1117091917971348
-0.11168094924235243
-0.11164836368042175
-0.11161241699692415
-0.11157413879289865
-0.11153456830657155
-0.11149472281650681
-0.11145557284856061
-0.11141802368349595
-0.11138290220769509
-0.11135094799284594
-0.11132280753220246
-0.1112990307099859
-0.11128006876912974
-0.11126627322849345
-0.11125789536198205
-0.10007031505042398
-0.10005881505663651
-0.10003978629693475
-0.1000134367920247
-0.09998006043083227
-0.09994004036530402
-0.09989385446439855
-0.09984208371065176
-0.09978542467882165
-0.0997247074834707
-0.099660920721737
-0.0995952447199977
-0.09952909326761182
-0.0994641609029891
-0.09940246590043168
-0.09934636628602558
-0.0992985076439746
-0.099261646308008
-0.09923830600399226
-0.0979424444462966
-0.09776745752023293
-0.09776737561738613
-0.0977642813983839
-0.09775852846099979
-0.09775006837239145
-0.09773909931555015
-0.09772587618265792
-0.09771070547172117
-0.09769394007642747
-0.09767597410232391
-0.09765723736872135
-0.09763818911304437
-0.09761931038158621
-0.09760109462551653
-0.09758403612476384
-0.09756861606108745
-0.09755528638316933
-0.09754445205317415
-0.09753645278676167
-0.09753154588325111
-0.09749853864937541
-0.09746785809434506
-0.09741919669653575
-0.0973553990573353
-0.09727939557437901
-0.09719389784197235
-0.09710128806055271
-0.09700361753688717
-0.09690265791592215
-0.09679997406695326
-0.0966970051493145
-0.09659515176029962
-0.09649587423890053
-0.09640081151257879
-0.09631192994777033
-0.09623169891236169
-0.0961632403532064
-0.09611028050840231
-0.09607661215596902
-0.09589776894771312
-0.09579887917529284
-0.09579887074083192
-0.09579521745309146
-0.09579004348994412
-0.09578249111494294
-0.09577288424071928
-0.09576157823939917
-0.09574895752907768
-0.09573541949759184
-0.09572136006616627
-0.09570716231401143
-0.09569318799754713
-0.09567977152315929
-0.0956672158913593
-0.09565579015296889
-0.0956457279690459
-0.09563722693129029
-0.09563044836800856
-0.09562551742493222
-0.09562252326611002
-0.09509236589365358
-0.09506677712342747
-0.09502807444846827
-0.09498032670089643
-0.094927153545612
-0.09487138017785451
-0.09481508973557817
-0.0947597930850304
-0.0947065911091489
-0.09465629767371486
-0.09460952528270541
-0.09456674293003514
-0.0945283148851978
-0.09449452678436088
-0.09446560331657605
-0.09444172030772804
-0.09442301301621694
-0.0944095818127809
-0.09440149600074485
-0.08512388298401152
-0.07619570455393776
-0.07526475177868248
-0.0752646448515148
-0.07526446956291485
-0.07526423022275747
-0.0752639327164349
-0.07526358436071477
-0.07526319372444026
-0.07526277041839952
-0.07526232485945616
-0.07526186801467322
-0.07526141113166811
-0.07526096546179922
-0.07526054198298739
-0.07526015112900877
-0.0752598025319616
-0.0752595047843116
-0.07525926522644999
-0.07525908976507904
-0.07525898272698521
-0.06949755711732979
-0.06949562526104214
-0.06949243813651827
-0.06948804502987327
-0.06948251559473387
-0.0694759404737462
-0.06946843203854536
-0.0694601251776908
-0.06945117801456269
-0.0694417723681297
-0.06943211367581263
-0.06942242998193691
-0.06941296947200785
-0.06940399593723635
-0.06939578154827475
-0.06938859649056604
-0.06938269545496151
-0.06937830171630023
-0.06937559045935884
-0.06876556097450325
-0.0687274636450988
-0.06872557147877852
-0.06872517851297938
-0.06872451830565741
-0.06872359352543927
-0.06872241717676227
-0.06872101200655978
-0.06871940879709389
-0.06871764478249169
-0.06871576232798662
-0.0687138077477237
-0.06871183014508894
-0.06870988020507737
-0.06870800890503007
-0.06870626613792771
-0.06870469926603087
-0.06870335164415793
-0.06870226117107615
-0.06870145894238151
-0.06870096808617526
-0.06859577459979185
-0.06859163286321636
-0.06858488557510112
-0.06857575152525462
-0.06856451192852908
-0.06855149283059014
-0.06853704935859113
-0.06852155315351424
-0.06850538322185584
-0.0684889197335974
-0.06847253990957683
-0.0684566149752126
-0.06844150712485646
-0.06842756550785264
-0.06841512044015165
-0.06840447544434194
-0.06839589740484574
-0.06838960602165149
-0.06838576443499887
-0.06829985927799576
-0.06827196159979632
-0.06827032392499288
-0.06826994985166196
-0.0682693226895123
-0.06826844876030161
-0.06826734630863708
-0.06826604372940409
-0.06826457675627923
-0.06826298595953055
-0.06826131469903403
-0.06825960743897601
-0.06825790834389223
-0.0682562601077252
-0.0682547029845303
-0.06825327399607597
-0.06825200629394824
-0.06825092865504756
-0.06825006509087775
-0.06824943455310167
-0.06824905072046805
-0.06764202163511601
-0.06763999080870965
-0.06763669798149435
-0.06763227237782982
-0.06762687946481262
-0.06762070898600346
-0.06761396328725386
-0.06760684716031197
-0.06759955983057472
-0.06759228919855362
-0.06758520810254993
-0.06757847220465736
-0.0675722190682326
-0.06756656803748001
-0.06756162060458774
-0.06755746102893091
-0.0675541570420931
-0.06755176052694768
-0.06755030809896734
-1.5258646640525353e-15
-7.508171036120288e-16
0.06755030809896757
0.06755176052694768
0.06755415704209321
0.0675574610289309
0.06756162060458777
0.06756656803748012
0.06757221906823262
0.06757847220465722
0.06758520810255007
0.06759228919855377
0.06759955983057472
0.06760684716031189
0.06761396328725386
0.06762070898600363
0.06762687946481272
0.0676322723778298
0.06763669798149444
0.0676399908087097
0.06764202163511626
0.06824905072046754
0.06824943455310135
0.06825006509087744
0.06825092865504723
0.06825200629394783
0.06825327399607548
0.06825470298452997
0.06825626010772504
0.06825790834389193
0.06825960743897563
0.06826131469903367
0.06826298595953029
0.06826457675627885
0.0682660437294036
0.06826734630863686
0.06826844876030114
0.06826932268951194
0.06826994985166161
0.06827032392499228
0.06827196159979705
0.06829985927799437
0.06838576443499865
0.0683896060216513
0.0683958974048454
0.06840447544434179
0.06841512044015148
0.06842756550785252
0.06844150712485643
0.06845661497521252
0.06847253990957679
0.06848891973359739
0.06850538322185588
0.06852155315351413
0.06853704935859099
0.06855149283059002
0.06856451192852908
0.06857575152525447
0.06858488557510083
0.06859163286321626
0.06859577459979169
0.0687009680861752
0.06870145894238171
0.06870226117107625
0.06870335164415792
0.0687046992660309
0.06870626613792777
0.06870800890502991
0.06870988020507757
0.06871183014508887
0.06871380774772394
0.06871576232798654
0.0687176447824918
0.06871940879709376
0.06872101200655989
0.06872241717676233
0.0687235935254392
0.06872451830565736
0.06872517851297943
0.0687255714787784
0.06872746364509957
0.068765560974504
0.0693755904593587
0.06937830171629994
0.06938269545496144
0.06938859649056581
0.06939578154827458
0.06940399593723612
0.06941296947200766
0.06942242998193669
0.06943211367581258
0.06944177236812953
0.0694511780145625
0.06946012517769051
0.06946843203854515
0.06947594047374601
0.06948251559473376
0.069488045029873
0.0694924381365182
0.06949562526104185
0.0694975571173297
0.07525898272698549
0.07525908976507917
0.07525926522645025
0.075259504784312
0.07525980253196177
0.07526015112900888
0.07526054198298737
0.07526096546179926
0.0752614111316682
0.07526186801467345
0.07526232485945626
0.07526277041839956
0.07526319372444026
0.0752635843607149
0.07526393271643507
0.07526423022275786
0.0752644695629151
0.07526464485151492
0.07526475177868276
0.07619570455393941
0.08512388298401019
0.09440149600074474
0.09440958181278064
0.0944230130162168
0.09444172030772778
0.09446560331657584
0.09449452678436057
0.09452831488519765
0.09456674293003489
0.09460952528270533
0.09465629767371468
0.09470659110914856
0.09475979308503013
0.09481508973557796
0.09487138017785433
0.0949271535456119
0.09498032670089629
0.09502807444846817
0.09506677712342729
0.09509236589365336
0.09562252326610977
0.0956255174249322
0.09563044836800874
0.09563722693129034
0.09564572796904586
0.0956557901529689
0.0956672158913594
0.09567977152315915
0.09569318799754715
0.09570716231401138
0.09572136006616644
0.09573541949759157
0.09574895752907768
0.09576157823939924
0.0957728842407193
0.09578249111494291
0.09579004348994453
0.09579521745309105
0.09579887074083145
0.09579887917529299
0.0958977689477127
0.09607661215596917
0.09611028050840248
0.09616324035320649
0.09623169891236164
0.09631192994777028
0.09640081151257883
0.09649587423890058
0.09659515176029951
0.09669700514931437
0.09679997406695313
0.09690265791592206
0.09700361753688728
0.09710128806055263
0.09719389784197231
0.09727939557437887
0.09735539905733528
0.09741919669653593
0.09746785809434526
0.09749853864937506
0.09753154588325151
0.09753645278676168
0.09754445205317464
0.09755528638316943
0.09756861606108755
0.09758403612476374
0.09760109462551697
0.09761931038158629
0.09763818911304471
0.09765723736872162
0.09767597410232418
0.09769394007642751
0.09771070547172128
0.09772587618265828
0.09773909931555043
0.09775006837239161
0.09775852846099982
0.09776428139838389
0.09776737561738662
0.09776745752023337
0.09794244444629745
0.09923830600399207
0.09926164630800782
0.09929850764397445
0.09934636628602525
0.09940246590043164
0.09946416090298893
0.0995290932676117
0.09959524471999745
0.09966092072173684
0.09972470748347055
0.09978542467882145
0.09984208371065142
0.09989385446439833
0.0999400403653038
0.0999800604308321
0.10001343679202436
0.1000397862969346
0.10005881505663629
0.10007031505042378
0.11125789536198195
0.11126627322849332
0.11128006876912985
0.1112990307099857
0.11132280753220249
0.11135094799284583
0.11138290220769499
0.11141802368349592
0.11145557284856063
0.11149472281650695
0.11153456830657152
0.11157413879289856
0.11161241699692405
0.11164836368042161
0.11168094924235242
0.11170919179713457
0.11173220022314975
0.11174921926633678
0.11175967248073003
0.11474085056912431
0.11732765141724084
0.11732824044184494
0.11733950979766
0.11736150046390466
0.11739422301608733
0.11743736939802525
0.11749051761684941
0.11755312568002878
0.11756829466815225
0.11759942112292383
0.11762451864953544
0.11765021062202373
0.1177038684352646
0.1177194594056734
0.11779016358967563
0.11780592093499245
0.11788216527720928
0.1179083600336882
0.11797834466041797
0.11802554973081837
0.11807679671978868
0.11815625947287803
0.11817512779882743
0.11827032316947794
0.11829924395604237
0.11835862483324691
0.11843549929439272
0.11845322728624982
0.11849584786478408
0.11853464856530795
0.11861687295787234
0.11878872594626269
0.11896710298013069
0.11914988256638906
0.11933408907995954
0.11951503368003819
0.11968451535803634
0.11982752826518535
0.11991882537507913
0.11992075580600314
0.12079929445600783
0.12079929501409194
0.12097721539128414
0.12104128050778262
0.12113786936632466
0.12119740590276136
0.12125923370946283
0.1213388548692821
0.12139911696146864
0.12152669541262079
0.12155246519056094
0.12171513045986251
0.12173932934732193
0.12188359729543291
0.12196629682491564
0.1220547401118815
0.12220214794788747
0.12222561676653215
0.12239329565482447
0.1224436853012621
0.12255471286694616
0.12268876681960454
0.12270656192352805
0.12284522992443504
0.12293573947836328
0.12296680863835383
0.12306722161284502
0.12314250578295773
0.12318313055716504
0.12318924941885825
0.12342943910298856
0.12367294959806115
0.12391151597642701
0.12414226762513571
0.1243611863365731
0.12456252318638998
0.1247381463144421
0.12487728457579794
0.12496771656260958
0.12557332934393794
0.126811524715572
0.12709392143499806
0.12716927594249497
0.1272932819580514
0.1274555975845095
0.12764466049658196
0.12785119891941055
0.1279875922154707
0.12804304489484963
0.12806849742955703
0.12813236112925092
0.12825164904377864
0.12829172540187572
0.12839658465029846
0.12851725102464037
0.12856293131017227
0.12874212629606155
0.12874682669309181
0.12894488268390986
0.12896371859649375
0.12915416812141178
0.12917943310940552
0.1293721277979628
0.12938648106219836
0.12958166574137958
0.12959646562357052
0.12976117856898883
0.12982499627219418
0.12992042948079074
0.1300539920419429
0.13005544607262373
0.1301558265228491
0.1302199987761396
0.13028515079113456
0.13051053665894793
0.1307261523255849
0.1309228592731307
0.1310851396439168
0.13117618106494888
0.13119132592175506
0.13218110659316376
0.13249316230301805
0.13260980801610325
0.13277986419353574
0.13298213925509758
0.13320264985533167
0.13343332608897307
0.13366949408760367
0.13390828044627523
0.13401608324520534
0.13406980661722734
0.13414776454858054
0.1341551854382358
0.13426715480545867
0.134386529535412
0.13440028861199424
0.1345494788721157
0.13462340639742862
0.1347102409876534
0.13485730427088535
0.13487875460726953
0.13505176529452154
0.13508706499147335
0.13522642905349447
0.13531129113650156
0.13540013751617044
0.13552807900986683
0.13557033208263622
0.13573429818155452
0.13573452441513778
0.13588892127182453
0.13592570210544652
0.13603038281548596
0.1360924145987293
0.1361537805290715
0.13621638228598926
0.13625267953861453
0.13631871496941703
0.13651184944778194
0.1365118501474358
0.1373588168170194
0.13743221091322125
0.1375010908123273
0.13761551640306435
0.13775408921002408
0.13790306697395524
0.13805475594322367
0.13820473345249237
0.1383203411104607
0.1383502511657181
0.13836064600760706
0.13842235102865572
0.1384894388514669
0.13849952373981492
0.1385865864483643
0.13862090831251067
0.13867894016607818
0.13874354990358467
0.13877301872611456
0.13885642401149056
0.1388661158449808
0.13895617656914222
0.13895870086292386
0.1390416219928505
0.1390496248039431
0.13912121934631072
0.13912848907005576
0.13919399085642242
0.1391946109952356
0.13924730030121346
0.1392591514424924
0.1392858235120315
0.13930940465394745
0.13931606668651678
0.13936422470586018
0.13940321736951766
0.1394327272024444
0.13945251190206295
0.13946347004451776
0.13946365275791764
0.1431413846193439
0.14709942528191064
0.14710495724000047
0.14711400750798903
0.14712632826264155
0.1471415853857039
0.14715937019477465
0.14717921312853574
0.14720059860747242
0.14722298034365836
0.14724579648391736
0.14726848411130714
0.14729049277383227
0.14731129683653368
0.14733040655190002
0.14734737781030738
0.14736182056953404
0.1473734059768757
0.14738187219713492
0.1473870289526341
0.1532765430684024
0.1532847781366663
0.1532984275648289
0.15331737804569384
0.15334147121330138
0.15337050347050984
0.15340422508391266
0.1534423379068179
0.15348449075679282
0.15353027093434096
0.15357918946768498
0.1536306561395119
0.15368393777234188
0.15373808908609066
0.15379183963263668
0.15384341609092922
0.15389029331617138
0.15392895546330507
0.1539550087421087
0.15437285967478123
0.15447724494278953
0.15447724495221252
0.1544860065595342
0.1544907070181359
0.15449798689575203
0.15450753337716813
0.1545190705496744
0.15453230811363197
0.15454692843922269
0.15456258511794688
0.15457890506157002
0.1545826747867121
0.15459549224375455
0.15461193283726185
0.15461398422363856
0.15462780198831355
0.15464267260569767
0.15465612649671356
0.15466010010935596
0.15466776795644716
0.15467723948945133
0.15468423874093354
0.1546885350603291
0.15471634328222078
0.15477929411367627
0.15484659418952892
0.15491661928239772
0.15498821896664766
0.1550605408108663
0.1551329165132772
0.1552047858568579
0.15527564003593428
0.15534496952210908
0.15541220050372337
0.15547659505284833
0.15553706649506024
0.1555918123386246
0.15563762967010392
0.15566920350708133
0.15572524524460385
0.15577730777891677
0.15577730779881444
0.1557862455028285
0.15578991329912487
0.1557955502239875
0.15580279596063815
0.15581131745802868
0.1558207895781817
0.1558308946839678
0.15584132807595485
0.15585180358356365
0.15586205776578432
0.15587185255019784
0.15588097655884828
0.15588924546843547
0.15589650173483866
0.15590261395443195
0.15590747606967795
0.15591100656814166
0.1559131477770587
0.15599953135237032
0.1560262234708482
0.15606201683382329
0.1561016956232188
0.15614237719717267
0.1561825100152595
0.1562212163845995
0.15625796519298887
0.15629241330241475
0.15632432592176793
0.15635353457835968
0.1563799137882264
0.1564033674929776
0.15642382084614187
0.15644121506238431
0.1564555040943561
0.1564666524442175
0.15647463370859213
0.15647942961922928
0.16085603618057354
0.25575833375335755
0.2885732952577782
0.2947343503768629
0.29473841231645875
0.2947451285355961
0.2947544170587298
0.2947661601940945
0.29478020158315743
0.29479634240475067
0.29481433679795604
0.29483388667242366
0.2948546362572974
0.29487616703204506
0.29489799411276285
0.29491956573959327
0.2949402681609127
0.2949594387424632
0.29497639015650085
0.29499044746438957
0.2950009972818667
0.29500754405002644
0.29589465487972133
0.29590035744316256
0.29590985019979377
0.2959231155465574
0.29594012813640924
0.295960854062644
0.29598524961861244
0.29601325942433016
0.2960448135628081
0.2960798230973191
0.29611817282057046
0.2961597090384781
0.2962042179556997
0.2962513851452372
0.29630071414253306
0.29635134920766326
0.2964016524631909
0.296448100348101
0.29648246112441434
0.2964987249435737
0.2965263357140514
0.29668854114887977
0.29670469521510007
0.29673095321153753
0.29676647551655794
0.2968079983197509
0.2968102931300431
0.2968534747988272
0.296861379343703
0.2969145656558804
0.2969186825685527
0.29698113429752754
0.29698438008134975
0.2970476405657031
0.2970596532187357
0.297117060456698
0.29713872062631025
0.29718817300255107
0.29722059402982803
0.2972596332898829
0.2973045751965654
0.29732991967221695
0.29739008051397103
0.29739727811573546
0.2974596800146288
0.297476547126366
0.29751483106449095
0.29756030345086487
0.2975633682551266
0.297593890751825
0.2976141853681494
0.2976498322154045
0.2977350474272058
0.29781783482010143
0.2978965635117295
0.2979689025200547
0.2980314932326641
0.29807976164961403
0.298108960165811
0.2981373312636686
0.2982751503164172
0.2989703036175382
0.29900096551179767
0.29904696161007516
0.29910336022541556
0.2991660320084185
0.29923188857668864
0.2992377161294828
0.2992616436480499
0.2992986886279359
0.2992995745723179
0.2993490919742396
0.2993647849598748
0.2994075420995093
0.2994289278788011
0.2994723520856921
0.29949013370187133
0.29954119080169805
0.29954760175364564
0.2996006633371811
0.2996120146346799
0.29964875092716936
0.2996830519619168
0.2996913799724432
0.29972813849644275
0.2997527648022975
0.29975868145013196
0.2997827278759249
0.29980005964766737
0.2998105210192616
0.29981980849384804
0.29988299831929544
0.29994128563036937
0.2999937431204401
0.30003955776814456
0.30007802963830366
0.30010857470507074
0.30013072996306944
0.30014415925906784
0.30507910350071077
0.3102865147437922
0.3103082532840808
0.3103442870878015
0.31039432260446803
0.3104579524927606
0.31053465788336937
0.3106238091737007
0.3107246634467349
0.3108363557114224
0.31095787974314953
0.3110880519040628
0.3112254471106614
0.31136828862279864
0.31151426021898077
0.3116601880830536
0.3118015137127884
0.31193148639596335
0.31204021389868786
0.3121145581102869
0.31225156752326955
0.31226623427866357
0.312290480565423
0.3123240074631603
0.31236639315534803
0.31241708866381707
0.3124754110404013
0.3125405330597558
0.3126114683185493
0.31268705062354696
0.3127659067778525
0.31284642258962736
0.31292670348313373
0.31300453378690674
0.3130773420695898
0.31314217970614244
0.3131956981138696
0.3132339436829569
0.31326760641809825
0.31326762911165995
0.3133763589218215
0.3136140020545893
0.3139254901326706
0.3140293597235984
0.3141757040409873
0.3143484026550121
0.31453755597347643
0.3147369349538748
0.3149423103172329
0.31515051715074915
0.3153589206560928
0.31556508544176676
0.31576654372145874
0.3159100114681583
0.3159416394995814
0.31596060683935184
0.3159923295038522
0.3160594436601467
0.31613990582515356
0.3161441911697037
0.31623053101049436
0.31631364814942386
0.316328239773083
0.31643016442961097
0.3164646096352155
0.31653368024418266
0.31659189587651243
0.31663639548710354
0.31668960473255237
0.3167361248216389
0.3167516336861903
0.31683086039457525
0.31691874759364824
0.31699806789782387
0.3170672291528711
0.31712476417619645
0.31716934289175847
0.31719980871594644
0.3172164608342108
0.3172168394468929
0.31749546216308483
0.3193459811149724
0.320289625134472
0.3203346601963336
0.3204055131688178
0.3204971082605006
0.3206040438008074
0.3207212510025085
0.32084428420193006
0.32096937159958605
0.32109335330758676
0.32121358555373886
0.32132784899880185
0.32143427520190104
0.3215312937147897
0.32161759734981943
0.3216921210503815
0.32175402848413576
0.3218026993210331
0.32183770987359683
0.32185880245464693
0.32642579484119316
0.32644177442774003
0.3264679297875207
0.3265035643350805
0.32654773956422395
0.3265993075992891
0.32665694807557916
0.32671920700810503
0.3267845358281323
0.32685132943345885
0.32691796274350593
0.3269828257470909
0.3270443573071522
0.32710107802404864
0.32715162228245176
0.3271947692744458
0.3272294723846946
0.32725488593688995
0.32727038802839636
0.3395832294436253
0.33973148333860675
0.33975807265831165
0.33980299046094503
0.33986663498481917
0.33994907882527053
0.34005006145800176
0.3401690493583424
0.340305290728046
0.34045784662751716
0.34047794109587065
0.3405112151176115
0.34056610058340964
0.34062559738706505
0.34064178647944515
0.3407372093618212
0.340807222598622
0.34085109198618935
0.34098196552417054
0.34100114660801956
0.3411281713812097
0.341205430806979
0.3412878400972388
0.341417575348638
0.3414588430910361
0.34163415728993574
0.341638709323081
0.34182449416916394
0.34185016280681607
0.3420125830284404
0.3420577422253225
0.34219841112414057
0.34224390503559876
0.3423760953044854
0.342386238383082
0.34253803359226054
0.3425867044003815
0.3426746902525577
0.3427750821285944
0.3428287315891528
0.3444907810613548
0.3445121232462196
0.34461525453201336
0.34479913337971335
0.34503904149022147
0.3453162610942051
0.345618951378965
0.34593986178202385
0.3462744431820705
0.346281203464389
0.34638002578364013
0.3465341828791068
0.3466197072542316
0.3467323491033994
0.34696395035090455
0.3469735834863769
0.3472202560153119
0.3473345548887893
0.3474943780263445
0.347701443259352
0.347780856471017
0.34807327256197174
0.34807518458883424
0.34837338496794934
0.34844916765186296
0.348671642410888
0.3488282531916482
0.34896596428207005
0.3492094985188096
0.3492518319721874
0.3495238101405503
0.34959135716100237
0.34977509207657015
0.34997056731008935
0.34999698225355796
0.35017830336954603
0.35030421099047265
0.3503358362070289
0.35047963190539305
0.350803938861268
0.3512727787081019
0.3513010065202166
0.35163667097365603
0.35201205828176274
0.35239760508409923
0.3527859287788681
0.35317426620224734
0.3535609607359921
0.35394462451484804
0.354323832515228
0.35469694862954954
0.355061974205342
0.35540627250361884
0.3554163750799265
0.35550947165017865
0.3556731442891898
0.35575686075322616
0.35588759758646504
0.35607909788273423
0.3561430066021073
0.3563773581160354
0.3564306937974957
0.35664415099402963
0.35674356087135983
0.35687001156767095
0.35704381708738486
0.3570760273015547
0.3571541739283138
0.3574237760818506
0.35778346941559197
0.35815249786762404
0.35852877564994057
0.35891057244934266
0.3592963599632278
0.3596846325652614
0.35992450344911453
0.36007360437757485
0.3604604678202596
0.3608388721500486
0.3611936283698716
0.3612394569531131
0.3613781801940764
0.36222416531926016
0.36224078422681105
0.36235327932018535
0.36252699422974133
0.3625707972466518
0.3627478519359866
0.36294870629466847
0.3630032046876924
0.36328286347075867
0.3633350645712143
0.36357891118759145
0.3637236506296315
0.3638851546406877
0.3641118861583581
0.36419656586471805
0.3644982958255457
0.36450880041913913
0.36481778181895197
0.3648817856157858
0.36511931113827967
0.36526136683270666
0.36540865402623257
0.3656360092946527
0.3656800629797369
0.36592622610805964
0.3660045230883116
0.3661377462717905
0.366303033491149
0.36636541840974807
0.3664094213136546
0.3667166944466367
0.36705547959216955
0.3673773752925284
0.36767521802517167
0.36793679445913596
0.36814138822762776
0.36825920118735306
0.36828854847705367
0.369023123288664
0.36943274835363676
0.3700801769063023
0.37016749922845116
0.3702996344692093
0.37040824509173376
0.3704631117417214
0.3705463959694582
0.3706461253108079
0.37073771932108
0.3708394414751904
0.3709560362641039
0.3710361027588617
0.3711853309276187
0.37123085093986674
0.3714161732092184
0.3714196182909303
0.3715991565344994
0.3716427490469731
0.3717667856403034
0.37186119974114823
0.37192023013945924
0.37205751619955424
0.3720687589272796
0.3721769111905305
0.3722633028999815
0.37227689462381497
0.3723561544174175
0.37241360493368625
0.37244311269605546
0.37244842222897323
0.37260674867416516
0.37275298877840424
0.37288080665553824
0.3729893789338323
0.37307811781024935
0.3731467244626194
0.37319524025278217
0.3732240235016617
0.37340163013245586
0.3792160873855955
0.3814364988062713
0.39040008640436497
0.3904206635826199
0.3904544752426577
0.39050080494784845
0.3905586670499827
0.3906268226487229
0.39070379851265785
0.39078790839347416
0.3908772765940442
0.3909698642435984
0.3910634993978541
0.39115591268738575
0.3912447806088861
0.3913277784811582
0.3914026443587631
0.3914672536708839
0.39151970207237696
0.39155839128805864
0.39158211024657197
0.3949056071086476
0.3949343962775631
0.3949820243186931
0.39504796102646317
0.3951314642773049
0.3952315775163184
0.39534712267403355
0.3954766855404636
0.39561858982044473
0.39577085520425664
0.3959311339456741
0.39609662013796126
0.3962639274366856
0.3964289374171273
0.3965866380069356
0.39673100859868554
0.39685507199711434
0.39695130458738587
0.3970125899920677
0.4005277895004688
0.4005278062650168
0.40057172666661106
0.40062123011281714
0.4006955806067891
0.40079269750692925
0.4009106025199526
0.4010157467500385
0.4010471036188408
0.40110467861071913
0.4011997905514293
0.40124415954312304
0.40136605992597235
0.4014254156818666
0.401543124556943
0.4016403176905793
0.4017279940768199
0.40188190338036456
0.40191742063327746
0.4021078057089161
0.4021444017036347
0.40229506694845074
0.4024230710556268
0.40247447212458054
0.40264046828158057
0.402713973251544
0.4027865744647019
0.4029054420412985
0.4029889090845085
0.4030137354386226
0.4030584039286454
0.4033193138597164
0.4036277468024069
0.40393586041130325
0.40423985925540346
0.40453468000436643
0.404812905988492
0.4050630192034415
0.4052673635284732
0.4054029438071183
0.4063784265571855
0.40637842772765703
0.40649204223868535
0.4065662047452127
0.40667444720766294
0.40680762573164614
0.4069581295387401
0.407119507765169
0.4072863759803035
0.40745426589600764
0.4076194443080633
0.40769219564101433
0.40777874589902846
0.4078353372267816
0.407929438692685
0.4080393925959155
0.40806912362970227
0.4081956619536382
0.4082788329640251
0.40830712098845795
0.40840172771590466
0.4084778217781869
0.4085338153113132
0.40853681029834193
0.40856821705360846
0.40880281169331456
0.40881589633828674
0.4090700207826675
0.40933365826467033
0.40959005642857066
0.409836151505485
0.41006920357294885
0.410286644502372
0.4104860037315032
0.4106648866080187
0.4108209920704847
0.4109521613411992
0.41105645002926144
0.4111322143592181
0.4111781997025886
0.41673751594805086
0.4213177560419221
0.4220687597314209
0.42211243549697886
0.42218386646338335
0.4222812289268921
0.4224022953664663
0.4225445967885963
0.4227055306071459
0.42288242052019837
0.42307253628508595
0.42327307566121625
0.4234811043386682
0.4235464059269083
0.42357682873147307
0.4236271559247748
0.42369344277731946
0.4236968372861619
0.4237851326987244
0.4238911384137747
0.4239064804934708
0.4240138158732986
0.42411588947938267
0.42415202031523724
0.4243045264173604
0.42431620896525585
0.42447004820352763
0.42450032208428745
0.42464724997241426
0.4246590514085737
0.424781636416711
0.4248347434387652
0.4248583323895104
0.4250310621261385
0.4252345935688296
0.4254434223547122
0.4256549583718393
0.4258649747364278
0.4260648328142388
0.42624841003358843
0.4262754075353408
0.42628605247234364
0.4270904094816308
0.4272618245824449
0.42740286774776004
0.42747113124460834
0.4274935213882388
0.42763035464698107
0.42769523667532966
0.4277997820227397
0.4279254425337595
0.4279905605668676
0.4281577414381291
0.42819435705388914
0.42838984463803725
0.42840515105444804
0.42861849613381475
0.4286201705728365
0.42883093723983845
0.4288474375752542
0.42903959881118897
0.4290704638939402
0.4292418946006842
0.42928803976919866
0.4294353125444312
0.4294988143281979
0.4296172425230852
0.4297011630061508
0.4297848288234132
0.429893003862238
0.42993484158902184
0.4300635740616768
0.43007152473307014
0.4301667908420068
0.43023277499737406
0.43023981735482114
0.4302782304851537
0.4303710648585787
0.43047782093514625
0.4305672013287265
0.43056756023028914
0.43061102483336466
0.4321586893008421
0.43220894042711283
0.4322838074631181
0.4323746908789977
0.4324744298059089
0.4325777679486383
0.4326810257589448
0.4327816445512844
0.4328778215401891
0.43296825899754904
0.4330520006145182
0.43312832614503144
0.4331966833106452
0.4332566433008612
0.43326590067677784
0.4332939759789032
0.4333078713094176
0.43333838701144106
0.43335010679062425
0.4333831501224018
0.4333961284308182
0.4334068535958368
0.43342111541943035
0.4334638475616433
0.4335382656897228
0.4336164255165132
0.4336957900917975
0.4337742476884803
0.43385007035701395
0.4339218568302296
0.4339884758166236
0.4340490164470497
0.4341027477173216
0.43414908653402057
0.43418757316383433
0.43421785275474495
0.43423966174384787
0.4342528182024341
0.4835836939324947
0.4835860983646361
0.4835972060297405
0.4836192140098799
0.4836521288929735
0.4836958550706186
0.4837405771278205
0.48375025262092264
0.48375792915075705
0.4837864830681026
0.4838151360238824
0.48382583620154873
0.4838755772200714
0.483890266452288
0.48393529582339717
0.4839753391457215
0.4840045598127422
0.4840699637401922
0.4840828805638376
0.48416967226982616
0.48417363334711877
0.4842642013332802
0.48428567492401137
0.4843655173722148
0.48440516752549617
0.4844723525785788
0.4845308037336431
0.4845829694600817
0.48466064799509284
0.484694927771693
0.4847917057017677
0.4848047326231002
0.48490732875976184
0.48491915292335175
0.48499543477979384
0.48503502001349763
0.48505868018445497
0.4851261167294047
0.48517309250976365
0.48520928642484423
0.48651457400922865
0.48651465153969903
0.48662987828429694
0.4867543969943112
0.4869215261452144
0.4870307071683473
0.4871158629705862
0.4871175309388673
0.487245262637501
0.48733427537709895
0.4874080328793313
0.4875668262295303
0.487595778108842
0.487802540393073
0.4878120777788311
0.48802411309024013
0.48806796211704095
0.48825741086024554
0.488333005012728
0.4885000098479756
0.4886060685540866
0.4887498166276563
0.48888618864348815
0.48900480347203507
0.4891724524083011
0.48926274969840355
0.4894638730631888
0.48952092231883365
0.48975920734308687
0.4897756005755093
0.4900212825350386
0.49005659968074217
0.4902492882077415
0.49035272450042244
0.4904453267277151
0.4905859961629258
0.4906402616204878
0.4908982741575314
0.4909991265136313
0.4911998303360764
0.4919456468622845
0.4919460010462929
0.4922836411999598
0.492555027224012
0.49286499202026846
0.49319147690514986
0.4933271555108704
0.49346894587808265
0.49352678801347116
0.49367901380526696
0.4938673353470638
0.4939360309838223
0.49421097256348456
0.4942249259890331
0.49453604981863075
0.4945560834537172
0.4948633179517135
0.4949011784779181
0.4952028159226391
0.4952446521198313
0.49555194020747534
0.4955845715082124
0.49590889390283943
0.4959184248250448
0.4962427638147589
0.49627239052991856
0.4965526564869021
0.4966414771644269
0.49684084180747634
0.49701542725276443
0.49709650997795196
0.49730395823744894
0.49739367676340734
0.4974425933840324
0.49777579302024494
0.4981614855486781
0.4985292874992887
0.4985507387058013
0.4989446946106235
0.49939520688182476
0.49948990161692003
0.4995809074930031
0.5001198707673362
0.5005186149526716
0.5009187819055684
0.5012790828354439
0.5013197912655651
0.5014144999761021
0.5016200652898971
0.5017213870496787
0.5018768005695372
0.5021232752663076
0.5021692554243643
0.5024862447163824
0.5025251037447
0.5028199379746868
0.5029264478337123
0.5031647720272068
0.5033267844100452
0.5035166004611511
0.5037254481021478
0.5038720846198887
0.5041215586118717
0.5042282376495072
0.5045138968247687
0.5045820266503981
0.5049006840637448
0.5049299347634157
0.5052673547089068
0.5052791664697193
0.5055876038936515
0.5056447806395442
0.5058801929887838
0.505989354439185
0.5061278248426597
0.5062969356728304
0.5063024529532258
0.5065337356391829
0.5069786920447653
0.506978698655464
0.5076567055422193
0.5080921242485327
0.508986826570132
0.5091948281432901
0.5094525744499826
0.5094739896508168
0.5095994389112243
0.5097885546395657
0.5098145881774572
0.5100734074117286
0.5101198562307602
0.5103579936247026
0.5104577834135273
0.5106563783749458
0.510796197811511
0.5109604660542716
0.5111308081722815
0.5112644310848156
0.5114581480790883
0.5115637007742031
0.5117750394536026
0.5118543354867482
0.5120782801311663
0.5121326457442965
0.5123644445545091
0.5123949502952033
0.5126297538555781
0.5126374250569763
0.5128560190744497
0.5128700050834334
0.5130464216802565
0.5130805643545869
0.513204045438911
0.5132564145496968
0.5133239195171228
0.5133921345505091
0.5134003366176627
0.5134811974584674
0.5136210595798005
0.5136210604015294
0.5162688996404693
0.518072333549076
0.5210696072666624
0.5211300309169291
0.5212275358961448
0.5213578484346428
0.5215158354728054
0.521696003678053
0.521892856888249
0.5221010971373302
0.5221188500517304
0.5221730454574587
0.522261158725541
0.5223156998092817
0.5223801362861906
0.5225261522194694
0.5225319076610537
0.5226949079119689
0.522745184915592
0.522881877967362
0.5229511636807069
0.5230824768428171
0.5231456068309064
0.5232921461562163
0.5233244053780578
0.5234836225137195
0.5235063778128946
0.5236195880623938
0.5237206941762449
0.5237290341382372
0.5238092474732103
0.5238582045587178
0.5239306075276347
0.5241315806933503
0.5243190108327973
0.5244882587680658
0.5246347446493476
0.5247541234527431
0.5248425373270152
0.5248969163821452
0.5327175953493433
0.5327175964239934
0.5328377025141063
0.5329187838885618
0.5329407493672577
0.5330095058560723
0.5330425851930533
0.5331182425858427
0.5332037693313555
0.533262268962105
0.5333979073799175
0.533437423717581
0.5336207805252412
0.5336397977778331
0.5338656263948292
0.533868355967439
0.534111274582653
0.5341368505575107
0.5343732250599299
0.5344227569828531
0.5346480287024749
0.5347228128590681
0.5349321984383204
0.5350339114828228
0.5352220265535765
0.535352945109677
0.5355132896873384
0.5356765478855582
0.5358007760595359
0.5360006582621548
0.53607752600226
0.5363197240071685
0.5363336377674622
0.5365545235286531
0.5366251765265296
0.5367183558645479
0.5368868242685945
0.536902485825003
0.5371262550500543
0.5372571697792705
0.5391658128444945
0.5391658194677587
0.5395503152670664
0.5397707626397661
0.5398641472976462
0.5400186339937801
0.5400611491307976
0.5402435361731416
0.5403898383940059
0.5405146588499875
0.5407409739935458
0.5408154876708215
0.5411061025148377
0.5411353272439815
0.5414671028143604
0.5414803932679163
0.5418058556421195
0.5418608953216161
0.5421478034976683
0.5422456930510781
0.5424897351136659
0.5426334735338463
0.542828571787096
0.5430232926660736
0.5431609832112131
0.5434144426195209
0.5434829692315901
0.5437893208551341
0.5438063742150889
0.544072864241309
0.5441986518401292
0.5443234045272417
0.5445264534657743
0.5445909321881224
0.5446626468150432
0.5449829725647187
0.5452568925031368
0.5453747181039504
0.5457668058854585
0.5461681792597282
0.5463973002293014
0.5465085443251039
0.5469139313369797
0.5472994558636217
0.547680898980811
0.5480590488915283
0.5484338198261925
0.548745244786613
0.5488048876234822
0.54886276735635
0.5490440259754829
0.5491717880106244
0.5492740316856652
0.5495339181690913
0.5495395494615601
0.5498303524023965
0.5498905007867371
0.5501389949710759
0.5502405162892787
0.5504601565266981
0.5505825921891133
0.5507900185865572
0.5509148245003811
0.5511257912191445
0.5512344857685708
0.5514653779316132
0.5515375417096986
0.5518071396456227
0.5518178550691175
0.5520659463131224
0.5521497181911863
0.552267440200064
0.5524025754701036
0.5524918801782589
0.5528323256336677
0.5531693308591558
0.5534872921856122
0.5534997654279553
0.5538149998555089
0.5541452414386389
0.554152087204207
0.5543576506934853
0.555011475110315
0.5552910892419384
0.5554494872927167
0.5555656436038293
0.5555963591553358
0.5557378880069775
0.555906890981361
0.555947547754662
0.556180443705793
0.5562169800740442
0.5564268687910717
0.556524289366605
0.5566802853374401
0.5568275381022764
0.5569361541918784
0.5571258355960205
0.5571911263483422
0.5574184301522714
0.5574425094800225
0.557687894590983
0.5577045839481753
0.5579248534372229
0.5579834827924204
0.5581506366073808
0.5582541384002
0.5583618082194488
0.5585152464987122
0.5585537561794082
0.558720056554345
0.5587649455159506
0.5588518726926576
0.5589381846441884
0.5590003702267293
0.5592167886561608
0.5594059445485184
0.5595532759926726
0.5596499142765834
0.5596511070225474
0.5603524663590578
0.5606558241167696
0.561001886416322
0.5611011715432839
0.5611016180494627
0.5611589251352804
0.561232512656167
0.5612441738336957
0.5613475455129928
0.5613773840138001
0.5614609128606443
0.5615257838582429
0.5615783023599986
0.5616722436249798
0.5616954991209943
0.5618095336633061
0.5618135763118375
0.5619182771402151
0.5619477861017057
0.5620201632155885
0.5620735357155724
0.5621140050033475
0.5621898748327931
0.5621988749437584
0.5622740244944632
0.562296095027677
0.5623388288569982
0.5623916491332401
0.5623927484831703
0.5624353048068558
0.5624660731372216
0.5624761053177848
0.5624846987812124
0.5625491214127816
0.5626104333209402
0.5626598583492266
0.5626973268703422
0.5627229871545267
0.5627374618224942
0.5627611715940707
0.5689972064992102
0.5760543921264394
0.5940505686534058
0.5940637996589194
0.5940857269132411
0.5941161603725221
0.5941548268126625
0.5942013618473583
0.5942552984280521
0.5943160507882239
0.5943828924708255
0.5943897751769813
0.594402726170724
0.5944242124443502
0.5944540832044599
0.5944549267725548
0.594492121562826
0.5945310478003472
0.5945380379239873
0.5945914601684368
0.5946098907187302
0.594651919413623
0.5946897714277846
0.5947188295757555
0.594768620284764
0.5947914581922967
0.5948439238473862
0.5948688849784046
0.5949127053817634
0.594949943488255
0.5949715980958964
0.595017082056661
0.5950331405319126
0.5950459333842818
0.5951165491804111
0.5951976781263559
0.5952733409569607
0.5953395957226196
0.5953919008683192
0.5954256853437344
0.5972414982261046
0.5972415182254139
0.5972908849916309
0.5973465963897563
0.5974289014130755
0.5975180519719815
0.5975336421898627
0.5975662977789115
0.5976427440251667
0.5976568092072869
0.5977432588080589
0.5977947484618992
0.597863831288515
0.5979443596343457
0.5980008351337097
0.5981030930212828
0.598151084038717
0.5982688486646982
0.5983117964475613
0.5984398509762777
0.5984805118091902
0.5986145260449914
0.5986549802318536
0.598791381794779
0.5988330342369768
0.5989688751055505
0.5990124390272177
0.5991452330390079
0.5991907064454556
0.5993181638890541
0.5993648476670199
0.5994843261239835
0.5995310349242273
0.59963828854774
0.5996841645159628
0.5997705685491515
0.599817427358091
0.5998650045308266
0.599922309729208
0.5999898278446142
0.6007759460523615
0.6007761444480568
0.6008563454600788
0.6009560007806206
0.6010815996883093
0.6012196351241472
0.6013622986380734
0.6015049952304791
0.6016448238093653
0.601779782238392
0.6019083669646536
0.6019201690117887
0.6019885265690998
0.6020293690656728
0.6020914912991169
0.6021417684957088
0.6022184348440345
0.6022446791585498
0.6023373213211385
0.602360411615881
0.6024190090959987
0.6024891461302152
0.6025106826521208
0.6025472253910296
0.6025928304959431
0.6026256370842776
0.6026454135512527
0.6026643049794153
0.6028175854622283
0.6029676513956885
0.6031121606501708
0.6032491183226676
0.6033767659983503
0.6034935194012052
0.6035979386859184
0.6036887211517614
0.6037647093058134
0.6038249087898513
0.6038685113948951
0.6038949187461192
0.6090384744820141
0.6132659009447877
0.6141715222170743
0.6142002506746711
0.6142476044125894
0.6143128379950429
0.6143949838452651
0.6144929029915467
0.6146053274481755
0.6147308893171487
0.6148681336638039
0.6150155118425042
0.6151713492650478
0.6153337760616336
0.6155005988711792
0.6156690737142866
0.6158355100259212
0.6159585000328409
0.6159766138114132
0.6159946036917399
0.6160065529755685
0.6160479436573132
0.6161002653275041
0.6161384495622925
0.6161628518867868
0.6162348905444359
0.6162556932980864
0.6163154166320183
0.6163328291554133
0.6164033020862676
0.6164972349036265
0.6165956864863009
0.6166968637210923
0.6167986435227286
0.6168984908534763
0.6169933692149461
0.6170796662124761
0.6171531574592223
0.6172088205121594
0.6172529094258243
0.6172813136124308
0.6172813186617043
0.617906314373426
0.6180056157359975
0.6181485263254531
0.618318597600966
0.6185050340344491
0.6187011044716423
0.6189024517004906
0.6191060269863584
0.6193094756538198
0.619510770990075
0.6195415420997902
0.6195817398308775
0.6196453671432948
0.6197079721414769
0.619728319962634
0.6198261848662835
0.6198990358909914
0.6199347696222317
0.6200503376502332
0.6200816410306417
0.6201696430993763
0.6202529995101128
0.6202898702642718
0.620408544570128
0.6204096408999077
0.6205234484957607
0.6205471770100502
0.6206325555266226
0.6206601025991001
0.6207339854129634
0.6207418381477273
0.6207859212611802
0.6208259794894351
0.6209068912010364
0.6209751782068359
0.6210293454685686
0.621067552761165
0.6211001356549767
0.6211001746821848
0.6211275118743962
0.6232554506678288
0.623296653476241
0.6233608883132319
0.6234429714614101
0.6235376109532597
0.6236400746146151
0.623746417243995
0.6238534545009464
0.6239586399437477
0.6240599290851518
0.6241556632131725
0.6242444803780349
0.6243252511216204
0.6243970338746928
0.6244590450278483
0.6245106395532659
0.6245512989921836
0.6245806244162757
0.6245983325984539
0.6267719157415546
0.6267860752466007
0.6268091390913411
0.6268403420096749
0.6268786818212947
0.626922975873904
0.6269719193826488
0.6270241401874994
0.6270782464931447
0.6271328661801555
0.6271866778419937
0.6272384346568397
0.6272869826000866
0.6273312744946258
0.6273703811481044
0.6274035004764595
0.6274299651570872
0.6274492490514593
0.6274609724159417
0.6388182258736014
0.6389202368414604
0.6389354125988006
0.6389609642595406
0.6389970740314381
0.6390437802730042
0.6391009575622046
0.6391683345640389
0.639245515730465
0.6393319942339099
0.639342994861277
0.6393609926248489
0.6393907184315598
0.6394271529977291
0.6394317838071087
0.6394836715526047
0.6395302517403411
0.6395457489390116
0.6396172731156275
0.639640395270097
0.639697386613225
0.6397564730002034
0.6397851013732364
0.6398770504762408
0.639879268886617
0.6399785322671983
0.6400001775446209
0.6400812539610392
0.6401230513505813
0.6401854112887783
0.6402414438963729
0.6402884539950671
0.6403488554950513
0.6403871315752598
0.6404358620582428
0.6404773430804124
0.6404917863832723
0.64055417323143
0.6406124627251754
0.64064824016036
0.6416586636619025
0.641671294021432
0.6417285183507754
0.6418309048704621
0.641965125804543
0.6421207124495535
0.6422908570320909
0.6424712978915412
0.6426434429184184
0.6426593098883157
0.6426989040105131
0.6427856068632528
0.6428530685240361
0.642897335763199
0.6430282275587478
0.6430512809374787
0.6431733974438014
0.6432529706298982
0.6433289692021118
0.6434573443860977
0.6434918673422373
0.6436595653256731
0.6436636986932538
0.6438298553384504
0.643871335649074
0.6440006450320468
0.6440794555449861
0.6441697651183795
0.6442869644843074
0.6443347652877868
0.6444920318201377
0.6444926755267897
0.6446397179388969
0.6446908463820958
0.644770988256784
0.6448734091225697
0.6448802344511408
0.6449601547240981
0.6450045563949657
0.6450092833661707
0.6455776830166213
0.6455816835939803
0.6457237124320817
0.645904684896069
0.6461024801689623
0.6463064655515678
0.6465126457366823
0.6467190734324576
0.646924532786342
0.6471280697679731
0.6473287803466896
0.6474587236580372
0.6475189445373175
0.6475256828548109
0.6476133587767313
0.6477176111464241
0.6477353800126945
0.6478787036050352
0.647903098252012
0.6480380700103489
0.6480802311584246
0.648209390691687
0.6482464640819131
0.6483895845763443
0.6483983931235665
0.648531540047773
0.6485763455977237
0.6486403005493246
0.6487184264833437
0.6487610517040479
0.6487679320767628
0.6489629997785444
0.6491604734121744
0.6493594423307363
0.6495590606585949
0.6497584186446584
0.6499563078713191
0.6501506451345014
0.6503366852559201
0.6505039531884953
0.6505532286408752
0.6505600232313888
0.6510819093738425
0.6511050069208704
0.6511404441505172
0.6512304805561041
0.6512630958511618
0.6513444237954257
0.6514440827727616
0.6514755602814291
0.6516185923244797
0.6516319852040378
0.6517695045021795
0.6518218800240382
0.651925246811662
0.6520117453904505
0.6520834276796228
0.6522005138911176
0.652242061482314
0.6523874801669336
0.652399362190433
0.6525535598815315
0.6525720741784121
0.6527027131334711
0.6527537501885116
0.6528444887014883
0.6529319114004559
0.652975881970754
0.6530928731076188
0.6531058351779401
0.6531900951313451
0.6532607274182559
0.6532745729504333
0.653307359040616
0.6534367913457012
0.6535904964578269
0.6537325308307892
0.6538576374413354
0.6539567876945015
0.6540159009919978
0.65401966394221
0.6541892829819052
0.654890097864751
0.6549337617182251
0.655000024257578
0.6550822425053416
0.6551203805081071
0.6551745470751582
0.6551783572436007
0.655261444730728
0.6552723487031535
0.6553589017475465
0.6553722120301061
0.6554632685101766
0.655471562773237
0.655568421613327
0.6555697802003221
0.655661208071141
0.6556753704331952
0.6557486070333846
0.6557779687649428
0.6558294809397005
0.6558760855777326
0.6559028126971962
0.6559676678315091
0.6559685770048499
0.6560231656677808
0.656054512171119
0.6560684445292767
0.6561025825999116
0.6561243753030237
0.6561330981866033
0.6561705927487138
0.6562036390093131
0.6562655161172364
0.6563181864250835
0.656361199627123
0.6563942466134545
0.6564172622068123
0.6564305759488691
0.6564638368046533
0.6568926718080841
0.6615207148106325
0.6615288901995189
0.6615422774765854
0.661560528694732
0.6615831748814114
0.6616096419463736
0.6616392684713402
0.6616713241645047
0.6617050280853087
0.6617395661596348
0.6617741079177673
0.6618078227191584
0.6618398959244266
0.6618695455043222
0.6618960394274132
0.6619187138567396
0.6619369917547244
0.6619504010249163
0.6619585909199265
0.6635893149160179
0.6635995257812483
0.6636163779847751
0.6636396251825093
0.6636689269240588
0.663703851746094
0.6637438793607527
0.6637884007825939
0.6638367151467975
0.6638880219662949
0.6639414077273412
0.6639958262164701
0.6640500731993019
0.6641027587408181
0.6641522855853021
0.6641968504136883
0.6642344952348097
0.6642632416822641
0.6642813262709387
0.6655790805351742
0.6655791328497997
0.6655856942892607
0.6655966851814777
0.6656130606721955
0.6656345807078238
0.6656609193542272
0.6656916502358384
0.6657262531746206
0.6657525850877689
0.6657641250772667
0.6657751255177029
0.6658045894451836
0.66581107867637
0.6658469016789876
0.6658585655040022
0.6658902490066654
0.6659156089496482
0.6659337450835014
0.6659764205920162
0.6659803351621895
0.6660172130478103
0.6660510653257339
0.6660549619918087
0.6660884199198142
0.6661162934239475
0.6661263375438707
0.6661373291361022
0.6661504484988978
0.6662048872410533
0.6662856055382181
0.666367486083572
0.6664495627212121
0.666530833263306
0.6666101572557906
0.6666861067103907
0.6667567406815879
0.6668192869071529
0.6668698205753019
0.6669033680484581
0.6671574483015289
0.667157449140478
0.6671724809198488
0.6671851554126746
0.6672038762480629
0.6672274404757577
0.6672547169715869
0.6672846070177968
0.6673160871203769
0.6673482392800091
0.667380260522315
0.6674114585949349
0.6674412411731653
0.6674691034239331
0.6674946164684213
0.6675174177747492
0.6675372036842072
0.6675526600201441
0.6675537238834308
0.6675667774881446
0.667576210382127
0.6675819134919422
0.667582034424857
0.6676249913765725
0.6676763510558597
0.6677322240969972
0.6677899630940222
0.6678477834276831
0.6679044424168177
0.6679590302540804
0.6680108439086184
0.6680593127567762
0.6681039551579165
0.6681443536407486
0.6681801415436985
0.6682109968759908
0.6682366407651912
0.6682568387202439
0.6682714034103253
0.6682801979399069
0.6699082022834182
0.6702442370177818
0.6715461223264629
0.6715509802013442
0.6715589824561221
0.671569990487584
0.6715838152154059
0.6716002210823172
0.671618929960295
0.6716396242396336
0.6716586068064795
0.6716619483817101
0.6716623328258731
0.6716684975429018
0.6716770335930929
0.6716855082674055
0.6716878477523766
0.6717008217158159
0.6717098677820518
0.6717158126495485
0.6717326531501626
0.6717345423042639
0.6717511501089888
0.6717589892620426
0.6717710817731845
0.671782596981963
0.6717921919718277
0.6718046751457815
0.6718141799651842
0.6718244537232871
0.6718366836097921
0.6718411019332251
0.6718537817990345
0.6718592525399468
0.6718617454408212
0.6718813073458421
0.6719020823955855
0.671920560481023
0.6719354406298638
0.6719452439406108
0.672235442768166
0.6722406186825454
0.6722470697813187
0.6722581331162297
0.6722745751866931
0.6722951265385253
0.6723185814721945
0.6723439913845675
0.6723706559688156
0.6723980631361414
0.6724115880509599
0.6724191002993051
0.6724258316579101
0.6724310259910666
0.6724466266637751
0.6724536677802126
0.672465091112535
0.6724813340139832
0.6724856334448455
0.6725075432577775
0.6725086256417491
0.6725301996387876
0.6725353502653715
0.672553064865465
0.6725613050190603
0.6725756696356685
0.6725862430564608
0.6725975966341106
0.672609812376848
0.672618465783884
0.6726314286584829
0.6726379227428616
0.6726500009892575
0.672655631533826
0.6726634403144552
0.6726712721105329
0.672684543711196
0.6726951744941182
0.6727029363543968
0.6727076604288722
0.6727686733571959
0.6727701614581058
0.6727755478206027
0.6727863970037602
0.6728004910271425
0.6728158362137239
0.6728313875607108
0.6728466083020223
0.6728612048142778
0.6728750037781895
0.6728878954021218
0.6728998058038169
0.6729106827443768
0.6729204878270953
0.6729291920089012
0.67293677290108
0.6729432130840388
0.6729484990227318
0.6729526203531514
0.6729555694079588
0.6729573409035517
0.6732465259726409
0.673248519948295
0.6732517328216044
0.6732560132528685
0.6732611739932586
0.673267009107496
0.6732733090089562
0.6732798717866295
0.6732865105801722
0.6732930575616904
0.6732993654001922
0.673305307075276
0.6733107747431082
0.6733156781586558
0.6733199429830868
0.6733235091735849
0.6733263295634205
0.6733283686842131
0.6733296018502379
1.2576204582404216
1.2581296685425356
1.2581317045737956
1.2581350973735212
1.2581398460492654
1.2581459493240976
1.2581534055096741
1.2581622124723206
1.2581723675924523
1.2581838677175121
1.2581967091082904
1.2582108873779243
1.258226397421815
1.258243233334547
1.2582613883049496
1.2582690865143025
1.2582705699243124
1.2582730274317413
1.2582764361756071
1.25828076292053
1.2582808544674415
1.258285962742152
1.2582919772141428
1.25829873200331
1.258301622647541
1.2583061337622787
1.2583140662037096
1.2583223852600343
1.2583236817866332
1.2583309133005258
1.2583394325249155
1.2583470170518543
1.2583476779226472
1.258355330678695
1.2583620140842775
1.2583672979262122
1.2583707293453756
1.2583715989794362
1.2583969971158162
1.258397077143726
1.2584017197600004
1.2584247986884707
1.2584530760158252
1.2584826044491078
1.2585133256993304
1.2585452086595739
1.2585782231087173
1.2586123358780568
1.2586475091769322
1.2586836990315577
1.2587208532478456
1.2587589083847173
1.2587925351684277
1.2587977849121186
1.2587979322849394
1.2588066795602681
1.2588184456815599
1.258832831020103
1.258837378949851
1.2588494034376838
1.258867722117807
1.2588775471818614
1.258887348917102
1.2589078500613065
1.2589180771186648
1.2589287917684748
1.258949732833999
1.258958623088042
1.2589702163599386
1.2589897620843347
1.2589985539432536
1.2590078601947743
1.2590239670219505
1.259036551153657
1.2590375030506331
1.2590478571595662
1.2590544167008098
1.259069480061869
1.2590945760428744
1.2590948390235814
1.2591355221412237
1.2592387056352163
1.2592682623822116
1.259305800444584
1.2593466641888682
1.2593888733806764
1.2594314484634241
1.2594737851595024
1.2595154259432086
1.259555968077352
1.259595022933416
1.259632197250061
1.2596670855059626
1.259699269287342
1.2597283221292734
1.259753819260504
1.2597753518148238
1.2597925447044092
1.259805076677941
1.2598127003401474
1.2602784298052256
1.2602871347203397
1.2603013918595096
1.2603208482251864
1.2603450500750222
1.2603734705658962
1.260405532529528
1.2604406230769958
1.2604780988870286
1.2605172825599045
1.260557451290136
1.2605978196869285
1.2606375193812032
1.2606755796698923
1.2607109163117933
1.2607423396056783
1.2607685964643132
1.260788460142021
1.2608008693475166
1.2613111043378278
1.2619883842099715
1.262036201021755
1.262050860614295
1.2620755765146958
1.2621100947718702
1.2621536944701375
1.2622054104778857
1.2622247831494962
1.262236581898398
1.2622559351328146
1.2622642241049091
1.262282420809167
1.2623155169814417
1.2623291732695623
1.2623546381093065
1.2623991588338361
1.2623994010120745
1.262448424800114
1.2624741665514518
1.2625017512271164
1.2625528363052865
1.2625584088503061
1.2626175947657101
1.2626348651034962
1.262678382718684
1.2627197720842405
1.2627396431765898
1.2627999183463725
1.26280711085001
1.2628572349746034
1.2628964271523622
1.2629088554531644
1.2629510583499046
1.2629792904249477
1.2629871835504323
1.263078587820153
1.2631690960619697
1.263254550148875
1.2633236145669102
1.2633264992518758
1.2634999746690658
1.2635468231489286
1.2636277225296197
1.2637167720194271
1.26381320713626
1.2638761057325643
1.263908781126392
1.2639125659050119
1.263958253392221
1.2640132066614012
1.2640198339760922
1.2640896704035258
1.264114254356183
1.2641648918050041
1.2642150751898644
1.2642433744608526
1.264315093920243
1.2643234768355667
1.2644038358383518
1.2644137090671161
1.2644832238615569
1.2645102392059913
1.2645604487497177
1.2646038780944129
1.2646342820268035
1.2646936505972097
1.2647034070570389
1.2647663844287833
1.2647783681374247
1.2648216363822715
1.2648565885930532
1.2648674567552096
1.264902063389594
1.2649237391882082
1.2649265941630239
1.264986412436967
1.2650339167821893
1.2650670404670596
1.2650848182687984
1.2650854444825064
1.266534978189505
1.266876104452832
1.2668924107333839
1.266923561881561
1.2669679672258862
1.2670233932672215
1.2670874844708109
1.2671579742764958
1.2672327809820474
1.2672950219628956
1.267310024111892
1.2673153450826706
1.2673481872280101
1.267387998223581
1.2673921734810536
1.2674456499018107
1.2674651306124767
1.2675068391700377
1.2675399383146797
1.2675739494850207
1.2676109922182135
1.2676452334272597
1.2676768916809829
1.2677190074328604
1.2677362502919574
1.2677876909730696
1.267793646474965
1.2678298468510467
1.267861369700036
1.267867567268012
1.2678809799748214
1.2679392107735752
1.2680060819801955
1.2680070328613247
1.2680695108866222
1.2681251727687983
1.2681726519566117
1.2682107636656381
1.268238583192263
1.2682554917435465
1.271695824503784
1.271696340735064
1.2717141567059478
1.271747486644833
1.271796502775835
1.2718601535844194
1.2718696136323626
1.2718942945274525
1.2719342461403016
1.2719372083268383
1.2719881591120712
1.2720263500468416
1.2720546696462387
1.2721262495469767
1.2721324234479594
1.2722200851629952
1.2722356140535265
1.2723163342888746
1.2723532100403874
1.2724198521964591
1.2724778618747146
1.272529294625086
1.2726084267224862
1.2726432416042626
1.2727437413384175
1.2727601133607225
1.2728780332005534
1.2728825261560681
1.2729946045711862
1.2730232105287342
1.2731065485457396
1.2731635937654862
1.27320912836788
1.2732953284826654
1.2733001368931465
1.273355147024575
1.2734263814543725
1.273529185327537
1.2735855451011604
1.2736366220007935
1.2744108319303313
1.2744109314585699
1.2745226196562733
1.274636536522296
1.2747794418649554
1.2748532704582232
1.2749185756455468
1.274938415716869
1.2750159948900235
1.2751072517426436
1.2751359223618328
1.2752712175022944
1.2752827220559122
1.2754170021178945
1.275463011756738
1.2755699410785963
1.2756470221026786
1.275727644147646
1.2758340422698982
1.2758882560164433
1.276023584789481
1.2760501755976357
1.2762118421549897
1.2762152981103712
1.2763715386943195
1.2764089179528997
1.2765271694779459
1.2766042397976018
1.2766759672858168
1.2768011047272263
1.2768140856502497
1.2769360653410438
1.2769993974246483
1.2770343399354247
1.2770994696862281
1.2771990655869525
1.2774002109165308
1.2776036075060628
1.2777148663105704
1.277826701231522
1.2779235969478735
1.2779828444269485
1.2782009276492998
1.278406726266642
1.2786115871408565
1.2788161694587017
1.2790204977435968
1.279187396468272
1.2792244260563235
1.2792519377802694
1.2793514645137642
1.279427714882526
1.2794778576602004
1.279624065180715
1.2796300376583238
1.2797847182644435
1.2798309611498928
1.2799559538556273
1.2800299050041277
1.2801350333700239
1.2802260738740348
1.280319998498669
1.2804183459468954
1.2805094152110656
1.2806050877564132
1.2807021935656673
1.2807838424906774
1.2808974582355215
1.2809508078440257
1.2810944446291104
1.2811000103828356
1.2812222586701254
1.2812923921189336
1.28130480481833
1.2814903846085393
1.2816870043714048
1.2818792939260817
1.282058190347975
1.2822687396138577
1.2822697075404497
1.2823962693557345
1.2824830568783798
1.282835810445444
1.2830043013250767
1.2830900724196708
1.2831734299370539
1.2831930277677834
1.2832949687261836
1.2833881054108178
1.2834411104517052
1.283585371483586
1.2836024855027803
1.283773106734553
1.2837830604217013
1.2839491066230366
1.2839801820141221
1.284127849262161
1.2841760299936429
1.2843073866273393
1.2843699883579425
1.2844861218508312
1.2845614292347427
1.2846625779826777
1.2847496343384712
1.2848352051364558
1.2849337066084583
1.2850021739351274
1.285112441977384
1.2851611006393506
1.2852841168977465
1.2853086322640364
1.285439801844393
1.2854461114057016
1.2855471259628828
1.2855942168429202
1.2856199264430046
1.2857213510961731
1.2858150868794902
1.2859461535629506
1.2859461593561852
1.2868447198172759
1.2868613526127577
1.287065647971902
1.287128476666974
1.2871385544533287
1.2871865068821744
1.2872376036622888
1.287269995151141
1.2873497956441808
1.2873686406704337
1.287467427315823
1.2874751048611717
1.2875844610751566
1.2875858810879108
1.287693369204452
1.2877022270539928
1.2877994788812688
1.2878144714769255
1.2879010571478682
1.2879211595591664
1.2879967650906619
1.2880211620475197
1.2880855244403335
1.288113558136377
1.2881664370778385
1.2881975702963215
1.2882387349562263
1.2882725279081437
1.2883017457226469
1.288337846813568
1.288354861715849
1.2883930160370582
1.2883974969698775
1.2884290097768865
1.2884375810308084
1.288448588041368
1.2884710923315341
1.288492863715249
1.2885185491596947
1.2885185502907497
1.2980800266401038
1.299792528547074
1.3008557450279508
1.3008711659698868
1.3008966047112562
1.3009316695548703
1.3009758159866749
1.3010283479861133
1.3010884167434995
1.301155015478443
1.3012269694717513
1.3013029211400746
1.3013813112131576
1.3014603592263891
1.3015380502035037
1.301606580971771
1.3016121401705005
1.3016240264637484
1.301652904127679
1.30168020101587
1.301692916496116
1.3017397329882174
1.3017436459563037
1.301788372437506
1.3018045519650454
1.301824190538809
1.3018459769237039
1.301874965098571
1.3019540760550725
1.302040917155641
1.302134333218308
1.3022329379885527
1.3023350519260721
1.3024386179976901
1.302541096392995
1.3026393511063266
1.302729567653904
1.3028072855752375
1.3028676752349426
1.3029061727555988
1.305034213429112
1.3050342136688298
1.3051137721139905
1.3051602886158225
1.3052312935720494
1.3052342760486535
1.3052977343153416
1.3053231458875227
1.3053948109748295
1.3054327879756673
1.3055185548013797
1.3055573852307394
1.305663293258374
1.3056942966608525
1.305824503689618
1.3058410799529188
1.3059954667533562
1.3059986073100245
1.306155302634353
1.3061827592420094
1.306318453120054
1.3063746510741239
1.306482669810499
1.3065723350774263
1.3066453975100711
1.306774065633043
1.3068034845041336
1.3069527334763347
1.3069781412275372
1.3070872136413798
1.3071827167714936
1.3071983301412664
1.3072741832124695
1.3073855316496106
1.307583446300929
1.307607044522153
1.3077715668917063
1.3079415396849694
1.3080786314549115
1.3081603240381996
1.3088684750231414
1.308868475426944
1.3090149157056827
1.3090892131739593
1.3091933714780832
1.309315640444251
1.309447996934532
1.3095381496592802
1.309584897294561
1.3096469236681858
1.3097223939789662
1.3097968541049667
1.3098575427294716
1.3099684955826616
1.3099880264992252
1.3101119249905566
1.3101505850219823
1.310227576951411
1.3103335012716748
1.310336627478146
1.3104283563449595
1.310510925384781
1.310522550882548
1.3105801199595901
1.3106349962141715
1.3106747789448026
1.3106988885664321
1.3107054989970415
1.310883229982689
1.31105380852208
1.3112154439275188
1.3113664065384008
1.3115049911841103
1.311629513180792
1.3117383297510337
1.311829882378521
1.311902755444506
1.3119557447226293
1.3119879270264956
1.3120390123559398
1.3150687832864416
1.3195081312475656
1.3195397099033488
1.3195917393508652
1.3196633537530567
1.319753408683254
1.3198605367959495
1.3199832042163637
1.3201197595584426
1.32026846830402
1.3204275260419247
1.3205950436217702
1.3207689942374887
1.3209471048668937
1.3211266591044544
1.3211281169134657
1.3211515739607114
1.321190337928896
1.321243923526663
1.3213041501607075
1.3213116722033185
1.3213927688260807
1.3214746783926945
1.3214862576463753
1.3215910540507347
1.321630953521666
1.321705948013734
1.3217619207420588
1.3218295941353972
1.3218520395415376
1.321960481071372
1.3220968690973043
1.3222366768542932
1.322377284189139
1.3225151929454169
1.3226454455145644
1.3227606287403089
1.3228489831122
1.3229380802516433
1.3229381237306728
1.3231701430482201
1.323198841027366
1.323675863263094
1.3237804095346903
1.3239278662886078
1.3241007981863928
1.3242884846811573
1.3244844254154313
1.3245314946395552
1.3246022846097052
1.3246844373523028
1.3247085580985336
1.3248394992526344
1.324885579180352
1.3249864257266106
1.3250855559463801
1.3251430479686188
1.3252823663524926
1.3253048638731282
1.3254685242597815
1.3254740648533045
1.325631367368508
1.325658569093945
1.3257911060971417
1.3258334711263222
1.3259456176397728
1.325995825140654
1.3260927963344702
1.3261418972565653
1.3262304464857557
1.326266888769367
1.3263562052333935
1.3263647166040735
1.326428168850675
1.3264674964508956
1.3265615239655564
1.326635295916794
1.32668543999479
1.3267309037941621
1.3267309208530305
1.3272332307051615
1.3278309396096935
1.3287628397795268
1.3288016087712637
1.3288615234551968
1.328937273159088
1.329023635768172
1.3291161148777195
1.329211092813168
1.3293057453311363
1.329397886415923
1.3294858194291237
1.3295682179536308
1.329644037491382
1.3297124522621018
1.3297728104336493
1.3298246020592306
1.3298674352932962
1.3299000388418183
1.329901017707978
1.3299213497492137
1.3299251407283323
1.3299396663859882
1.3299554619220941
1.3300005115097202
1.3300542873554908
1.3301144707039607
1.3301788132982069
1.3302452453597833
1.3303119257821225
1.330377253423922
1.330439856396409
1.330498571333125
1.3305524199390604
1.330600586691046
1.3306423994113254
1.330677313232909
1.3307048978787013
1.3307248279330792
1.330736875731401
1.352860631611338
1.3532603730056136
1.353278217493001
1.3533079749696348
1.353349649778784
1.3534032158220943
1.3534685992876447
1.3535456672962531
1.353634221667094
1.3537339950984415
1.3538446463817602
1.3538463717200617
1.3538634064023622
1.3538916280563416
1.3539307822836943
1.3539657507453842
1.353980511249857
1.3540403491508854
1.3540967799385968
1.3541097127503443
1.3541878846528528
1.3542370627719638
1.3542739863886146
1.3543669373848073
1.354385707530906
1.3544653943957186
1.3545414452305333
1.3545676640447846
1.3546715793769963
1.3547022950860454
1.3547743314841554
1.354864793536159
1.3548722532861392
1.3549605700053287
1.3550220461881908
1.355033160304782
1.3550824475047463
1.3551582537919031
1.3552283801170861
1.355294236586136
1.3560454893319331
1.3561221097677454
1.3562347384581812
1.356405516690379
1.3566090240671649
1.3568319072606132
1.3570678335130062
1.357313539843328
1.3575671424701177
1.3576143122198425
1.3576754948971594
1.3577722984305698
1.3578274272756017
1.3578987824776525
1.358048965580743
1.3580935309654807
1.3582175213283347
1.3583647857047674
1.358399944305546
1.3585924354352072
1.3586406368595838
1.3587916870540735
1.3589205950135157
1.3589946507784116
1.3591983109142611
1.3592042035013452
1.3593994584689324
1.3594910096372155
1.35959445072818
1.359778940376451
1.3597805257675057
1.3599475662769172
1.3600721458600262
1.3600936290188388
1.360208882357818
1.3602839089710081
1.3603648784812894
1.3606559944163845
1.3607583337576612
1.3609249698141743
1.3609970390307933
1.3612924819730023
1.3615783008617097
1.3618741045863374
1.362171454122719
1.362468338961731
1.36276358270056
1.3630561235749787
1.3633448200393472
1.3636283550254182
1.3639051589633722
1.3641733297858283
1.3644305432800738
1.364635202183762
1.3646739550964762
1.3647089239327879
1.3648269649509202
1.3649001054089924
1.3649834456736856
1.3651048528837177
1.365172081289133
1.365283387875309
1.3653869957524694
1.365430400376104
1.3655404856082793
1.3656088205848893
1.365623102452952
1.365876173487823
1.3661427440740253
1.366419951130439
1.3667053528870923
1.3669967386746542
1.3672919098122136
1.367588379660248
1.367882879328211
1.3681704150333696
1.368442300551831
1.3686820271847253
1.3688202370521867
1.3688584481842636
1.37020840034032
1.370343322990847
1.3704834484644488
1.3707031625964796
1.3709719965207263
1.3712592432669881
1.371268603842064
1.3713326020434105
1.371449651559559
1.3715813029848343
1.3716041625926545
1.3717895536153515
1.3719037905705496
1.3719996583819496
1.372229035211518
1.3722324547800464
1.3724729844978665
1.3725650432984005
1.3727274172675497
1.3729000060884424
1.3729886546793497
1.3732361475432429
1.373253187079945
1.3735173856170249
1.3735724156282794
1.373777131358262
1.3739077394420078
1.3740272999649383
1.374240852918317
1.3742610211226292
1.3744686769465926
1.3745700284138098
1.3746369141237318
1.374748928784716
1.3748925705285127
1.375203697961584
1.3754937781369114
1.3757410496209515
1.37591802730617
1.3759210864394584
1.3767086660200458
1.3769740420920673
1.3773994844688944
1.3776189653177893
1.3777640285539994
1.3778720180369806
1.377886653172203
1.3780331145397415
1.378172972930076
1.3782302910046773
1.378450097970823
1.378465745794471
1.3786828568815854
1.378758896435473
1.3789216333611418
1.3790487195492307
1.3791612423151292
1.3793324797836386
1.3793975390829532
1.379607805672637
1.3796269544888549
1.379846195064061
1.3798723889786342
1.3800520506668126
1.3801238168046068
1.380241275180203
1.3803594721367953
1.3804105223542664
1.380556329471755
1.3805764817818107
1.3806751521584595
1.380763477452893
1.3807717114332734
1.3808180916854769
1.3809418188102915
1.3810833797907076
1.3811930969590807
1.3812680832471373
1.3813062291586342
1.3813124505747998
1.3862512813479462
1.3873281493852538
1.3883375946670804
1.3883880807621214
1.3884695885990852
1.3885786516148757
1.3887111579525537
1.3888493744097314
1.3888627347003912
1.388894618568963
1.3889683341254941
1.389028998301872
1.3890681739935264
1.3891911751118236
1.389205680979082
1.3893339753244414
1.3893886659664012
1.3894929920074401
1.389573965323488
1.3896645422768987
1.3897576683299309
1.3898449024996826
1.3899358832778226
1.390030316134709
1.3901046934539407
1.3902169644582336
1.3902601497686657
1.390398327586567
1.3904009175422696
1.3905154837226734
1.390578086040252
1.3906083615625733
1.3906746932214245
1.3907138044881489
1.3907441996608894
1.3908948447894742
1.3910255957313802
1.3911322588933477
1.391211203031611
1.3912596810910816
1.3969863470441117
1.3969876494756397
1.3970312378809242
1.3971122929573114
1.397230062014214
1.3973806918863096
1.3974158136401638
1.39747418689135
1.3975599615738483
1.3975678882637885
1.3976928715531438
1.397763681223403
1.397844916932259
1.3979879454674475
1.3980199323309483
1.398214061465255
1.3982292529086728
1.3984237081190405
1.3984845271673303
1.3986455075524376
1.398751074307642
1.3988762512948711
1.3990264993066528
1.3991127630622942
1.3993085877608102
1.399351713650232
1.3995893464503324
1.399595137778777
1.3998210599797487
1.3998836907926937
1.400040758081334
1.4001710277190134
1.4002398431819416
1.4004057652888031
1.400452074373739
1.4005205449466238
1.4007171996781036
1.4008856302022488
1.4009449187331247
1.401123131348428
1.4022961670309804
1.4022973136456491
1.4024859918738408
1.4027175502498885
1.402989311496177
1.4032753367712034
1.4032797364443994
1.4033797562658772
1.4035358464960888
1.4035794911227475
1.4037274934750534
1.4038839473397773
1.403942036863929
1.4041704344530956
1.4041904634353612
1.4044062688150893
1.4044972959371258
1.4046447842050618
1.404803104460247
1.4048821907194073
1.4051066842289035
1.405115191065776
1.405340650689645
1.4054067797717662
1.4055553528021036
1.405701905235931
1.4057558054145036
1.4059380915930613
1.405990113227149
1.4060977818233356
1.4062299649647199
1.406268641062344
1.4063294987811907
1.406391593963654
1.4065333276106653
1.4067776583753024
1.4069914121458413
1.4071597670087603
1.4072662802973104
1.4074628291036537
1.4075160546803087
1.4091112788372184
1.409226460806988
1.4093959409213845
1.409600286276852
1.4098252645057756
1.4100615858325627
1.4103032606293533
1.41054624652477
1.4107875819254816
1.4110248543557908
1.4112558578111198
1.4114783462335958
1.411689829808177
1.4117754750911606
1.4118267130722895
1.4118873876846243
1.411909653286389
1.412021082857023
1.4120674955328782
1.4121572570442025
1.4122259005419266
1.4123143319299851
1.4123576279856518
1.412457260502208
1.4124886681279492
1.4125196309374066
1.4126769980326819
1.412876487150659
1.4130847286670223
1.413299703517106
1.4135197274161992
1.413743397140937
1.4139695423354282
1.4141971861470868
1.4144255185277972
1.414653895825285
1.414881947579834
1.415017007771458
1.4151108560352648
1.4152431519464952
1.4153094977636012
1.4155499608260902
1.4157708075666375
1.4157899839108365
1.4158450136155238
1.415930076399754
1.4159880504924558
1.416038185854902
1.416162872583991
1.4162018839018058
1.4162987647502945
1.4164121302774353
1.4164415775678618
1.41658789926372
1.4166185489039904
1.4167349471297366
1.4168208835732403
1.4168803473272231
1.417018870522368
1.41702194415629
1.4171576292428305
1.4172122352136434
1.4172851794185044
1.4174006828452508
1.4174020988197862
1.4175054791440935
1.4175838816261166
1.4175919299648694
1.4176576889903325
1.4176990581251971
1.4177614340303748
1.417932825199177
1.4180973244383073
1.418253783512249
1.4184001919277616
1.4185326359895198
1.418642950846497
1.4187159963427327
1.4187765093696192
1.4191655743735307
1.4192129907539626
1.4193349356620106
1.4193770971759956
1.4194045035463394
1.4194148849280297
1.4194459393917682
1.419497140506446
1.4195090992104957
1.4195543120086775
1.4196065001634384
1.4196144226824547
1.419675158855534
1.4197024772372202
1.4197347815764498
1.4197919841898472
1.419794833337211
1.419845777610351
1.4198823945173114
1.4198954051109083
1.4199402812663908
1.4199644723547715
1.4199799489617908
1.4200140494623212
1.4200406324606276
1.4200423018458292
1.4200644891549803
1.4200804493739503
1.4200900698334709
1.4201105854856282
1.4201741319953638
1.4202311329901816
1.4202814934025494
1.420325152355536
1.420362076778713
1.4203922562525142
1.4204156976273559
1.4204324185644575
1.4204424399724902
1.4207255589239782
1.457189937825623
1.4586625988707163
1.4831608234839266
1.4831701044210852
1.4831855016804416
1.48320690559198
1.4832341559236586
1.4832670345557049
1.4833052551072403
1.4833484487159354
1.4833961449272108
1.4834295910483675
1.483439543150246
1.4834477464298188
1.4834560738551141
1.4834790961756479
1.4835024963042842
1.4835084824590616
1.4835440577979628
1.4835594368189984
1.4835855904226585
1.4836173602161808
1.4836327780167402
1.4836747554827532
1.4836852284066393
1.4837297624886852
1.4837424324058126
1.4837801577235301
1.4838037257308472
1.4838234129943013
1.4838568797629297
1.483868235950589
1.4838781326913522
1.4839348098279206
1.4840019175136674
1.4840675362236428
1.4841290342673297
1.4841831168689064
1.484225959777756
1.484253698849495
1.485795473503538
1.4857954735605168
1.4859054523286548
1.4859247105646105
1.4859572319907477
1.4859691992182127
1.4860363991253356
1.4860387695641226
1.4861299079572823
1.4861382185577345
1.4862396270789981
1.4862588588264845
1.4863653200244273
1.486395162673182
1.4865047079658804
1.4865445707442078
1.4866558032752675
1.4867050240435278
1.4868168505272492
1.4868748408524655
1.486986243728684
1.4870525895450175
1.487162421334134
1.4872369636007152
1.487343731329663
1.487426649098756
1.4875282439121718
1.487620159721452
1.4877134673563814
1.4878155912424478
1.4878958896672854
1.4880102019265056
1.4880702335111846
1.4881996348079884
1.4882283603178268
1.4883582409081868
1.4883764623967937
1.488444861336484
1.4885278296868567
1.4886337619929788
1.489659022916712
1.4896590234262814
1.490018309102344
1.4901583900576687
1.4901952112382122
1.490315812376372
1.4903473494097743
1.4904892008447692
1.4905638461228459
1.4906968391293323
1.490796953839146
1.4909272643492395
1.491040769549587
1.4911737106176577
1.4912917597354023
1.4914320974496076
1.4915475242375948
1.4916998567338882
1.4918061788626802
1.4919752927952024
1.492066002338168
1.4922572305129767
1.4923251865700153
1.492544815485776
1.4925816052568017
1.492832541978366
1.4928373953583016
1.4930743235913633
1.4931344446436534
1.4933018086957208
1.4934355109207504
1.4935077280334113
1.4936820933922461
1.4937401645145543
1.4938126118372315
1.4938887849409994
1.4940479227286154
1.4943580538243229
1.49466872896575
1.494968598285873
1.4952446712576108
1.4952556922580127
1.4956597353665195
1.4959771458483244
1.4963012824770958
1.4966284683123336
1.4969409992890177
1.4969576584381818
1.4970470672309197
1.4972097334192827
1.4972882868611408
1.4974150930210994
1.4976199023013206
1.4976513390294233
1.497909623888095
1.4979520565428694
1.498183606817019
1.498284246175189
1.4984687322918828
1.4986158602853672
1.498761613121224
1.4989461126740686
1.499059570652853
1.4992739370371129
1.4993602891964226
1.499597809618804
1.4996615244368994
1.4999154293701393
1.4999608007640264
1.5002231059781486
1.5002550137364663
1.5005145170091503
1.5005398010073823
1.500778033107081
1.500808422229887
1.500990511322807
1.5010496107681897
1.5011785534174509
1.5012429865863237
1.501404175776276
1.501687799235973
1.5016877997205027
1.503231266559906
1.503392785658638
1.5036195036342856
1.5036542643504571
1.5037932152922782
1.503883261698259
1.503994370242217
1.5041671942752433
1.504234176067889
1.5044615814325246
1.5044966011967624
1.5047604870290796
1.5047715128915575
1.5050523503232334
1.5050598923007361
1.5053345359897987
1.5053567094086011
1.5056145334167998
1.5056482305742926
1.5058892883698771
1.5059317824318603
1.506155875823339
1.506204470872157
1.5064112537713201
1.5064629570125192
1.5066520725385801
1.5067032307241874
1.5068745147587068
1.5069203547818157
1.5070741513005903
1.5071081232209722
1.5072457747931296
1.507258436339975
1.5073599093951016
1.5073830241784598
1.5074769919041584
1.507623709621592
1.5076237112803348
1.5076999230732757
1.507769645440084
1.5119895808053456
1.5120477911713437
1.5121400956300772
1.5122606133349492
1.5124028523172195
1.5125604980298646
1.5127139435382166
1.5127278300063407
1.5127644583011848
1.512845262085852
1.5128998516851853
1.512951949999039
1.5130722585793601
1.513079409773334
1.5132223906931084
1.513241340724986
1.513375876513769
1.5134038747355003
1.5135352708151526
1.513557031199612
1.5136964502216432
1.513698306374462
1.51382547894593
1.5138557441630138
1.5139365890543555
1.514009884622693
1.5140299353161544
1.5141040849529537
1.5141559522566186
1.5141578918792291
1.5141905176136568
1.514291332496756
1.5144136872221177
1.5145209429245623
1.5146112936248879
1.5146832151881058
1.514735486698485
1.514767214067808
1.528209582795087
1.5282096453143643
1.5282456040286825
1.5282956108039725
1.5283705948173925
1.5284397816703734
1.5284693786332435
1.528483131453488
1.5285533833083988
1.528590811824577
1.5286486278211666
1.5287335816252472
1.528767058373805
1.5288962084235143
1.5289069240270103
1.5290664430715095
1.529077056861343
1.5292437439361992
1.5292743363538044
1.529436821010601
1.5294860785309303
1.5296434824401461
1.5297100775642853
1.529861267556048
1.5299437712574366
1.5300873080100013
1.5301840240390387
1.5303180955269842
1.5304267415818815
1.5305490992700983
1.530666193215025
1.530774151786585
1.530893851844734
1.5309845285830674
1.5310966035139661
1.5311678236026347
1.53125489450352
1.531307481278686
1.5313440942048
1.5313861938871924
1.5335406151595028
1.533540623238585
1.533795668862243
1.5339717512473106
1.5342127124751743
1.53423335195642
1.5343750129822291
1.5344949043128762
1.5345840372216768
1.534804436199951
1.5348394507962082
1.535126509764097
1.535132884746966
1.5354355015205858
1.5354749466995605
1.5357599754667128
1.535827112830265
1.5360954609378978
1.5361869169235811
1.5364386479640544
1.536552495343422
1.5367868584637647
1.5369223058235262
1.537137669193115
1.5372949145368384
1.5374885853342717
1.537668781724851
1.5378366749518302
1.538041959738882
1.5381780528186244
1.5384115347853606
1.5385070353657229
1.5387723817800314
1.5388146634696205
1.539086170496402
1.5391139558608649
1.539297248134114
1.5394110084363763
1.5394474342681055
1.5396436525716213
1.5407858444318523
1.5407858818203928
1.5412933700416824
1.541575642736783
1.5419169163985615
1.542266557665087
1.5422833994312308
1.542441701362541
1.5426622862229502
1.542695177407098
1.5429984816745788
1.5430477354317693
1.5433329944018874
1.5434365915638506
1.543687482166522
1.543826846067191
1.544055134630087
1.5442169805483532
1.5444316597616892
1.5446056246657238
1.5448142009790016
1.5449913194913727
1.5452007236038576
1.5453722829437546
1.5455896469900956
1.5457460918117971
1.545979593936476
1.5461091589865603
1.5463691734033818
1.5464557763878584
1.5467567140924028
1.5467762471253175
1.5470531608438465
1.5471398081172305
1.5472547918413173
1.5475143076459377
1.5478260859192658
1.5478715867356587
1.5481884562994055
1.5485809499297034
1.5487462433030208
1.5487464107046958
1.550055957826683
1.5501919411313023
1.5503175702610295
1.5503679242746586
1.550619601142397
1.5506454702143995
1.5509171908231647
1.5510010593172237
1.551241757752918
1.5513689752819486
1.5515820216358784
1.551742329453955
1.5519310980015772
1.5521175096995428
1.5522845011405233
1.552492288548617
1.5526390253265143
1.5528650385691376
1.5529920957988714
1.5532343469828314
1.5533413431876173
1.5535987740265056
1.5536842553147967
1.5539566401577172
1.5540177976309182
1.554305762747763
1.5543378815744227
1.5546384954042904
1.5546430456428177
1.554910184872221
1.5549637510296352
1.5551374851479576
1.555260104194888
1.5552958242781396
1.555518467808086
1.5557131922899634
1.5559858652291758
1.5559858812719767
1.5564360987619394
1.5567033768279261
1.5581586049244145
1.5582153388130455
1.5582784804745178
1.5583519359264426
1.5584538941545274
1.5585462717999754
1.5586639719792321
1.558773296173743
1.5588931285659515
1.5590163196158
1.5591307589925563
1.5592649212058536
1.559369657806308
1.559512403401046
1.5596047119939607
1.5597541544786189
1.5598320575592057
1.5599867277878399
1.560048573162442
1.5602073372053353
1.5602515823542975
1.5604135808393345
1.5604386802656698
1.5606032922416722
1.5606076341039579
1.5607563249313146
1.5607744667079078
1.56088270420311
1.5609252347665066
1.5609847361456037
1.5610538662969162
1.5610603014797804
1.561107121427978
1.5611587906977258
1.561238600706018
1.5612918323889506
1.5613317228971229
1.5613317741343231
1.563798668766246
1.5639767806743725
1.5742905332686554
1.5743229804289187
1.5743763803095088
1.5744497387528433
1.5745417072580477
1.57465061668029
1.5747745089167895
1.574849820693745
1.5748831390408404
1.5749111608371102
1.574938028091306
1.57501354759003
1.575058095746742
1.5751084209531894
1.5752125792697893
1.5752210658078925
1.5753496218533953
1.57537159870859
1.575491970003805
1.5755318280365362
1.5756457373109085
1.5756895854699646
1.5758082830937594
1.5758407981037827
1.5759766630404202
1.5759809991207625
1.5761053963699454
1.5761475702571863
1.576209060486195
1.576287272376755
1.5763172564938108
1.576336026052258
1.5764814452108564
1.5766352637458811
1.5767732466486266
1.576889491911205
1.5769780650865128
1.5770336991117562
1.5813744200081354
1.5813744202281714
1.5815114111883308
1.5815855818232698
1.5816194067244977
1.5816988071949565
1.5816992090384057
1.5818222609540473
1.5818463974448331
1.5819825389396063
1.5820221948908613
1.5821733336009631
1.582222056347796
1.582389121771771
1.5824418092047523
1.5826251116805037
1.582677677305618
1.5828771926085636
1.582926257335345
1.5831418387668672
1.5831844394191275
1.5834159729329849
1.5834492783459129
1.5836968001439449
1.5837178117743222
1.5839816069897088
1.5839868022213508
1.5842523514795444
1.5842674995546542
1.584509298590352
1.5845510196583645
1.5847502868675585
1.5848275238495
1.5849645008959345
1.5850901274875624
1.5851367677212722
1.585249384700001
1.5853279867959893
1.5855242153598912
1.585656126018767
1.5871473323370753
1.5871473324472603
1.5875457575988159
1.5876916589911318
1.5877724410301515
1.587896231034862
1.5879333709283852
1.5881363652768907
1.5881577838845302
1.5883979974770785
1.5884192506580732
1.588672574605087
1.5887026123171661
1.5889546473337859
1.5889993566144347
1.58924048495026
1.5893045137948911
1.5895272825528477
1.5896150235364435
1.5898126778162553
1.5899288963642757
1.5900944156184367
1.5902447702363856
1.5903700643309173
1.590561665347517
1.5906367170817313
1.5908788412216566
1.5908906227012363
1.5911267045691302
1.5911957073882865
1.591337987470483
1.5915117600589432
1.5915151880323415
1.5916473969758067
1.5917259095552574
1.5918265232702171
1.5921394607342925
1.5924497503052666
1.5927553379538235
1.5930448266880313
1.5933357355358106
1.59334410785885
1.5937087328208812
1.5940012901404246
1.5942962715578035
1.594589672193906
1.5946613496493116
1.5947554897197846
1.5948803627953885
1.5948990106353678
1.5950787990141873
1.5951677651206588
1.5952837751415316
1.5954514465422098
1.595505682575961
1.595730997691295
1.5957386544306982
1.5959785408915055
1.596005973207127
1.5962223431893274
1.5962758437055133
1.5964678021686514
1.5965399378212541
1.5967131040827611
1.596797356261896
1.5969566534034922
1.5970468312120376
1.5971968622120718
1.5972864826299151
1.597431894448996
1.5975133778505257
1.5976592602424606
1.5977227165949435
1.597875034103845
1.5979063615618214
1.5980507259915795
1.598072145552849
1.598137501920437
1.59823641141746
1.598338858428989
1.598635283317233
1.5986352842821185
1.5996028405887517
1.5997157774617015
1.5997700394523284
1.5998625874449235
1.5998687771167566
1.5999949979042791
1.6000413837236385
1.6001506643955796
1.6002225613403755
1.6003185027327995
1.6004064377687348
1.6004916800458702
1.6005896638003756
1.600665930030398
1.6007701280621245
1.6008384319324644
1.6009463335132008
1.6010071587338022
1.6011170718161682
1.601170499137812
1.6012812304477912
1.601327024982201
1.601437655516698
1.6014753326288163
1.6015850307048638
1.6016139200075357
1.601721749390528
1.6017410797693699
1.6018457667431996
1.6018548009719367
1.60195267880542
1.6019544284291398
1.602031825828536
1.6020442770986825
1.602088749968274
1.6021107763070899
1.6021194228678834
1.6021479360253774
1.6022329431150133
1.602232943286916
1.6036516915285488
1.60367752887117
1.6037173095201636
1.603767340875135
1.603824022586169
1.6038842991086688
1.603945763257212
1.603982134110739
1.6040019988344827
1.604006586943623
1.6040332057918132
1.604065401776962
1.6040734198820439
1.604120121525629
1.604121185360047
1.6041709366677999
1.6041731702137612
1.6042207759623448
1.604223803851773
1.6042635604618964
1.6042770188177833
1.6043011850530564
1.6043292117952457
1.604333389962152
1.604359976903139
1.6043792981349296
1.6043807967977934
1.6043957411794267
1.6044047363096594
1.6044264247701374
1.604469922343614
1.6045092659745985
1.6045440445439156
1.6045739372668084
1.6045986961232779
1.6046181328697953
1.6046321096114935
1.6046405321685553
1.6755033952422205
1.6756277965448345
1.6756367321973755
1.6756516920371203
1.675672748945509
1.6756999661150664
1.6757333816174815
1.6757730010528606
1.6758187946246434
1.6758706947068012
1.6758856496139636
1.6758948820390218
1.675910197647016
1.6759285908343233
1.6759314892760968
1.6759586065960412
1.6759913532600414
1.6759923193408564
1.6760294803943996
1.6760616438697127
1.676072675006802
1.6761205416197809
1.6761362199818195
1.6761725747672929
1.676215530282332
1.6762281188668244
1.6762863104396515
1.676298761224906
1.6763459960156892
1.6763845571024856
1.676405618423587
1.676463067303179
1.6764705003434417
1.6765155010087855
1.6765519566480145
1.676559165422839
1.6765892552639605
1.6766193792637887
1.6766659484670605
1.676694713632993
1.677281309418526
1.6773053019642798
1.6773615162839792
1.6774546801586148
1.6775717255848157
1.6777043824551432
1.6778482614382422
1.67800098483804
1.6780638152199518
1.6781064295510448
1.6781611719011744
1.6781737181614949
1.6782615631879834
1.6783279528450532
1.6783660065714145
1.6784836815122428
1.6785007322116692
1.6786118511661794
1.678679067365396
1.6787482754382308
1.6788626016982373
1.6788910345879526
1.6790383556111839
1.6790510242726169
1.6791884447978072
1.6792440410609046
1.6793393116983941
1.6794413470650569
1.6794885608411327
1.6796331207620672
1.6796425842995077
1.6797688752975741
1.6798472448041357
1.6798901717248353
1.679989257167069
1.6800543458422152
1.6800560639917743
1.6802606560301108
1.6803405307681167
1.6805110477004672
1.680719515409545
1.68074718919963
1.680950757295744
1.6811700380771686
1.68139413693899
1.6816206809371559
1.681848556198954
1.6820768801044064
1.6823047510465072
1.6825311405315841
1.6826914151554175
1.6827548139827033
1.682761986043854
1.6828730228616342
1.6829742487966184
1.6830173016772807
1.683187537038985
1.6831879624426285
1.6833793191673363
1.6833922672567314
1.6835853876054763
1.6835869650257573
1.683763067963002
1.6838075699990027
1.6839206093480286
1.6840386118128723
1.6840524986891732
1.684152758901061
1.684215731182866
1.6842781333392365
1.6845245436780343
1.6847764494755635
1.6850324885695465
1.6852911197147642
1.685550277191747
1.6858066755819314
1.6860541981586379
1.6861449418735959
1.686279845593083
1.6864543801024876
1.6873069063367914
1.6874935218222882
1.6876410113501041
1.6878582171430543
1.6881132588093213
1.6883882878443344
1.6884913550644303
1.6885627964998178
1.6886748090679389
1.6886762957816877
1.6888253439005245
1.6889685710320994
1.6890032670767579
1.689204036908285
1.6892672066365908
1.6894225390611561
1.689569224915516
1.6896545257684297
1.6898735503165303
1.6898964318692669
1.6901451461530235
1.6901792836279248
1.6903977655290474
1.690485549037736
1.6906513197018376
1.6907913591032675
1.6909024232679004
1.6910954440301804
1.691146775226729
1.6913783727345117
1.691395969264845
1.6915882579927761
1.6916899834404524
1.691762766351166
1.6918823916439145
1.6919722039090017
1.6922320508331827
1.692445498917208
1.6926758265292738
1.692675989008013
1.693323881258982
1.6936014384818299
1.6941667501536075
1.6943568634311057
1.6944982238388158
1.6946007302402266
1.694612151480946
1.694780339903208
1.6948686427708615
1.6949843556262565
1.6951471293082476
1.6952104643291965
1.6954293302722803
1.6954492667960794
1.6956942693866588
1.6957111232832671
1.6959407107627542
1.6959895540055154
1.6961847894837927
1.6962621290863813
1.696423176775066
1.6965264522154087
1.6966527031539886
1.696780007923269
1.6968701492995246
1.6970200165800369
1.6970721042736368
1.697243334248729
1.697254874629561
1.6974144376985008
1.6974463979223369
1.6975464324847662
1.6976252349138885
1.6976461885239322
1.6977088990199092
1.6977755642588235
1.6978929922859636
1.6979730313567658
1.6980325694596967
1.6980326608743295
1.7012191303746649
1.7019525459068874
1.7039699694177908
1.7040235858956236
1.704109833928391
1.7042246236210192
1.7043496586683615
1.7043631375055184
1.7043985844476055
1.7044778025709693
1.7045203280365342
1.70458416270906
1.7046912481565237
1.7047138090333955
1.7048625244188058
1.7048712167400621
1.7050259921735615
1.705055863276227
1.7051999564066487
1.7052411026159235
1.70538029358908
1.7054230809291064
1.7055630215953914
1.705598121955181
1.7057442741111508
1.7057626934766186
1.705913407740522
1.7059202648231822
1.7060470639236403
1.7060872616897966
1.706160732552816
1.706241588128431
1.7062518689351325
1.7063184273031626
1.7063589397320795
1.706379664174161
1.706498094362359
1.7065937984943866
1.7066641676913292
1.7067072171956217
1.7143325492106942
1.7143328691755046
1.714376534077387
1.7144483277371347
1.7145540304375053
1.7146815490612437
1.7146910106411548
1.7147379343161817
1.7148287317773259
1.7148563512601256
1.7149505471885336
1.7150469641046169
1.7150999300286753
1.7152597509421579
1.7152735117290119
1.715468025784394
1.7154917145592152
1.7156803063129147
1.715740011072563
1.7159072679663308
1.7160019472460548
1.7161458531967637
1.716274925202546
1.7163929322851357
1.7165563269179551
1.7166451368742144
1.7168433099305764
1.7168985944434736
1.717132443143644
1.7171485073944168
1.7173884869154605
1.7174190194397874
1.7176095224240573
1.717695676211823
1.7177984712860401
1.7179357120285361
1.7179495361862893
1.7181228808731472
1.718156546219635
1.7183111283675816
1.7199931592336624
1.7199933142216908
1.7202110559095
1.7204286259865846
1.7207035211701114
1.7209032148703565
1.721009948839305
1.721032370784686
1.7212242795388386
1.7213351051151755
1.7214593122089927
1.7216721790134002
1.721722899899436
1.7220051056617753
1.722017280415472
1.7222991400495602
1.7223680246985493
1.7226001345104773
1.722722850021813
1.7229043082511326
1.7230806683412543
1.723208406996
1.723440675413514
1.723509289123599
1.7238022395324333
1.723803566547421
1.7240872293174936
1.7241648288890628
1.7243551930082388
1.724527953092539
1.7246007192910735
1.7248147099417315
1.7248910939032587
1.724985077579372
1.7250970478239869
1.7252535713363661
1.7256141444902482
1.7257525801339197
1.7259691833632562
1.7262964382399697
1.7264570729968638
1.7267704007338494
1.7271013153366728
1.7274527838458849
1.72780691036672
1.728160404809807
1.7285119685815038
1.7288607427547351
1.7292059396177946
1.7294306467718166
1.72952890247565
1.7295466972060467
1.729683145080501
1.7298819808191064
1.7298827751160737
1.7301175725038171
1.730210479428495
1.7303789543284178
1.7305304689429475
1.730660215300543
1.730839615055881
1.7309562897181532
1.7311346814198176
1.731263389483497
1.7314111029030155
1.7315786705538754
1.7316624004001877
1.7318795162935015
1.7318999690328831
1.7320504721595502
1.7321613703984486
1.7322256036834842
1.7325542283618696
1.7328847145871937
1.7332160390282885
1.7335471266412568
1.733876494503412
1.7341150890985797
1.7342009647371612
1.7345209767323704
1.7345514531325537
1.7347359846086496
1.735267002519393
1.7355724652454427
1.7356560704797328
1.7357612563521325
1.73588930747946
1.7359200687273386
1.7361170206952294
1.73620722526195
1.7363394586775627
1.7365235744000214
1.7365781071860593
1.7368263411460823
1.7368371770719357
1.7370793306825698
1.7371472739581364
1.7373333682968362
1.7374532362839585
1.7375853808352233
1.737754452358382
1.7378325611431624
1.7380502602856873
1.7380720532578011
1.7383006332373594
1.738339884667981
1.738514334614159
1.73862235205701
1.7387079848528537
1.7388746910360777
1.7388963544414353
1.739005539617483
1.7390902421783565
1.7391600054069065
1.7394103747120921
1.7396425580884713
1.739847808161422
1.7400102406879723
1.740104750363736
1.7401128032196564
1.7410033516251258
1.7411583106221824
1.7415028430038126
1.7415600276097172
1.7416185179359893
1.7416225114479313
1.7417156440446206
1.7417691003127043
1.741828998124714
1.7419338258354504
1.7419539275499651
1.7420839934103298
1.742102019811095
1.7422145548100005
1.742267949097525
1.7423422550176098
1.742428260146878
1.7424646156258026
1.7425797551121682
1.7425808098324753
1.742686201961551
1.7427241140716623
1.7427827717717796
1.7428570740007763
1.742868486158852
1.7429425192997186
1.7429788336201935
1.743004164146852
1.7430528149884268
1.7430879659922622
1.7430887037782015
1.7431092254408567
1.7431861222793228
1.743270636202155
1.7433419014659477
1.7433997012957347
1.7434439904993
1.7434749668790617
1.743493117424809
1.7435653554484885
1.756505770312482
1.7573191571423148
1.7669730383852507
1.7669892649339614
1.767016116355774
1.7670532999588042
1.7671003986811933
1.7671568628907404
1.7672219985465407
1.7672949507802629
1.7673746818477771
1.7674599424939055
1.7675020697957882
1.7675203593267999
1.767549236297785
1.767550668068255
1.7675927321962221
1.7676407779477052
1.7676461756128115
1.7677105019253316
1.767732449321959
1.7677850821873304
1.7678217626585904
1.7678691367191037
1.7679058487665114
1.7679617087012738
1.767981499535343
1.768045303329836
1.7680616264953697
1.768093907832144
1.7681244116004349
1.768167450897145
1.7682774031399624
1.768389270412793
1.7685002901746965
1.768607027043337
1.768705283306195
1.768790131061357
1.7688562068985736
1.7688984059879045
1.7714448023749996
1.771444803539256
1.7715315778161322
1.771592745456212
1.7716851799427686
1.7717163721261588
1.7717870542144851
1.7718042709640383
1.7718967296676167
1.7719461802838608
1.772038275795823
1.7721073899769186
1.7722055803838002
1.7722846927079128
1.7723936013739092
1.772475198628589
1.772598233271202
1.7726762959974531
1.772816127497806
1.7728855695909584
1.773044500274877
1.7731006831610405
1.7732809439577613
1.7733192196336118
1.7735232411196873
1.773538454048373
1.7737550067267158
1.7737691641378517
1.773964282529801
1.7740162242049946
1.7741595553286043
1.7742613040137019
1.7743306050368886
1.774462415123894
1.7745000549719543
1.774537006593324
1.7747258569736406
1.774928121198545
1.7750904508127407
1.7751930141958192
1.7762507133801717
1.7762507162742482
1.7764541736988864
1.7765777520308599
1.7767458480784728
1.7769397621408725
1.7771481005348915
1.7772000527688403
1.777334292481157
1.7773636004057176
1.77752616185108
1.7775813103421356
1.7777531516645233
1.7777975489847242
1.7780009650441102
1.7780093106547057
1.778213919696803
1.7782609581544966
1.7784088242189922
1.7785276681871969
1.778591472223072
1.778759241264425
1.7787973201684104
1.7789094059748902
1.779039129621086
1.7790669894462199
1.779145456678469
1.7792252740969245
1.7792752846861188
1.7793341114702597
1.7794944115195324
1.779596162171993
1.779850416160605
1.7800937357755429
1.7803223733506208
1.7805317977578499
1.7807165959068911
1.780870553406216
1.780987063730606
1.7810599821978845
1.7833671230412045
1.785262237170899
1.7853228018366998
1.7854238532908484
1.7855625873331353
1.7857340534052086
1.7859325788813218
1.786152752819657
1.7863898537779035
1.7866399284895367
1.7868423706966894
1.786885620501937
1.7868997018510104
1.7869564416413242
1.7870530837677288
1.7871664208859661
1.7871733430922248
1.78731473628592
1.7874376752825598
1.7874746517822941
1.7876504598121299
1.7877111975047137
1.787839573953448
1.7879846130885428
1.7880394635800727
1.7882476170542279
1.788255065714909
1.7884614495709343
1.788518540881673
1.7886781357049824
1.788768448238252
1.7888943193186473
1.7889922973026096
1.7891055971029814
1.7891638058228265
1.7893055430786005
1.7894836850263145
1.7896205929764923
1.7896548462744395
1.7899014029109745
1.7899014204167811
1.7899175456585619
1.7910027694344344
1.791150875003816
1.7913536462800748
1.7915851375155416
1.7916413549846117
1.7917470868410315
1.791831103182436
1.7919018342643767
1.7920837791594735
1.792088029909976
1.7922931076918942
1.7923385800697011
1.7925088121221302
1.79259246561168
1.7927296615073656
1.7928431315079967
1.7929517882722388
1.7930885724432544
1.7931722117875761
1.7933268076416926
1.793388391240045
1.7935556685473408
1.7935979351766154
1.793772593686016
1.7937983927366605
1.793974394076511
1.7939870844173849
1.794156958606358
1.7941609499960092
1.7943148655252212
1.794316402192437
1.7944408421523517
1.794449171522207
1.7945250325912558
1.794554068456964
1.7946243040635868
1.7947447840057578
1.7947447844412427
1.7951082005651053
1.7951219047413889
1.797491156408127
1.7975369616052685
1.7976084153724778
1.797699777374938
1.7978051559010833
1.7979192573762333
1.798037654267709
1.798156768687629
1.7981761743856532
1.7982105838332352
1.798265251648473
1.7982737425865094
1.7983367569122295
1.798386288959051
1.7984212269798072
1.7984925623619255
1.7985148032436185
1.7985910583295845
1.7986139260240515
1.7986805397301264
1.7987154596370245
1.7987599847525508
1.7988167128526127
1.7988285511078532
1.798885551928154
1.7989154056567498
1.7989304398948451
1.798962797042121
1.798982328414389
1.7990096163105056
1.7990977271919437
1.7991783776228467
1.7992504261761122
1.7993129222154833
1.7993650853202583
1.7994062909704251
1.7994360609628872
1.7994540572734306
1.8151209956703829
1.815120995700307
1.8151689319796611
1.8151791867870295
1.8151934305279538
1.8152034031543147
1.8152320297742446
1.8152418796487237
1.8152837494315026
1.8152936199660406
1.8153479496408882
1.8153579455118762
1.8154240432379187
1.8154342489639346
1.8155113966554353
1.8155218907051711
1.8156092898799625
1.815620153953306
1.815716888659357
1.8157282150128946
1.81583321066682
1.8158451093254577
1.8159570730670986
1.815969680049401
1.8160870061311833
1.8161004934080105
1.816221108725246
1.816235696071302
1.8163568053184025
1.816372772657383
1.8164904393073065
1.81650813369989
1.816616611357764
1.816636432014087
1.8167271737484343
1.8167495021121378
1.816809690748375
1.8168347362762145
1.816909807108647
1.816929595878482
1.8182625154135528
1.8182625154985932
1.8185089186252894
1.8185326390465706
1.8186087747177837
1.8186292955765089
1.8187511521669808
1.8187684778096027
1.8189216645676924
1.818936181280892
1.8191113251708388
1.8191233864940977
1.8193145205001666
1.8193243534947774
1.8195276245872924
1.8195353152407623
1.8197481752094093
1.819753667696234
1.8199743921288838
1.819977482093535
1.8202048850901555
1.8202051989856858
1.820435412833356
1.820438458839142
1.8206666839871877
1.8206739551943127
1.8208973197156626
1.8209100807756906
1.8211250421795524
1.821145149635722
1.821346385373649
1.8213765955518564
1.82155546655231
1.8215998801642137
1.8217412983346128
1.821805685775922
1.8218820031802856
1.821971820063415
1.8222042287436717
1.822271890948646
1.822909379336764
1.8229093814161235
1.8233497760366322
1.8235119689749288
1.8235774389286645
1.823710808816503
1.823718930221924
1.8238949750112015
1.823946864907236
1.8241077480683034
1.8241855664189794
1.824337005684701
1.824430163945602
1.8245762370311056
1.8246780051022833
1.8248217571714935
1.8249274355758187
1.8250713279014505
1.8251772609290053
1.8253234800477711
1.8254264682375294
1.8255771609301945
1.8256740431245382
1.825831531479294
1.825918800857736
1.82608582639326
1.826159167133836
1.8263392228447526
1.8263928195889825
1.8265906590436236
1.8266160210895162
1.8268222958738336
1.8268384876449415
1.826999828035655
1.8270796392657205
1.8271274944095994
1.8273071253899016
1.8275006076126659
1.8278803613958394
1.8279373131336867
1.8279374179512842
1.8280074350410906
1.8286803618428895
1.8288573362406078
1.8289163969832405
1.8290351217160312
1.829073130220467
1.8292019730228937
1.829304033727038
1.8293965683750966
1.8295413121582633
1.8296068019556058
1.8297811647085127
1.8298258024856238
1.8300216174796815
1.8300495073850385
1.8302614521657625
1.8302753219589454
1.8304997703142383
1.8305014118136587
1.8307263065981763
1.8307357779788327
1.8309486440121754
1.8309686455343197
1.831166959028214
1.8311973761766764
1.8313794493173006
1.831420633157618
1.8315836397960679
1.8316364588008471
1.8317758262699637
1.8318417604629573
1.831950092361163
1.8320313015316267
1.8320966147395321
1.8321956399780226
1.832199439315682
1.8323170123298849
1.832561898340556
1.8325618995387714
1.8333633347093208
1.8333996199741613
1.8338562283096593
1.8339323133119174
1.8339567953769955
1.834017991770259
1.8340952906724874
1.8341406189133935
1.8342537358539732
1.8342850550188108
1.8344216161455371
1.8344411010903972
1.8345928153834201
1.834602268672438
1.8347635041676102
1.834764296835912
1.8349241799956135
1.8349310243390742
1.8350796037056782
1.8350933144347754
1.8352286222209861
1.835248604055398
1.8353694720080564
1.8353952449984463
1.8355004637913879
1.8355316173837608
1.8356199231096328
1.8356560823579995
1.835726162435206
1.8357669683473885
1.8358174703195458
1.835862582486237
1.8358920930947749
1.8359412303231106
1.835948158804979
1.8359834984009047
1.8360011786446206
1.8360402735839054
1.8360953894504566
1.8360953901360053
1.8396432287971134
1.8399340930875763
1.8409905174502752
1.8410146239075624
1.8410538538429218
1.8411068936508355
1.8411600238507504
1.8411720865965773
1.8411833130850217
1.8412213105855286
1.8412475547497664
1.841272868935182
1.8413312998295792
1.8413365192759485
1.8414105681798119
1.8414212726260697
1.8414931817727942
1.8415154104487703
1.8415824468692288
1.841611648015368
1.8416764060141702
1.84170791002996
1.841773068635492
1.8418020950981961
1.8418704038172042
1.8418920621199457
1.8419663224319323
1.8419756327510997
1.8420506266418928
1.8420586586846321
1.8421149473790033
1.8421451642871456
1.842166729197426
1.8422045234069382
1.8422235320497176
1.8422274387221174
1.842291466673933
1.8423468123681217
1.8423877221191642
1.8424128170557936
1.845285222530053
1.8452852233442973
1.8453365011785523
1.8453734560617348
1.845395202763113
1.845427184092991
1.8454292237273806
1.8454774184642557
1.8455009919945415
1.8455432854098415
1.845586375497932
1.8456224133183103
1.8456831570185352
1.845712627005215
1.8457893046435805
1.8458119286191161
1.8459029996309284
1.8459184953799685
1.8460226341761268
1.8460306651633784
1.8461467816154982
1.8461469012602292
1.8462657343093618
1.8462741452125802
1.846385676461573
1.8464034854192495
1.8465050937964702
1.8465335144611201
1.8466220068938561
1.8466627277072247
1.8467337616151525
1.8467891010813227
1.8468364667277353
1.8469094925048928
1.8469240377680016
1.8469867260515889
1.8470183777764797
1.8471050392572304
1.8471295112063788
1.847191389881658
1.8478314383881074
1.8478314421371496
1.8479701917029918
1.8480526041742003
1.8481072209242981
1.848159066308792
1.848164298220328
1.84824631940242
1.8482777191137196
1.848343800452083
1.8484028327492599
1.8484504610264676
1.8485314228760004
1.8485623452122688
1.8486618079857404
1.8486768913068963
1.8487923288289363
1.8487929682744415
1.8489073177275714
1.8489242421239218
1.849020724438365
1.849055172239103
1.849131466217263
1.8491854217170407
1.8492383818606133
1.8493147237639895
1.8493401010599264
1.8494348925331585
1.8494428463766968
1.8495204818319835
1.8495695589382761
1.849593861675999
1.849651207371626
1.8496881846273499
1.8496945836540002
1.8498174896016029
1.8499373751713994
1.8500515631655756
1.8500867979703866
1.8501481443503762
1.8502132782726024
1.850349500352074
1.8504461263464742
1.8505540976835253
1.8506636790831423
1.850772589975233
1.8508800201712299
1.8509855606323362
1.8510889308986611
1.8511041117963911
1.8511333826718972
1.8511791044810952
1.8511898832251403
1.851237872610657
1.8512881550671445
1.8513064117135758
1.8513819777164573
1.8513834334934023
1.8514624322321014
1.8514753165984765
1.8515461641723472
1.8515632616122242
1.851631972414997
1.8516465085083833
1.851718957913101
1.8517239652455204
1.851794041826759
1.8518064379205528
1.8518544423754886
1.8518938806807628
1.8519020114392217
1.85193293250417
1.8519808542361667
1.852066980653908
1.852151881317403
1.8522350780073735
1.8523157254268594
1.8523915474871973
1.8524594689631868
1.85246170517718
1.8525113131250828
1.8525501040289183
1.852675408727531
1.8527375255489416
1.8527406960438224
1.85276365311544
1.8528021416272642
1.8528107065942083
1.8528486599233562
1.8528810170744645
1.8528999511425255
1.8529504004534278
1.8529537860801923
1.853008658561148
1.8530183665694155
1.8530635225704213
1.8530846626640667
1.8531176116928363
1.8531491279818517
1.8531703194086426
1.8532116387606639
1.8532211154789655
1.8532694800172274
1.8532720812726016
1.8533148421153434
1.8533303332708233
1.8533565136395507
1.8533862449650236
1.8533936141230072
1.8534249969340406
1.8534396122811134
1.8534492230197233
1.8534646891969924
1.853490131875694
1.853537317847768
1.8535803395122847
1.8536177065572377
1.8536467463451818
1.853663290546802
1.8536658767127752
1.8538663228894912
1.8538718666126959
1.8539103579110048
1.8539193944595684
1.8539292852026872
1.853929604073735
1.8539438692357932
1.853954089530942
1.853961452970278
1.853980490858865
1.8539806740729365
1.8540005305983163
1.8540071258202633
1.8540203080076325
1.8540331036552613
1.8540394991287334
1.854057741005803
1.8540579236420425
1.8540747699597457
1.854081287714926
1.8540903907902584
1.854103009407034
1.8541044558885773
1.8541168510712875
1.8541229673006103
1.8541274860043657
1.8541362879040266
1.8541410800729714
1.8541431977625062
1.8541481686559143
1.8541511657270877
1.8541572926493137
1.8541715684851205
1.8541838855849144
1.8541942351501586
1.8542026223329071
1.854209068410253
1.85421361219393
1.8542163054640304
1.8542357078013822
1.9054312542379832
1.9059204080124597
2.0848948577899007
2.0848971673296552
2.0849010026767156
2.084906342224667
2.084910387542467
2.0849127361828557
2.0849131540980284
2.084916637616202
2.084921394351485
2.084922071642702
2.084929008412349
2.0849310043847225
2.0849374066761643
2.0849419073330893
2.084947211258525
2.084954003099953
2.0849583494964343
2.084967161584153
2.0849707262825325
2.0849812135427164
2.084984217208594
2.0849959384727743
2.084998659143256
2.0850110490474245
2.0850138374358873
2.085026172338052
2.085029468954754
2.0850408299649676
2.0850451806909094
2.0850544234567643
2.0850604854551467
2.085066238192221
2.085074760631677
2.085075487268779
2.0850814160210085
2.0850872445406874
2.085097076490092
2.085103410225453
2.08552348771154
2.0855234877120177
2.085553145243474
2.0855555326761075
2.085564856166499
2.085566832664515
2.0855834988912703
2.085584887573573
2.085608197407403
2.085608904525089
2.0856380841584197
2.0856380846762415
2.085671694815964
2.0856723818662655
2.085709102941411
2.0857104376796722
2.0857497792893085
2.085751717727061
2.085793277597066
2.0857957824471
2.0858392079384798
2.085842255739583
2.0858872056059465
2.0858907923473473
2.085936895028753
2.0859410420527715
2.085987843016187
2.0859926046966955
2.086039489524174
2.0860449639968075
2.0860910336022216
2.086097376953618
2.0861412335256557
2.086148673721377
2.0861880560712898
2.0861968869609275
2.0862281336790325
2.086238621704366
2.0862563188526324
2.0862683872676455
2.0865781533009207
2.086578153303772
2.08669622211399
2.0867145246244747
2.0867318133302692
2.086748779127182
2.086782687109885
2.086798458160479
2.086843299352235
2.0868583356715655
2.086910308977881
2.0869250975098717
2.0869817927039507
2.0869967760507104
2.0870566027120865
2.087072185866712
2.0871340007999044
2.087150576477286
2.0872134607906516
2.087231437931479
2.087294555805271
2.0873143901138103
2.087376884040762
2.087399113797817
2.0874600064295747
2.0874852989668238
2.0875433763644957
2.0875725928859747
2.0876262391773115
2.0876605283501513
2.087707466902755
2.087748397858264
2.0877852696729216
2.087834996945643
2.0878566976521573
2.0879169043154455
2.0879180461189084
2.0879586460874844
2.0879928343206426
2.0880494850663265
2.0882682266318
2.0882682267164814
2.088523570215283
2.088586034258209
2.0886318017747643
2.0886688062486685
2.0886786698489557
2.0887466389579274
2.0887620931166917
2.0888282423911084
2.088861372924699
2.0889186337770975
2.0889644537821814
2.089014892954966
2.089070147270376
2.0891152314206898
2.08917771762446
2.0892184864235195
2.0892866355836874
2.089323832205686
2.0893964525480917
2.089430611249282
2.089506721028196
2.0895382238982463
2.0896169262627526
2.089646039223022
2.0897264050324895
2.089753299837628
2.089834224597775
2.0898589914584433
2.0899389786571185
2.0899616340258502
2.0900384250900483
2.090058923411808
2.0901288541043335
2.090147127233745
2.0902041707173105
2.0902202521264712
2.090255495888061
2.0902697973428292
2.0904444403816687
2.09044444038169
2.0910764950422642
2.091110256089934
2.0911306667881124
2.091162584223805
2.0912088343794006
2.0912386014301787
2.0913018978598354
2.09132961255005
2.0914038173776133
2.0914296769829215
2.0915108393572703
2.091535021934155
2.09162055020177
2.0916431870370897
2.091731259898843
2.091752436789922
2.091841644906265
2.0918614099875903
2.091950538181065
2.091968910239946
2.0920567958245777
2.09207377232348
2.09215920264024
2.092174768315158
2.0922563982752242
2.0922705357896434
2.092346817769243
2.092359522177965
2.0924286499039457
2.0924399485544813
2.092499825755966
2.092509804054805
2.0925580595602944
2.0925668888375712
2.0926009978561417
2.092608948621734
2.0926267385179416
2.092634141949756
2.0927019538424556
2.0927019538450535
2.094758137830545
2.094781879985681
2.0948173239276184
2.094819877505528
2.0948405189702326
2.094870098242662
2.09487769428612
2.0949269201897223
2.094930199891286
2.0949859533625776
2.0949977906880126
2.095052481402399
2.095070592048706
2.095124280644632
2.0951465119228443
2.0951992919411127
2.0952236582590382
2.095275639329071
2.0953003213666963
2.0953516176241886
2.0953749455506165
2.0954256682106074
2.0954461020626187
2.095496354921179
2.0955124695876965
2.0955623464612123
2.095572824971723
2.0956224084016766
2.095626044828446
2.0956711172683296
2.0956754056588642
2.0957071618151932
2.095720314906907
2.0957334544764836
2.095749454023844
2.095756245113883
2.095782463218689
2.0957984209935816
2.1012768686266896
2.1012768686422096
2.1013269823031897
2.1013392281357044
2.1013505631826765
2.101362465182188
2.1013879213293274
2.1013996069918903
2.101438108252872
2.1014496981828557
2.1015004206807992
2.1015119873177515
2.1015741400268526
2.1015857199078782
2.101658458297142
2.1016700631860856
2.101752470291604
2.1017640932660373
2.101855179365778
2.101866797759219
2.1019654956290776
2.101977072125652
2.102082215436871
2.1020936978980793
2.102203971929386
2.102215292184155
2.1023291417725765
2.10234021356355
2.102455683277516
2.1024663999314694
2.102580865408447
2.1025910990714642
2.102700831976825
2.1027104396168927
2.1028099682043964
2.102818816854122
2.102900235673834
2.1029082686094123
2.1029612954478574
2.1029686474199796
2.1041150357349743
2.104115035756395
2.1043351215500055
2.104362677805409
2.1044138560968855
2.1044397455460104
2.1045283134112664
2.104552596576491
2.104667150927376
2.1046900786695297
2.1048227379974245
2.10484452644084
2.1049901091403553
2.1050109070601337
2.1051659993597887
2.105185893425118
2.1053481841388875
2.1053672077984675
2.1055350611811443
2.1055532002218027
2.1057253844535575
2.1057425778475465
2.1059180819120704
2.105934217433455
2.106112107906886
2.106127011600795
2.1063062886620276
2.106319706441851
2.106499110470295
2.106510679436809
2.1066883664767433
2.1066975748021295
2.1068704990730884
2.1068766439218813
2.1070393333228092
2.107041533252359
2.1071813195985722
2.1071838514881325
2.1072788735691677
2.10728589191121
2.108047451379561
2.1080474514208585
2.108503504273364
2.1085696616760377
2.108619780044436
2.1086799307194135
2.1087786447504904
2.108833388242335
2.1089610427266487
2.109011765458222
2.1091569253151383
2.109204805659108
2.1093609772329454
2.1094068883630515
2.1095701889933456
2.1096147770269416
2.109782697562277
2.1098264616949796
2.109997221905547
2.1100405737532877
2.1102127637846615
2.1102560708088625
2.1104284234498043
2.110472043967359
2.1106432541194486
2.1106875705021655
2.110856103299732
2.110901559609644
2.111065383104872
2.1111125339685324
2.1112686735089996
2.1113182507808776
2.1114619723460564
2.111514965396749
2.1116382597041516
2.1116959386929706
2.1117851706134907
2.1118487040929086
2.1118840723997825
2.111952975867024
2.112396582829728
2.112396582878548
2.113229989034722
2.113235938442815
2.1133460225030123
2.1133468649488165
2.1135016162143616
2.113505767731521
2.1136811384670984
2.113689308653602
2.1138744613825766
2.113885737967809
2.1140754910914037
2.1140891951613723
2.114280664941641
2.114296320740466
2.114487710483056
2.1145049920018666
2.1146950102104443
2.1147136999830285
2.1149012552959983
2.114921217594566
2.1151052292357466
2.1151263945321985
2.11530563843785
2.1153279964538254
2.1155009358877908
2.1155245358085084
2.1156890864681195
2.1157140438995876
2.1158672042964537
2.1158937147105235
2.1160309537565456
2.1160593092674076
2.116173563125588
2.116204152387434
2.116284411925352
2.116317592055348
2.1163488129327286
2.1163841986271046
2.116595092401624
2.1165950924658183
2.117906265859073
2.11791040795149
2.117972963171559
2.1179783405310544
2.1180710923891968
2.118077949171891
2.1181891332412004
2.1181973867233013
2.118318246345378
2.1183276935618744
2.118452305939526
2.118462732834491
2.1185871210377822
2.118598340376271
2.118719733124786
2.1187315915238245
2.118847944967235
2.118860319830409
2.118970031810427
2.1189828262108525
2.1190845695617533
2.1190977077363464
2.119190333806041
2.1192037580562593
2.1192862408470265
2.119299910223076
2.119371312053786
2.1193852035243874
2.1194446453717792
2.119458759343084
2.119505367732149
2.1195197426297687
2.119552488246564
2.119567233721348
2.119584313494462
2.119599645127896
2.1196283041424913
2.1196448254355538
2.119652006810382
2.11965200787665
2.1299054041684022
2.1299251105692845
2.1299517582733505
2.129957646499999
2.129971553965183
2.130002554472263
2.1300042411032
2.1300493657545565
2.1300592019589044
2.1301063003115743
2.13012678649544
2.1301742485264143
2.130204338459851
2.1302522481803736
2.1302907191397664
2.1303391689566755
2.1303846115487963
2.130433702901707
2.1304845014844624
2.130534344832523
2.130588646670871
2.130639360312561
2.1306950328814445
2.130746739752694
2.130801318503215
2.1308541396358858
2.130904774538366
2.1309588173568037
2.131002237604198
2.1310575770195834
2.131090110666155
2.131146761797167
2.1311644673323147
2.1312213261791317
2.1312223519764113
2.131257130762663
2.1312802418814725
2.1313167393599004
2.134245614726656
2.1342456147305398
2.1343769297821087
2.1343858001344578
2.134429055345051
2.134438432187263
2.134511096124981
2.1345214077889523
2.1346191522821814
2.1346307162042613
2.13474947219671
2.134762468881928
2.1348984670962
2.1349129708325485
2.135062857345901
2.135078875088238
2.135239751804649
2.1352572553941327
2.1354266355202323
2.1354455846464746
2.1356212965712924
2.1356416541043686
2.1358217170289717
2.1358434592988425
2.1360259343213914
2.1360490586629606
2.1362318594323932
2.136256390722652
2.1364370143644624
2.136463011477723
2.136638114461509
2.136665675904165
2.136830362789983
2.1368596259422987
2.137006265233827
2.1370373794087083
2.1371539199729246
2.1371869404441357
2.137255900849489
2.137290528824534
2.1385166140637604
2.138516614067989
2.138898971778415
2.1389201179897683
2.139012021867974
2.139034353663811
2.139173391708832
2.1391973542703617
2.1393649905603214
2.1393907455179173
2.1395754518588226
2.139603048916671
2.1397979454814617
2.1398274276271243
2.1400282745748487
2.1400597222426487
2.1402637209086657
2.140297271473143
2.14050239064477
2.140538252538902
2.140742834221731
2.1407813043568393
2.1409838034148123
2.1410252931207427
2.1412240642839477
2.1412691391036964
2.141462207441355
2.141511648145213
2.141696393378068
2.1417512884355148
2.1419239369204752
2.141985816509084
2.142140556128693
2.1422115560013912
2.142338984577756
2.142421906770287
2.1425066737619103
2.142604340609049
2.142623676766515
2.142736007752996
2.1434115916713665
2.1434115917261605
2.1440583320110034
2.1441408567082165
2.1441950633255034
2.1442626156673557
2.1443796636999677
2.1444330334278
2.1445890332248694
2.144631293499965
2.1448113666328563
2.1448452710905492
2.1450405958446366
2.145068191314729
2.1452733532109374
2.1452961115993787
2.14550757551806
2.1455265659009752
2.1457418464687095
2.145757864627924
2.1459750579508827
2.1459887147151977
2.146206207039859
2.1462179880581016
2.1464342406372436
2.146444548002476
2.146657892134935
2.146667074930803
2.1468754542888986
2.146883832453266
2.147084404082543
2.147092287249256
2.147280730899046
2.1472884283823834
2.1474577333852305
2.1474655361576094
2.147604196312926
2.1476122811985947
2.1477034896423004
2.147711752881419
2.1480845901190366
2.148084590124161
2.1491168931557865
2.149127630346873
2.1492133119482277
2.1492230533717307
2.149349732066098
2.149358440250731
2.149508974667862
2.149516818688574
2.149680229514871
2.1496873853120912
2.149857091218358
2.149863686717443
2.1500356348835736
2.1500417488282357
2.1502132631264765
2.1502189350664036
2.1503880736039
2.1503933133194084
2.150558502998271
2.150563297475946
2.1507231084285787
2.1507274269541896
2.1508804137241966
2.150884212202616
2.1510287826675474
2.15103200853974
2.151166300500324
2.151168900059409
2.1512906598367363
2.1512925904425333
2.1513990657112787
2.1514003162229045
2.151488205468064
2.151488828592397
2.151554408213035
2.151554564478839
2.1515944065949957
2.151594438792862
2.151707324750175
2.151707324751353
2.1535143857170755
2.153540053607589
2.1535401243835137
2.1535653814998277
2.1535803616459974
2.1536050228981645
2.153631913260756
2.1536558837633444
2.153691444212796
2.153714703844782
2.1537559044180195
2.1537784825356767
2.1538227131621808
2.1538446659193644
2.153889778530421
2.153911173088521
2.1539554401208845
2.1539763452825147
2.1540183901443855
2.154038871517141
2.1540775987050664
2.1540977166336535
2.154132252038128
2.1541520610734546
2.1541817046560743
2.154201253806881
2.154225443503341
2.1542447768435107
2.154263061604019
2.154282219008785
2.154294238916536
2.1543132568153727
2.154318728569862
2.15433634711354
2.1543376406667614
2.1543469677981095
2.1543551850588094
2.1543657618130188
2.1811005525382248
2.1811005526465364
2.1811241474779544
2.1811391401687876
2.181143277389091
2.1811574797048476
2.181162605728568
2.1811802910849623
2.181194067462024
2.1812112035935898
2.181233271383751
2.1812498842135843
2.181279996231637
2.1812960589986554
2.1813339950504407
2.1813494466268266
2.181394968113081
2.1814097210758625
2.1814625398328555
2.1814764824009893
2.181536229609129
2.181549223910763
2.181615409081333
2.1816272870122
2.1816992360361476
2.181709793700224
2.181786549910732
2.1817955424700606
2.1818757057818168
2.181882847425193
2.1819643164266513
2.1819692974079685
2.1820488848853508
2.182051432576522
2.18212441529615
2.1821244445081343
2.1821823212690425
2.1821844592401014
2.1822192212305858
2.1822226372256326
2.1833093323171564
2.1833093324488027
2.183475083534107
2.183528709808978
2.183548736507861
2.1835979055310974
2.1836551770861345
2.183699995155544
2.1837846543687687
2.183825707445912
2.1839308691141
2.183968696213005
2.184089733174389
2.1841247387753477
2.184258514143468
2.1842909678538116
2.1844352951437975
2.184465345262856
2.1846186383150594
2.184646321841476
2.1848073673149013
2.184832611320246
2.1850004103487977
2.1850230223275737
2.185196660568587
2.1852163050011773
2.1853948119502236
2.1854109687858867
2.185593110943228
2.18560501064168
2.185788911925792
2.1857954467912237
2.1859774499978553
2.185977802795723
2.1861427980076327
2.186151846612446
2.1862777751391045
2.1862965699318773
2.186364196846218
2.1863902056861138
2.1872830892918382
2.1872830895408235
2.1877111281503843
2.187838416208445
2.18784668446133
2.187960902633911
2.188028697040443
2.1881316992720157
2.1882359989284166
2.1883309836904385
2.1884581068791977
2.1885476733451865
2.1886896090773953
2.1887756797491655
2.1889274461485404
2.1890114770003857
2.1891696973059678
2.189252863498337
2.189415005669863
2.1894983373721937
2.1896622740994993
2.1897467607420515
2.1899104722608063
2.1899971552951216
2.1901584743136344
2.190248547021009
2.1904048683749973
2.1904998032457166
2.1906476652329747
2.1907493960560958
2.1908837765379583
2.190994970382405
2.1911079948305106
2.191232430739646
2.1913109420115093
2.191453803195665
2.1914753520110266
2.1915732984641267
2.191642051800143
2.191762012507074
2.1922832479320813
2.1922832485043946
2.193137995360175
2.1932335008144013
2.193294572001447
2.193368122017651
2.193502881425158
2.1935562295484132
2.1937372822218024
2.1937750652194326
2.1939854873773394
2.1940115980451322
2.1942414164790347
2.1942586252893714
2.194501746970363
2.1945119646239433
2.1947644327177143
2.1947689767629015
2.1950278108930976
2.195028031128238
2.1952869933968677
2.195291359470067
2.1955451698754955
2.195553283161015
2.1958009003295733
2.1958125426085777
2.196052439590462
2.1960675571804193
2.1962974319021273
2.196316139708182
2.196532410808935
2.196555014717788
2.1967519060129277
2.196778938206043
2.19694678663433
2.196979025310633
2.197101156259295
2.1971395583634594
2.1972132910886675
2.1972499332206388
2.1975242612825383
2.1975242614973944
2.199080404174963
2.199098325721208
2.1991902780719155
2.199204594168157
2.199348738081498
2.1993589174401764
2.1995367310361043
2.1995430969212855
2.1997412969884347
2.199744391977695
2.1999542338057148
2.199954562788698
2.200168182003763
2.2001702128401255
2.200381422854693
2.2003855022578493
2.200591325463326
2.2005972186907843
2.200795364404447
2.200802895036281
2.2009911877875483
2.2010002231107073
2.2011764539730985
2.2011868942288992
2.2013487269492162
2.201360498616098
2.2015054087288632
2.201518463344695
2.2016436878133265
2.201658010888045
2.2017604525943604
2.2017760926956975
2.2018520016650847
2.201869129091495
2.2019130776152025
2.2019319525829983
2.202043768120641
2.202043768577473
2.2020933455082856
2.202094988361848
2.2077579969721075
2.2077794738804033
2.2077948682045156
2.2078161950437925
2.207854799421546
2.207875898928399
2.2079356927089133
2.207956516680216
2.208034921624364
2.2080554543560087
2.2081495385112375
2.2081697955659183
2.2082764447715277
2.2082964685818154
2.2084125065635654
2.208432360452849
2.2085546159725293
2.2085743777458458
2.208699708121447
2.208719463811564
2.2088447487437746
2.2088645866287084
2.208986707251181
2.2090067119745744
2.2091225298584316
2.2091427763941156
2.209249127234893
2.2092696745380516
2.209363391438019
2.209384275922687
2.209462256203372
2.209483485669452
2.2095428105381734
2.209564359751038
2.209602465304153
2.2096242748659582
2.209639155405285
2.2096611354694002
2.2151826931689453
2.2151826932040377
2.215289651154057
2.215308725051679
2.215339623705746
2.215357499440985
2.215417499076935
2.2154341026157507
2.215519975921205
2.2155352783231916
2.2156442951184667
2.21565823857096
2.2157878270276763
2.215800339462291
2.215948000748808
2.2159590046479423
2.2161223260570644
2.216131737309111
2.2163084119110312
2.216316133373072
2.2165039529375417
2.216509865444168
2.2167066747549264
2.216710626563225
2.2169142292815684
2.216916024198553
2.217123405705974
2.217124020922802
2.217329578517293
2.217332924617718
2.2175303626669027
2.21753682650106
2.2177198953838233
2.217729889757095
2.2178896776733117
2.2179035034124497
2.2180277639458046
2.2180453018678064
2.2181195313016517
2.2181398556729524
2.219651175755486
2.2196511758297035
2.219991922764678
2.2200348998383075
2.220113937624295
2.220151143699433
2.2202858024207424
2.2203170943774846
2.220488572509537
2.2205145810789846
2.2207107819914436
2.2207321214882367
2.220945557258973
2.220962654738832
2.2211886350127856
2.2212017177403354
2.2214372308417327
2.2214463412358323
2.221689405267064
2.221694409122168
2.2219436945522144
2.221944273106854
2.2221944957902986
2.222198874720476
2.222443642680083
2.2224537810432925
2.2226900601818897
2.2227071246335646
2.222931565260877
2.2229572373773494
2.223164924854837
2.223201621665092
2.223384900924565
2.223436029614703
2.223582515970037
2.2236524329017207
2.2237426338467134
2.2238348038947136
2.2238448983714347
2.2239553082630974
2.2247478712655613
2.224747871812519
2.225281211897509
2.225434278579957
2.2254714604734342
2.225598455576033
2.225633879545945
2.225775153441747
2.2258556264334266
2.225979887351569
2.2260883155223414
2.2262002985518428
2.2263264743559414
2.2264295637377547
2.2265671312748623
2.226663746461983
2.226808478445788
2.2269004122867857
2.2270492733357323
2.2271379254408106
2.227288537093848
2.2273750729472317
2.227525373439919
2.2276108410571833
2.2277588256763567
2.227844253923993
2.227987717631337
2.228074216311641
2.228210417340938
2.2282993000900904
2.228424417071173
2.2285173725146357
2.2286255072113446
2.2287248389853036
2.2288060732897548
2.228914933448037
2.228951781135615
2.2290448499756645
2.229073702708174
2.22917736684121
2.229517692363578
2.2295176928653495
2.230375266353451
2.2303984753825192
2.2304902283020467
2.2305029071001896
2.23064511201503
2.2306477501076922
2.230814350191611
2.230819613078553
2.230991901360675
2.2310031587544983
2.2311743901341736
2.231190260080647
2.2313583134617256
2.2313778463098353
2.2315414623788796
2.231564018879622
2.231722299688597
2.231747461801447
2.231899624331959
2.2319271385718693
2.2320723673227487
2.232102112387919
2.232239439021659
2.2322714116167734
2.232399576825255
2.2324338928865863
2.2325511448790873
2.2325880564469975
2.2326918155352273
2.232731746226621
2.2328180011827707
2.232861602990508
2.232923766369664
2.2329719659698153
2.2329988122283906
2.23305244265465
2.2332072341866995
2.2332072352616668
2.2332712162345163
2.233310594858278
2.2342013462108214
2.23420451583786
2.2342458481130025
2.234246642725302
2.2343082969356174
2.2343103718827972
2.234381804076518
2.2343866187525347
2.234461231968719
2.2344684199957134
2.234542495201456
2.234551662546115
2.2346228695148698
2.2346336687871893
2.234700523761631
2.2347126689031924
2.234774194604644
2.234787455543228
2.234842981064771
2.2348571739528857
2.234906217776486
2.2349211960934388
2.2349633962050497
2.234979044327796
2.2350141141842457
2.23503034411675
2.235058041136763
2.2350747934795523
2.235094889108538
2.235112140827421
2.235124377542102
2.235142161529293
2.2351461704020914
2.2351597622513415
2.2351646080411336
2.235179031013688
2.2351994381562865
2.23519943837593
2.2358554299827382
2.23586572462224
2.264825655826107
2.26483498254242
2.264835309590082
2.2648446688659356
2.2648504571385484
2.2648601981562413
2.2648719720384918
2.2648817905387384
2.2648993710156753
2.2649092907233945
2.264932442934663
2.2649424888116223
2.264970912719145
2.2649811112792655
2.265014428675566
2.265024808302764
2.2650625449658626
2.265073136203099
2.265114697628378
2.2651255333719034
2.2651701721621724
2.2651812876328274
2.2652280605351476
2.2652394927915527
2.2652872061076055
2.265298992692981
2.265346137621756
2.265358313687501
2.265403000485026
2.265415593464797
2.2654555086488175
2.2654685295114003
2.2655009657905767
2.2655143966981757
2.2655364322927003
2.2655502130618737
2.26555911050236
2.265573130634541
2.267189906425621
2.267189906426589
2.2672933988309723
2.267296390581888
2.2673329797878026
2.2673361239084997
2.267395538399385
2.267398978805966
2.26747804416627
2.2674818874400238
2.267577557352921
2.267581861666214
2.2676913756025847
2.267696163383672
2.2678171459950685
2.267822418588407
2.2679528780889164
2.2679586265238805
2.268096888382798
2.268103100062023
2.2682477137391674
2.2682543761916945
2.268404011517525
2.268411114315844
2.2685644458836562
2.2685719814789302
2.2687275443883554
2.2687355082908356
2.268891490107113
2.268899880561153
2.2690537827728194
2.269062599753967
2.269210645523477
2.2692198882639856
2.2693559778158434
2.2693656385084404
2.269479714567098
2.2694897623695245
2.269566430631594
2.2695767776222513
2.2705326185277896
2.270532618531018
2.2708838049980433
2.2708979941618193
2.2709834768188077
2.270997732767875
2.271125621042271
2.271140192973336
2.2712944026758146
2.2713095139902766
2.2714801004250518
2.2714959303369437
2.271677000419074
2.271693709101911
2.2718816430060405
2.2718993936430665
2.2720917997137224
2.272110775146616
2.272305910982825
2.2723263288520967
2.272522765678431
2.272544895559069
2.2727412970039
2.272765482845876
2.272960422611358
2.272987114520502
2.2731788768758077
2.2732086779115384
2.273394978360963
2.273428714210909
2.2736062416932423
2.273645061166121
2.273808663534043
2.27385416233966
2.2739953766140575
2.2740496483255916
2.274154349842969
2.2742195181559124
2.274266092046854
2.274342141605602
2.27495526530378
2.2749552653366667
2.2756284686783963
2.2756956404220303
2.27575919421267
2.275815330476681
2.2759374112131288
2.275983005470703
2.27614122143221
2.276178490922296
2.2763591924701863
2.276390137146054
2.2765853737656276
2.2766114738735097
2.276816434854402
2.2768387425148133
2.277050318285926
2.2770695820591116
2.2772855956958638
2.2773023541045427
2.2775211312736987
2.2775357753364944
2.2777558757183387
2.2777686893074973
2.277988703546369
2.2779998887302555
2.2782182368567656
2.2782279287656735
2.2784425965330617
2.2784508702876916
2.278658991063635
2.2786658621537765
2.2788629866928756
2.2788684067432627
2.2790472229325642
2.2790510795079433
2.2791995365692888
2.2792016974475726
2.2793023088607924
2.2793028579140637
2.279677643818078
2.2796776438185375
2.2808926505363654
2.2809050053271007
2.2809966078568897
2.281007978493777
2.281145602323502
2.2811558433344907
2.2813216786733435
2.2813308606405194
2.2815130938354584
2.281521337704461
2.2817126643183685
2.281720079888136
2.281915860275095
2.281922532661053
2.282119590327318
2.282125580948932
2.282321508133384
2.282326858694609
2.2825196102355894
2.282524346614504
2.2827119836790355
2.2827161192627794
2.282896627793322
2.2829001665456743
2.2830713119969954
2.283074251754825
2.283233454069217
2.283235790555681
2.283380020942382
2.2833817526200697
2.283507471683621
2.2835086042079817
2.2836117823929576
2.2836123277027536
2.283688618137744
2.283688657801145
2.2837338602028425
2.2837344890882867
2.2838637526433008
2.2838637526433225
2.286852230128754
2.28686976277534
2.2868886227532834
2.286905941657991
2.286946414440095
2.2869634169338684
2.2870219952496114
2.2870386223329984
2.2871113313772717
2.287127563976036
2.28721045126674
2.2872263001334283
2.2873157199985514
2.287331214712636
2.2874239406204633
2.287439120576687
2.2875323513848356
2.287547259486291
2.287638575957013
2.287653254651663
2.2877405616905846
2.2877550506994884
2.2878365235110896
2.287850858663797
2.287924900285136
2.2879391130417113
2.288004325017898
2.288018442409257
2.28807360766194
2.2880876524914475
2.288131728247459
2.288145719468397
2.288177837644899
2.2881917908696985
2.288211263178874
2.288225191296018
2.288231516408077
2.2882454302887547
2.2980993933890628
2.298099393392939
2.298156948348186
2.2981594202368365
2.2981820849316335
2.298184317838084
2.298221994977847
2.2982239482255173
2.298275673226058
2.298277328061366
2.2983424191156088
2.298343763484047
2.298421562544058
2.2984225886027794
2.2985123599424715
2.298513062003518
2.298613959833336
2.2986143322924075
2.2987253883656584
2.2987254240372113
2.2988452219144553
2.298845533011705
2.298972439518821
2.29897311104868
2.29910555974543
2.2991066096990362
2.29924272891937
2.2992441799337047
2.2993815771362285
2.29938345606287
2.2995189234329585
2.2995212590682783
2.299650316117592
2.2996531327817036
2.299769400849098
2.299772703850478
2.299867341788831
2.2998710910449582
2.299933166613721
2.2999372442112254
2.3012946951613698
2.3012946951692523
2.3015464572318005
2.3015526201674095
2.3016337709455432
2.3016388510792525
2.301761146504659
2.301765077019755
2.301916086129672
2.3019189810376623
2.3020900456542512
2.3020920405477616
2.3022773692909526
2.3022785746695114
2.3024742747154914
2.3024747676967157
2.3026779712413377
2.3026781447650047
2.302886247861037
2.3028870698619697
2.303098073512704
2.3030995520352286
2.3033121295657244
2.3033142993082327
2.3035271322686848
2.303530057948481
2.3037416540349334
2.303745437013709
2.303953881239399
2.3039586698322845
2.304161218558191
2.3041672211604958
2.3043595737296845
2.3043670677472528
2.3045420375595023
2.3045513451865234
2.3046967144135504
2.3047080605439563
2.304804798640354
2.3048179406869234
2.3056784835192348
2.3056784835367625
2.3061801676468434
2.3062006322693795
2.3063030695406486
2.3063205638264614
2.30647184062099
2.3064865999844946
2.3066660792940654
2.306678752644227
2.306874757815414
2.306885911493921
2.3070919549281936
2.30710201322772
2.307314294271501
2.307323572278165
2.3075396864939846
2.307548427236744
2.3077667076337924
2.3077751102713404
2.3079942682219614
2.3080025087990514
2.3082214115080695
2.3082296596262224
2.308447158560286
2.3084555930641075
2.308670345236429
2.308679171951815
2.308889391848131
2.308898866906287
2.309101908875348
2.3091123718471094
2.3093039506055706
2.309315869545913
2.309488570052855
2.30950257951304
2.309643382491104
2.309660189435055
2.3097490540719727
2.3097688087911283
2.310267918505358
2.310267918518374
2.3110845530251027
2.3110994582909936
2.3112010585239164
2.311213709892943
2.3113616374558004
2.3113721166433283
2.3115461614601904
2.311554923172838
2.3117435149737737
2.311750976086563
2.3119477054724844
2.3119541744646592
2.3121553059363835
2.312160999583485
2.312364169614002
2.312369238537227
2.3125727924020993
2.312577340578778
2.3127799724678306
2.312784070218575
2.3129846005635226
2.312988292698443
2.3131854969811982
2.3131888075190448
2.313381241581575
2.313384175888816
2.3135699458215058
2.3135724905019113
2.313748897029431
2.3137510173123843
2.313913967013405
2.3139156000147594
2.314058649931071
2.3140596862460585
2.3141728384372335
2.3141730585627216
2.314242527163772
2.3142435808560244
2.314484915544872
2.3144849155451603
2.315735513565388
2.315741786392589
2.3158048383881034
2.315810757094336
2.3159063491043423
2.315911832180369
2.3160280199135874
2.3160330712352044
2.316160884757664
2.3161655394928955
2.3162988695369036
2.3163031666565868
2.316437875761465
2.3164418489288985
2.3165750194899575
2.316578695703616
2.316708139623884
2.3167115404152985
2.3168355028061787
2.316838646057359
2.316955630295835
2.316958532070234
2.317067198198745
2.3170698744458558
2.317168982508832
2.3171714506530554
2.3172598318988302
2.3172621123849986
2.3173386558252074
2.317340773771929
2.3174044128092506
2.3174064000735113
2.31745606626236
2.3174579641686788
2.317492421895169
2.317494280364552
2.3175119302059732
2.317514610901494
2.3175646555109277
2.317564655517013
2.3239191526665928
2.3239371635059274
2.323950128633176
2.3239667724720836
2.323968172140379
2.323997839043295
2.324007385038636
2.324038539766594
2.324058203466468
2.3240894829865213
2.3241182537614264
2.324149702173283
2.3241864113256225
2.3242180808053603
2.32426142114815
2.3242933721102523
2.324341909286265
2.324374210047759
2.3244263835346315
2.3244591093466416
2.32451322247151
2.324546453640063
2.324600653676722
2.3246344722962666
2.3246867243354674
2.3247212089298874
2.3247692714883503
2.3248044886820147
2.32484590573278
2.3248818981748873
2.3249140312388876
2.324950801786046
2.3249709335721453
2.3250084277045757
2.3250139662813814
2.3250408434294108
2.325052057949704
2.325079332522131
2.327463515493914
2.327463515494081
2.3275490790637274
2.32755177095982
2.327582153591159
2.3275854203447617
2.3276346178643066
2.3276387229043536
2.327704133143591
2.327709245143718
2.3277883014119776
2.3277945172619288
2.3278847346331633
2.3278921005579956
2.3279911874899466
2.3279997177665996
2.32810563754282
2.3281153302318516
2.3282262993498035
2.3282371485841873
2.3283515923661673
2.32836359760266
2.3284800799463166
2.328493253126214
2.328610385769102
2.3286247574449397
2.3287410816547585
2.3287567069629826
2.3288705258717317
2.3288874907010775
2.3289966090548244
2.3290150352080015
2.3291163314857855
2.329136374846263
2.329225105333493
2.3292469272635556
2.3293157705532463
2.3293394320213117
2.329378000349796
2.329403211431889
2.3301726765093713
2.330172676510507
2.3303928633384947
2.330399992343238
2.3304566667060262
2.330465649491318
2.3305483947797865
2.330559566916211
2.330657581960224
2.3306709207780036
2.3307773563727845
2.3307927663275967
2.330903486137044
2.3309209072993142
2.331033340778244
2.331052778375951
2.3311652122613395
2.3311867436887366
2.331297917164866
2.3313216971797033
2.3314305626620704
2.3314568339778527
2.3315623979439755
2.331591510925221
2.3316927032894093
2.3317251487196518
2.3318206832471002
2.3318571440704616
2.331945330795504
2.331986761337281
2.332065215179078
2.332112956534674
2.3321781125096233
2.332234035827142
2.3322803490376276
2.3323469218869217
2.332365759745299
2.332424784301816
2.3324455423985744
2.3325179315038325
2.3328549603253843
2.332854960369619
2.333145165708646
2.333214962548659
2.333229973298126
2.333285877435761
2.3333073586169117
2.3333650428134045
2.3334104183673996
2.3334576895992325
2.333518329156709
2.3335577428675154
2.3336282024812496
2.333661670163138
2.3337384768175022
2.3337673783236266
2.3338482189425207
2.3338735596380404
2.3339568055025413
2.3339793366115082
2.3340637634428045
2.3340840650133132
2.334168677396545
2.3341872151325416
2.334271121758663
2.3342882874516837
2.3343705924100164
2.3343867348938967
2.3344664148322103
2.334481866257691
2.3345575952907147
2.334572695621128
2.334642557669613
2.334657676330349
2.3347186751466213
2.3347342153074537
2.334781543999864
2.3347978748111977
2.334824452150629
2.3348416665635128
2.3349949237031957
2.334994923705544
2.3353991195373114
2.3354052379941614
2.335437411991787
2.335442463220596
2.3354911092374913
2.335495072926581
2.335553171082005
2.3355562549424875
2.3356192462839616
2.335621666065565
2.3356868086931093
2.335688727869095
2.3357543504350384
2.335755879176371
2.335820908465029
2.3358221149687797
2.33588580886879
2.3358867300442494
2.3359485252888925
2.3359491746116987
2.3360085939106576
2.33600896690076
2.336065555392548
2.3360656336524355
2.336118663191484
2.336118908365143
2.3361674634804572
2.336168066763771
2.336211323403034
2.3362123189878856
2.3362493827783983
2.336250794208707
2.3362806282022763
2.336282453324045
2.3363039510747368
2.3363061425739593
2.3363183333587796
2.336320780756015
2.3363594752413803
2.3363594752418138
2.3369184343391445
2.3369266013290715
2.336932178856969
2.336939297756899
2.336940099794636
2.3369524430750714
2.336955447826133
2.3369681893687124
2.3369739496828084
2.336986282076626
2.3369938210024754
2.3370057674408486
2.3370142530980473
2.337025851104321
2.3370346090661043
2.337045901024335
2.3370543984281946
2.337065426245813
2.3370732469463213
2.337084049489042
2.3370908695674673
2.337101481713807
2.3371070487313936
2.337117501283534
2.3371216178737844
2.3371319378770568
2.337134449205394
2.33714466043348
2.337145444777435
2.337154529998569
2.337155568260302
2.337161648964639
2.337164584536302
2.337166761135968
2.3371698390346833
2.337171651605313
2.3371767276135054
2.337179784171314
2.4213277033047302
2.4213277033050593
2.4213354914946073
2.421335598417383
2.4213391186481443
2.421339213636747
2.4213448796473678
2.42134495957128
2.421352655485558
2.4213527172126477
2.4213623839711667
2.4213624239072105
2.4213740180951255
2.4213740323201858
2.421387493349616
2.4213875089737567
2.421402747417386
2.4214027971989376
2.4214197172976406
2.421419805700622
2.4214382994747354
2.4214384311203623
2.421458351764574
2.421458531432442
2.421479674333744
2.421479906938199
2.4215019796756394
2.4215022701622466
2.4215248444992903
2.4215251975234784
2.421547633336157
2.4215480523602326
2.4215693836735213
2.421569868448178
2.421588659477077
2.4215891983615774
2.421603428427985
2.421603966091235
2.421614363833109
2.421615808092986
2.4219070929887256
2.4219070929893887
2.421959523920564
2.4219600609135226
2.421980127202991
2.4219807206164083
2.422010226194524
2.4220109010860824
2.4220471697745816
2.422047938667956
2.4220892442476982
2.4220901128482537
2.4221353502192917
2.4221363212491904
2.422184763116323
2.4221858380498076
2.4222369811080897
2.422238160810243
2.422291630206872
2.4222929150600154
2.4223484021869526
2.422349791947472
2.4224070083673026
2.422408501815008
2.4224671363350727
2.422468730664065
2.4225283962179445
2.422530085992702
2.4225902361319354
2.422592011391252
2.4226517867515516
2.422653629214323
2.422711546498416
2.422713420744546
2.422766706826273
2.4227685340902516
2.422811662007703
2.422813208615736
2.422853345175915
2.4228589181306535
2.4231313391958618
2.4231313392035423
2.423291938528706
2.423296692324485
2.423338126939327
2.423342783717764
2.423400949450291
2.423405603459912
2.4234733173218377
2.42347805526927
2.4235516741160503
2.4235565594695525
2.4236341841893125
2.423639265929701
2.4237198171322376
2.423725137599628
2.4238079333753886
2.423813533595976
2.423898087286201
2.423904010996886
2.423989923074496
2.4239962204974606
2.4240831089789685
2.424089841199551
2.4241772817929297
2.4241845266534545
2.424271980561283
2.424279841313346
2.4243665412253264
2.4243751597561003
2.4244598956701875
2.424469472441218
2.424550136393193
2.4245609556462697
2.424633458142874
2.4246458866601452
2.4247012253842195
2.424715475285973
2.4247955373634404
2.424820643998604
2.424981123862328
2.424981123969596
2.4253387347990136
2.4253447314581424
2.4254028644043206
2.4254067147210003
2.4254890888282667
2.4254909967402902
2.4255870671388857
2.4255874670289512
2.425690988498793
2.425691752605665
2.4257989264146107
2.4258006180617877
2.42590980996782
2.42591227008559
2.426022721090093
2.4260258423443575
2.4261370061846
2.426140716223996
2.426252124614739
2.4262563757305373
2.4263675524920103
2.4263723153268852
2.426482700786599
2.426487960490645
2.426596818074577
2.4266025717067934
2.4267088411927014
2.426715094929884
2.4268171262010987
2.426823889393576
2.4269189079086706
2.426926176405024
2.4270091067022266
2.427016818165792
2.4270775585972673
2.4270855159695883
2.4272648692869185
2.4272648759425013
2.4272676472592583
2.4273040327741415
2.4279817290433274
2.4279826507493434
2.4280371760905046
2.4280388651098446
2.428116766034646
2.428119298436925
2.428211006938173
2.4282142884978204
2.4283136629164077
2.4283175678848195
2.428420874821342
2.428425291524718
2.428530155294174
2.42853499246734
2.4286397494870795
2.4286449321096537
2.428748270529144
2.428753734198048
2.4288544887348755
2.4288601746634653
2.428957201144797
2.428963052008836
2.429055142934965
2.429061099511583
2.4291469217552293
2.429152920635381
2.429230966497234
2.429236940045015
2.429305486495973
2.4293113680420584
2.429368432915448
2.4293741731602037
2.429417424333337
2.429423026108492
2.429449516610915
2.4294550692324846
2.429519382083359
2.4295193821087935
2.429757961221978
2.4298247763730796
2.432099551159528
2.4321093759816756
2.4321214642434663
2.4321313163662124
2.4321568763320913
2.4321667703268117
2.4322042951654064
2.4322142410139715
2.432261912422268
2.4322719149939056
2.4323277736339355
2.432337832837213
2.432399903973118
2.432410015322217
2.4324763826399476
2.432486538009882
2.432555374148175
2.4325655625891494
2.4326351305993192
2.4326453391707688
2.4327139786164915
2.432724193259604
2.432790301888354
2.432800508379164
2.4328625275133984
2.4328727125305507
2.432929122256122
2.4329392745604843
2.4329886032275647
2.432998714886908
2.4330395657730395
2.433049633282245
2.433080728842465
2.4330907539107134
2.433110994510492
2.433120984251577
2.433129513990339
2.4331394803060693
2.4370388802804905
2.437038880313834
2.4370947539611496
2.4371090695956394
2.4371225735189883
2.4371364445167116
2.4371659750508003
2.4371795630667425
2.437223317085067
2.4372367549780187
2.437293282116651
2.4373066335620437
2.437374610993539
2.4373878906815523
2.4374660444282594
2.4374792333777413
2.437566322289964
2.437579375568234
2.437674186923733
2.4376870364588457
2.437788372673415
2.437800926635895
2.4379075731120396
2.4379197122952783
2.4380303768831375
2.4380419478796713
2.438155156398912
2.4381659609947794
2.438279880572121
2.438289660820015
2.438401803125339
2.438410222918539
2.43851696489263
2.4385235943161927
2.4386195224701313
2.438623847687248
2.438701372089743
2.4387029003569096
2.43875239944746
2.4387537099980428
2.4397536080443967
2.439753608122446
2.4399577054327115
2.439997031456353
2.440036279322064
2.440072465002392
2.4401470378438117
2.4401802578537883
2.4402781100349173
2.440308832838845
2.4404223311515896
2.4404509230323037
2.440575388074557
2.4406020702686835
2.4407345896156656
2.4407594543923015
2.440898166362799
2.4409211927633656
2.4410648763912426
2.4410859353048755
2.441233773637448
2.441252620293518
2.4414040576749954
2.441420309593163
2.441574955972497
2.441588051984249
2.441745600391594
2.441754732464268
2.441914850438276
2.441918855045259
2.4420781681611485
2.4420809744655414
2.4422289533233603
2.4422409839247132
2.4423646466279925
2.442389116202955
2.442473503543662
2.442513416800285
2.4425370090830114
2.4425910542903266
2.4431634291598767
2.44316342971647
2.4435152129123425
2.443625331484643
2.443675208219752
2.443767039137468
2.4437684780016955
2.443894752078025
2.4439276272058037
2.444042937736957
2.4440951024718722
2.4442029351070795
2.444267179755153
2.44437001343098
2.444441836992439
2.444541464997418
2.4446178363056474
2.444715625825986
2.444794314407052
2.4448913837139514
2.4449705743988903
2.4450679171400354
2.445145957244895
2.4452445404954006
2.4453197351969567
2.4454205921880585
2.4454909872291593
2.4455953244024546
2.445658408612773
2.4457677505656346
2.445819969215813
2.445936372386957
2.445972241256339
2.4460985997747713
2.4461090124948885
2.446218413631779
2.44624933212637
2.4463049679585995
2.4463768411318654
2.4464964195058236
2.44669832892505
2.4466983305052032
2.447353746229381
2.4473823099911347
2.447453038144352
2.447466109485353
2.447583276950914
2.4475848751328093
2.4477192178868488
2.4477324600175887
2.4478653648673925
2.4478876295779175
2.448016895899523
2.4480463092806644
2.4481709698192597
2.4482062552527353
2.4483257686147732
2.4483660734409103
2.448480000370795
2.448524773168237
2.448632626541663
2.448681540405494
2.4487826914183786
2.4488356003533007
2.448929188780382
2.4489861079392394
2.4490709222311677
2.4491320267450147
2.44920631488433
2.4492719544495065
2.4493331009574404
2.4494038270760754
2.4494477718410126
2.449524367528899
2.4495445227867156
2.449613386012199
2.4496279807571497
2.4497043863189427
2.4498363424541023
2.4498363441289848
2.449855811986204
2.450027056393181
2.450771190600269
2.450772238876015
2.450815582469919
2.4508194348577375
2.4508792623151074
2.4508889377627012
2.450955617733007
2.450970772838858
2.4510387140981376
2.4510585652738217
2.451124424721785
2.451148158466957
2.4512099422897387
2.4512368475692163
2.451293317437062
2.4513228050498586
2.451373141744025
2.4514047296334622
2.4514483495660797
2.4514816430178104
2.4515180971823054
2.451552772979908
2.4515816887405038
2.451617485770928
2.4516385295608436
2.4516752468818646
2.4516880941565002
2.451725598286746
2.4517298989026886
2.4517634676682514
2.4517681446129456
2.4517882749995397
2.451802540725806
2.4518036707646376
2.4518284612954
2.451845442268913
2.451862319420713
2.4518623220635383
2.4523399973456157
2.4527197845588464
2.4626115283613887
2.462622356641499
2.462640273162458
2.4626650807315658
2.4626965004048187
2.462734167845488
2.4627776275339293
2.4627806097690117
2.4627920811935415
2.462811076510786
2.462826323982851
2.4628374089880816
2.462870814538663
2.4628795889328425
2.462910948186209
2.462936623390743
2.462957378218614
2.462996473454041
2.4630095769603426
2.4630579994087904
2.4630669067472137
2.4631198391241833
2.4631285992997105
2.4631803701984865
2.463193726333213
2.4632376818795994
2.4632611591440297
2.4632895783547046
2.463329515647552
2.4633336477229726
2.463367436809658
2.4633887521092985
2.463397096201502
2.463461816970565
2.463521165187292
2.4635722266444993
2.4636118636453985
2.4636371163498954
2.465300377315999
2.465300377349601
2.4653739934051098
2.4654091321026796
2.4654216804411773
2.4654611274190548
2.465463756126504
2.465522726102807
2.4655352330586835
2.465602971804784
2.4656211901684357
2.4656987122846887
2.465719376892711
2.4658071703982563
2.4658277175804204
2.4659259689917388
2.4659443543192183
2.4660531123745177
2.4660676405029585
2.4661869244865495
2.466196096376542
2.4663259644707987
2.466328339591713
2.466462993775335
2.4664689319337216
2.4665985659853775
2.466614560844782
2.466733269193476
2.466761487948759
2.4668647450327703
2.4669080649644695
2.466989614662729
2.467052056162707
2.4671027782917454
2.4671901159945646
2.4671965373136246
2.467260331619398
2.46731688995376
2.4674236905417577
2.467497637468802
2.468216046703955
2.468216046769891
2.4684056065632785
2.4684780649064306
2.4685805613159895
2.4686126972207854
2.4686974103545762
2.4687016013810226
2.468817242689781
2.4688338208060507
2.468958322201577
2.4689725335690045
2.4691123547497416
2.4691146161331576
2.469257814994658
2.4692745726886662
2.4694003341518833
2.469442133882574
2.4695405830993677
2.46961322879983
2.4696770126814354
2.469786604230684
2.4698079996200772
2.469931761835175
2.469961297192594
2.4700463016803478
2.4701364682053106
2.470149386798237
2.470238588578171
2.4703112728547834
2.4703114010057257
2.470365448424359
2.470398755089092
2.4704847293699377
2.4706555376059303
2.4708217801255343
2.470980377657163
2.471126073221967
2.4712497096311146
2.47133647551736
2.471867924420982
2.472155781846081
2.47242375701549
2.472518972132418
2.4726490398200753
2.4727985034108566
2.472958950035253
2.4731257677486975
2.473296273637815
2.4733731230850546
2.473408142963518
2.473464616608672
2.4734687769585513
2.4735401201061276
2.4736318977286937
2.4736421038338987
2.47373719090488
2.4738153379105787
2.473853440359015
2.4739783711499554
2.473987658401797
2.4741099956676567
2.4741582131381374
2.4742465676232444
2.47432598395514
2.474386507312175
2.4744895990984266
2.474528304128768
2.4746470228261535
2.474670387953409
2.474795000118397
2.4748109430638716
2.47492807911048
2.4749476087925384
2.4750372556442044
2.475076957711407
2.475109939960485
2.4751935596138037
2.475288468532018
2.475348623472134
2.4755158626159126
2.475515862762744
2.476213288153362
2.476289294215038
2.47639688959418
2.4764432310676043
2.476509356153364
2.4765227127027107
2.476604897210884
2.476658409462727
2.476718513002398
2.4767990389194554
2.4768424964170594
2.476941564730173
2.4769719931682324
2.477083961117628
2.4771038840722994
2.4772247234616973
2.4772360237011886
2.4773625912105914
2.4773667901804917
2.4774948193363038
2.4774963749431427
2.4776188373123813
2.477624831066065
2.477737543549648
2.47774655408468
2.4778495189867784
2.477859870636234
2.477953148368196
2.4779627299863862
2.4780465556894997
2.4780525981198815
2.478126383902416
2.4781275585751725
2.478180510980428
2.4781936391245467
2.478211837336094
2.4782418662295265
2.4782688029617774
2.478330106584263
2.478330106679068
2.4798743349770067
2.4798982538591106
2.4799356939377963
2.4799837568422083
2.4800394076347914
2.480099865101011
2.480115298243359
2.4801352692078127
2.4801627633179804
2.480166865751834
2.4802079694733306
2.4802261658773577
2.4802562313295375
2.4802885133934165
2.4803093643694663
2.4803485535147547
2.480365308259161
2.480405275924443
2.4804222894182066
2.4804578596417217
2.4804788183956004
2.480505633114164
2.4805336585668263
2.4805480451761404
2.480584644477168
2.4805857868578998
2.4806150652243923
2.4806343566564215
2.4806390175090134
2.480656280901345
2.48066670034861
2.4806786667627962
2.480718137065598
2.480752290281079
2.4807807386733773
2.480803174660204
2.480819364355201
2.480829143288902
2.491884567263873
2.4918847029929907
2.491892683127158
2.4919071311916703
2.4919287152963028
2.4919573030000093
2.4919640955615616
2.4919760510318594
2.4919927251377816
2.491995601042306
2.4920223692587182
2.492034768569737
2.492055995754727
2.4920831720409953
2.4920961323228887
2.4921376199763183
2.4921424176405136
2.4921944522141
2.4921977321785205
2.4922517744420274
2.4922630467331697
2.4923138334636405
2.492332991736173
2.492379952760719
2.492406838419721
2.492449276692646
2.492483622940414
2.492520689221963
2.4925620153246073
2.492592690654278
2.492640102190259
2.4926632187826
2.492715046205524
2.492729422343187
2.4927826486151234
2.492787485455053
2.4928328390946346
2.4928371585358975
2.492861323788536
2.492872367736844
2.493697326525292
2.4936973317217856
2.493778806069228
2.493842375415337
2.493930061314153
2.493952694632882
2.4940016844619004
2.4940339093524524
2.494075303747466
2.494149042449116
2.494166880421001
2.4942714144223825
2.4942723821786164
2.494385425529536
2.494401923464998
2.4945064934139327
2.494536296564312
2.4946328733736003
2.4946745063004703
2.4947632285463186
2.494815772705263
2.4948964450696267
2.4949594245767712
2.495031492295676
2.4951048139573646
2.495167295546858
2.495251224332004
2.4953025891544844
2.4953977362580115
2.4954357079014677
2.4955429789920043
2.495564251804138
2.4956845257046294
2.4956845952502067
2.4957906730028827
2.495817965422997
2.4958738489663728
2.495923891826656
2.4959331477723246
2.496010522605854
2.4965471095859457
2.4965471190352893
2.4967431259095054
2.496852884916789
2.4969885447126554
2.497109134467983
2.4971360803123823
2.497179561852741
2.497282082214813
2.497289795171181
2.497405455921453
2.4974469827483397
2.4975422010874886
2.4976061436868298
2.497687729844636
2.4977663091399833
2.497839224984677
2.4979267424693186
2.4979948948200232
2.498086781432951
2.4981535414249296
2.498245729783232
2.498314313318852
2.4984027534252933
2.4984765570507266
2.49855674693998
2.498639717740587
2.4987061283558196
2.498803256232644
2.4988484958085317
2.4989665524296636
2.4989800430480495
2.499094634457462
2.4991287449447595
2.4991827616378504
2.4992319815720667
2.4992883834174675
2.499442499170334
2.4995835338789645
2.499687499216193
2.499865556058872
2.4998655936748397
2.500317868337013
2.5004374029636875
2.500505643216129
2.500574983205866
2.5005826029814746
2.50067616245411
2.500737824394422
2.50079789343293
2.5008974362497454
2.5009324228987992
2.501059024994031
2.5010748675354364
2.501221347191318
2.5012221450168646
2.5013722193292645
2.501383636988735
2.501523643453766
2.5015453289795215
2.5016752826344657
2.5017059237080552
2.5018261315983903
2.501864902467469
2.5019751698586776
2.502021650401793
2.5021212132786252
2.5021753595441263
2.5022627177140153
2.50232487679867
2.5023974689277515
2.5024684342666057
2.502522039571516
2.502603128892467
2.502630768992911
2.5027135622688736
2.5027238207421107
2.5028070357234053
2.5028202310119694
2.502935488795084
2.502992863976633
2.5029928683791116
2.503898418264684
2.503930313793342
2.503963483047793
2.503986980110751
2.5040561776417065
2.504070059861093
2.5041648869614272
2.504169948454652
2.504279572327873
2.5042820156311083
2.5043941770799716
2.5044028951664137
2.5045105563000494
2.504524550872366
2.5046264298692122
2.5046449252127063
2.5047400447305495
2.5047624425670074
2.504849932261735
2.504875766389885
2.504954760484782
2.504983659268004
2.5050532420794838
2.505084899247346
2.50514407551421
2.5051782289896596
2.5052259048228573
2.505262325638783
2.5052972840667835
2.505335783157751
2.5053566231281392
2.5053970945931154
2.5054020693887082
2.5054312896057263
2.505444592291432
2.5054761358146056
2.505517589171962
2.5055175901857605
2.5056247094221895
2.505707323988351
2.509027617842028
2.5090457819996623
2.509069492252618
2.509075399240019
2.509087437747322
2.509115550392574
2.509116725042529
2.509156480304132
2.509165061934981
2.50920558283397
2.509222586043464
2.509262738367136
2.5092866704010794
2.5093265436386067
2.5093558094330466
2.5093955342609955
2.5094284745924273
2.5094682132086206
2.5095031256806095
2.5095430612204788
2.509578207697951
2.509618532909656
2.5096521390002393
2.5096930438013754
2.509723297419332
2.5097649546767644
2.5097900120909262
2.5098325610789347
2.509850570095061
2.5098940977664705
2.5099032479394596
2.5099463766994186
2.509947769551149
2.509978443908857
2.5099918193936275
2.509998223617667
2.510024638882773
2.510044913022181
2.5125101158387575
2.5125101159778893
2.512556385248249
2.5125835768997407
2.512589256392667
2.5126143689773963
2.512625299258517
2.512653885598206
2.512679617163402
2.5127059222434425
2.512744905064668
2.512768796776535
2.512819621296296
2.512840941554139
2.512902297211861
2.512920878878396
2.5129915592134027
2.5130072241790957
2.513086137619506
2.513098684332767
2.5131848545520046
2.5131940398196986
2.5132865908531294
2.5132921074018846
2.5133902300980524
2.513391679571142
2.5134914318096095
2.5134945708987138
2.513589779769635
2.5135981865291237
2.513684657282706
2.513699190784237
2.513773184135799
2.5137948425275947
2.5138512533487174
2.5138809299553815
2.513913344767808
2.513951133700713
2.5139534164929915
2.513997523389863
2.5146584628530206
2.514658463136793
2.514796277573628
2.5148575176370347
2.5148659187816884
2.5149169006335113
2.5149411496242866
2.5149901124806724
2.515037685772501
2.51507734026891
2.5151418452768346
2.5151732307114476
2.5152506286593663
2.515274440757684
2.5153622491691126
2.5153788307160085
2.515475582613501
2.5154849537379422
2.5155898804280517
2.5155917534609396
2.5156983786629095
2.5157046138061143
2.5158040564892303
2.5158193836245215
2.515907987259739
2.5159338628390437
2.5160092327019745
2.516047751865222
2.516106568626182
2.516160730451319
2.516198265014007
2.5162723801986164
2.5162817496943957
2.516353147707789
2.5163820107239725
2.51640691196268
2.516436444698185
2.516488153378091
2.5165866356972453
2.5166612010215625
2.516860839817714
2.5168610003452536
2.5169961403797716
2.517086257153145
2.5171846217452583
2.5172849704752718
2.517333208908571
2.5173721089010037
2.5173854200402204
2.5174298689690424
2.517485176996022
2.5175003468764983
2.517578934898305
2.517583811751128
2.517662539428791
2.517681033899174
2.5177491398006793
2.51777660230289
2.5178373997909054
2.5178702775034663
2.5179264066400107
2.5179617853807357
2.5180155072936583
2.5180507765409272
2.518104204484335
2.5181367672560513
2.518192085450777
2.5182190404692557
2.518278763615284
2.518296466145407
2.5183638142708586
2.5183671578187985
2.5184277927161784
2.5184466744893
2.5184722519454774
2.518526436523266
2.5185512070474023
2.518601311421486
2.518666750280307
2.5187445068461103
2.5187664485820966
2.518766517342378
2.51905130069835
2.519079986722659
2.5190992087562707
2.519111791107164
2.519157251777673
2.5191594077258537
2.5192106959969784
2.519224195777909
2.519268375400738
2.519290357927676
2.5193280036512635
2.519356429967762
2.5193881746003712
2.51942165278759
2.5194479803542427
2.5194855769912508
2.5195067901022377
2.519547897141098
2.5195641210237656
2.5196083720977813
2.5196195561247046
2.519666778689615
2.51967268213225
2.519722875845142
2.519723029310006
2.519769996845291
2.519776365494148
2.5198127444649083
2.519826836586087
2.5198500278927125
2.5198736716352843
2.5198799767322693
2.519899955865313
2.5199158797553056
2.5199517950594026
2.519978510034878
2.5200045582009674
2.5200045708016785
2.520102173338739
2.5201602701917354
2.5203036555788776
2.5203073484940917
2.5203187757654497
2.520318914556311
2.5203359817116753
2.5203400011830603
2.5203564802305523
2.520364354257813
2.5203787425991657
2.5203898740363146
2.520401581756028
2.5204153721729026
2.5204241894093418
2.520440129355616
2.520446017914725
2.5204636974237515
2.5204666911205664
2.5204857865615464
2.5204859448937458
2.520503588816691
2.520506202277395
2.520519481401436
2.5205248096024
2.5205335135000886
2.520541512161661
2.520545596414392
2.5205556524184782
2.5205562395553485
2.520563606491713
2.5205689395242232
2.5205693800361706
2.520572891400435
2.5205795729597016
2.520588110660861
2.5205945312007603
2.520598819526503
2.5206009661775166
2.5206012488198275
2.5213322020673203
2.5216262514323087
2.5580245958143695
2.5580268940795694
2.558030709828617
2.5580360202602703
2.558042791859993
2.558043830434508
2.5580461740021074
2.558050066369654
2.5580509786382017
2.5580554864423277
2.558060519604099
2.558062403162296
2.5580707738095176
2.558071335244405
2.5580805415445713
2.5580833226873962
2.5580916319454197
2.558096349128654
2.5581039481833696
2.558110242994609
2.558117364346384
2.558124782282045
2.5581317162579964
2.5581396796847065
2.558146789000191
2.5581545648307378
2.558162300362223
2.5581689658349767
2.5581778799456583
2.5581822963465117
2.5581930454095736
2.55819386092099
2.5582028987221266
2.558207181684875
2.5582086843001446
2.558219537422861
2.5582292643127396
2.558235528574164
2.5586454660237568
2.558645466024245
2.5586736247991695
2.5586765948372445
2.5586848906663193
2.5586873768224097
2.5587028315366327
2.5587046268150866
2.5587265879806074
2.5587275855612686
2.558755301614048
2.558755476792907
2.558787582322607
2.5587882018443335
2.5588232789676497
2.558824640705311
2.5588620411251237
2.558864087633157
2.558903423814405
2.558906105426771
2.558947037285322
2.558950320432188
2.5589925176926176
2.5589963913665525
2.5590394931030733
2.559043975560656
2.559087539655829
2.559092687099275
2.559136117045109
2.5591420357664236
2.5591844628595974
2.559191325356477
2.5592314085065873
2.5592394694682987
2.559275058501871
2.5592846487232426
2.559312299554572
2.5593237223168974
2.5593384106194472
2.55935158843631
2.5596381173986607
2.559638117401379
2.5597432191025264
2.5597649644096854
2.5597756369665676
2.559795912831048
2.559821881525435
2.559840861732756
2.5598768180941764
2.559895038782201
2.5599373469207336
2.559955375732121
2.5600016805530945
2.560020034740277
2.5600687480816062
2.56008790250408
2.5601378560660732
2.5601582727706536
2.5602085058351114
2.560230667381561
2.560280289515019
2.5603047347575454
2.56035282180927
2.560380187928515
2.560425683109488
2.560456760183047
2.5604983562446457
2.5605341633336036
2.5605701378597816
2.5606120328692388
2.560639996758291
2.56068983311491
2.5607063358351114
2.5607666039370636
2.5607666605208332
2.5608167748754562
2.5608407804604543
2.560851111677426
2.5609084415081553
2.560961023054425
2.5611348528740865
2.561134853050816
2.5613326856603873
2.5613888486341083
2.561460847283243
2.561461283716963
2.5614981894354094
2.5615415066623757
2.5615529487108857
2.561619240191591
2.5616259042392686
2.5616930205902553
2.5617127983177235
2.561771748605754
2.5618012958438015
2.5618538247735074
2.5618908455323277
2.561938194764843
2.561981047998967
2.562024109398261
2.5620715609766145
2.5621109798943844
2.5621620398848686
2.5621982824866754
2.56225208644674
2.5622854827798798
2.5623411870226236
2.562371957697056
2.5624286199357824
2.562456891743787
2.5625132985890957
2.562539114059198
2.562593491943788
2.5626168220812233
2.5626663335376305
2.5626871187442277
2.5627270889894813
2.562745370973245
2.562768724338922
2.562784956939372
2.562922274433872
2.5629222744340416
2.563407187909125
2.5634433644574735
2.563449346476277
2.563483534739576
2.563509976269475
2.563541835439523
2.5635818938024726
2.563611519086727
2.563660365091327
2.563687962512643
2.563742470527999
2.563768229607336
2.5638263502170138
2.5638504134162154
2.5639107175970373
2.563933180771086
2.5639945798471624
2.5640154999289395
2.5640770747384978
2.564096478076421
2.5641573678221414
2.5641752582159385
2.5642345800444364
2.5642509472975883
2.5643077311259144
2.5643225615894765
2.5643756935506015
2.5643889844218886
2.564437159739397
2.5644489387167826
2.564490633081141
2.5645009836331005
2.5645344633050584
2.564543551599244
2.564566967850664
2.5645750574806216
2.564586756488563
2.5645941908883145
2.564644254445025
2.5646442544466272
2.5660570664369735
2.5660736440603062
2.5661001005018504
2.5661138618603188
2.5661298524289275
2.5661349335799124
2.5661554267615583
2.5661764314560056
2.5661891918742397
2.5662228696068055
2.566229540384937
2.5662726295475697
2.5662748306136196
2.5663235008231235
2.5663242490441722
2.5663741225404495
2.5663764281039656
2.5664254123523498
2.566428013057455
2.566476221612526
2.5664779737352856
2.5665253820984124
2.5665255179917943
2.566569396263022
2.5665723671404885
2.566609251333785
2.566615918685194
2.5666442570830155
2.5666553983124447
2.5666738017062922
2.5666901062589216
2.566697360313956
2.56671450635847
2.566719421638258
2.5667249238713006
2.566742811386988
2.5667598420901103
2.566770192572417
2.570521999542347
2.570521999552534
2.5705496951934146
2.57055953199241
2.5705630429446433
2.570572678933939
2.570584316797352
2.5705938515698836
2.570613071726037
2.570622585522928
2.5706489582637064
2.5706584891494826
2.570691583801619
2.570701142238537
2.570740484141478
2.570750063800878
2.570795128231327
2.5708047111494507
2.570854926216762
2.570864484742064
2.5709192306874
2.5709287277500334
2.5709873261737903
2.5709967145388797
2.571058401731395
2.5710676224700317
2.5711314983336644
2.571140478647209
2.571205416750885
2.5712140675566992
2.571278562144487
2.571286776865772
2.5713486917068304
2.5713563505512798
2.5714125419969407
2.57141953242399
2.571465423286388
2.5714716963042603
2.5715012546213525
2.571506926830538
2.572178917856426
2.572178917866802
2.572301264010922
2.5723218805144796
2.572345243608283
2.572364813172921
2.5724097056225417
2.5724282207759512
2.5724883131355933
2.572505898726234
2.5725766274543838
2.572593404938492
2.5726716973904624
2.5726877574759275
2.572771564982695
2.572786964842851
2.572874894014235
2.572889659553628
2.572980725415216
2.5729948533021867
2.573088319867761
2.5731017775733753
2.5731970505816846
2.573209773603434
2.573306318462476
2.573318203921458
2.5734154662995357
2.5734263617004602
2.573523664629172
2.5735333500994932
2.5736297245473043
2.573637887288756
2.5737317504050705
2.573737955448565
2.5738264621843894
2.573830149393425
2.5739079444202373
2.5739085732190348
2.573963712208585
2.573966077232091
2.5743922352308926
2.5743922352453317
2.574636237234423
2.574678059217403
2.5746985314778263
2.574736896483898
2.5747841235269946
2.5748192754427155
2.574882641581566
2.5749153378761807
2.574988475986915
2.575019391905871
2.5750986240846316
2.575128270960572
2.575211380666847
2.575240140722972
2.5753256933791464
2.5753538627846884
2.5754408447566317
2.5754686670506106
2.5755562834302377
2.5755839743616056
2.575671521364987
2.575699288824879
2.575786055008166
2.575814117513098
2.575899282570456
2.575927889492726
2.5760103883766425
2.5760398451155977
2.576118148508517
2.5761488490400386
2.576220572292465
2.576253035097922
2.5763142296570907
2.576349101048654
2.576393135887243
2.576431010225811
2.576447838874636
2.576488583754016
2.5767235939928548
2.5767235940063333
2.5771536030758915
2.5771556956133854
2.577212280861129
2.577213094313155
2.5772915253883046
2.577295198576166
2.577383655951572
2.5773896291857907
2.577482940785797
2.5774906797115573
2.577586162192846
2.577595264775419
2.5776914326422053
2.577701614883471
2.577797551578556
2.57780861715805
2.577903671467928
2.5779154875944896
2.578009114665018
2.5780215960214363
2.5781132593013263
2.578126358391447
2.5782154511174133
2.5782291533900286
2.5783149136282226
2.578329236319141
2.578410631372998
2.5784256253005173
2.5785011744868886
2.578516927411982
2.578584422045191
2.578601058621619
2.578657152615274
2.578674812057045
2.5787146410211865
2.5787333697759043
2.57875120773282
2.5787706898381177
2.5788829036143266
2.578882903626904
2.579537639730442
2.5795411135430775
2.57957120034421
2.5795753008006135
2.5796206433498927
2.5796254900877127
2.579680204077031
2.5796857480158497
2.5797454412960548
2.5797515716036945
2.5798132679528694
2.5798198689419847
2.5798815676777584
2.5798885386512636
2.579948843638265
2.5799561025675524
2.580013981026221
2.5800214629374296
2.580076100649358
2.5800837549541957
2.5801344715194343
2.580142259696019
2.580188459542539
2.580196353579006
2.580237498065345
2.580245479839177
2.5802810713169704
2.5802891331912243
2.5803187040270656
2.5803268513158026
2.580349949536789
2.580358206019237
2.580374362758372
2.580382779159811
2.5803914369884056
2.5804000814726145
2.5804006142178277
2.580409376988626
2.5804316489527483
2.5804316489736823
2.584692353365577
2.584701544668299
2.584716699727258
2.584718454207219
2.584727683078542
2.5847375770134073
2.5847429023998796
2.5847638458084323
2.584763873061348
2.5847902676305665
2.5847950917580707
2.5848216758124685
2.5848308216351974
2.584857609092775
2.5848704659557713
2.5848975031921793
2.584913378133703
2.5849407169801633
2.5849588290136754
2.5849865266185077
2.5850059959245266
2.5850341139632094
2.5850539459987245
2.5850825487995057
2.5851016147355605
2.5851307656621336
2.5851477832212315
2.5851775384261235
2.585191061816066
2.5852214604231247
2.585229894909401
2.585260945197395
2.585262609105585
2.585287529986118
2.585294271961819
2.5853031787192458
2.5853197041445353
2.585335695925962
2.5866405279393976
2.586640527940298
2.58669424936983
2.5866985441352064
2.5867152270841123
2.5867198484081295
2.5867486084600655
2.5867537701747754
2.586792902159809
2.586798752632657
2.5868465503559706
2.586853170002534
2.5869080206708346
2.58691543920072
2.5869759002469634
2.5869841157231455
2.587048939473299
2.58705793384774
2.5871260506595015
2.587135800932643
2.5872062792736417
2.587216765062814
2.5872887595722966
2.587299968287878
2.587372657936457
2.587384588669664
2.5874570989186894
2.587469765883417
2.58754105923288
2.5875544952164273
2.5876232000381982
2.587637459459331
2.5877015840950226
2.5877167427318546
2.5877731992790456
2.587789340195114
2.587833262882023
2.587850420220922
2.587874743551387
2.587892762465627
2.5883906776510384
2.588390677651701
2.588540378757761
2.588549790917363
2.588584049791396
2.5885942875886805
2.5886469472358185
2.588658222611694
2.5887219811994204
2.5887343288500375
2.588804525724462
2.5888179300123983
2.5888917555975577
2.588906210056849
2.588981926344842
2.5889974538087053
2.589073909068461
2.589090568666867
2.5891669208753343
2.589184813141055
2.589260367394645
2.5892796418543766
2.5893537427739455
2.5893746104476443
2.589446554158017
2.589469307500576
2.589538247303097
2.5895632912350846
2.5896281095513074
2.5896560088025993
2.589715114920641
2.5897466631913733
2.5897976485774508
2.589833955428462
2.5898730032970207
2.589915538284992
2.5899365435699195
2.5899808818484322
2.589986846287855
2.590039083114715
2.590289977139163
2.590289977153155
2.5905218425608973
2.5905681084667718
2.59057344971805
2.5906117349684874
2.5906427651898833
2.59067339939554
2.5907209796855666
2.590745580352341
2.5908036467259064
2.590823697817774
2.590888507233818
2.590905122417013
2.5909743203756226
2.5909883037727592
2.591060333322755
2.5910722698812885
2.59114603450779
2.591156359808717
2.5912310280889113
2.591240076495228
2.5913149599290546
2.5913229973957814
2.591397462207246
2.591404709308648
2.591478096606805
2.5914847456871013
2.591556276844181
2.5915625058950877
2.591631142454215
2.591637127152316
2.5917013350285663
2.59170725821128
2.591764598861274
2.5917706503754947
2.591817155950209
2.591823499433767
2.591853222204794
2.591859894974664
2.5919911608764137
2.591991160877473
2.5923462045720713
2.5923505764919024
2.5923793466621294
2.5923831893752123
2.5924261686611794
2.592429463736213
2.5924806997935774
2.5924835415506906
2.592539180143335
2.5925416681701323
2.592599387165358
2.592601596028819
2.5926599677759317
2.5926619460407894
2.5927200367231173
2.5927218122671043
2.5927789562239125
2.592780541357609
2.5928362123402966
2.5928376076106527
2.592891339708237
2.592892536617913
2.5929438693458935
2.5929448524992655
2.592993286377245
2.592994035650514
2.593038991245553
2.5930394847093847
2.5930802633106067
2.5930804818325743
2.593116167213073
2.5931162326420925
2.593145539380152
2.5931458769855404
2.593167514093651
2.5931680789038545
2.593181096686782
2.5931818055704507
2.593218980057955
2.5932189800581837
2.593784772070736
2.5937928826401264
2.59379459873399
2.5938025423234636
2.5938055347259223
2.593814952969018
2.593821699214782
2.5938308387144033
2.5938403071352463
2.593849161052309
2.593860390205921
2.59386897156849
2.5938811377648743
2.5938894701251214
2.593901900128938
2.5939100111559408
2.5939221678878184
2.593930085627707
2.5939415450276626
2.593949296012858
2.5939597239951824
2.5939673324669004
2.5939764653009765
2.5939839530403823
2.593991581804109
2.5939989682675155
2.594004926967652
2.594012229555787
2.5940163862229277
2.5940236205952973
2.5940258706815014
2.594033051072704
2.5940333125973853
2.5940386621368967
2.594040452117059
2.5940418851407454
2.5940457730480198
2.5940489791175882
2.605932039674363
2.605932039690605
2.605938207566422
2.6059418749432353
2.6059424997962
2.6059459994295673
2.605947639480684
2.6059516262594244
2.605955389276993
2.6059592634656576
2.605965069594884
2.6059688392518803
2.6059766360905585
2.6059802975445967
2.605990039245945
2.605993581077774
2.606005216918334
2.6060086217758704
2.6060220881975216
2.606025333281397
2.606040546052549
2.60604360280143
2.606060446982455
2.6060632802226795
2.6060815954775105
2.6060841622127375
2.606103720019343
2.606105968132946
2.606126435681333
2.6061283032247315
2.6061491866351223
2.6061506033849153
2.6061711626773643
2.606172057759495
2.606191196550076
2.606191519172684
2.606207456533869
2.6062076954586257
2.6062180860636666
2.606218758466118
2.6065070708204767
2.6065070708380333
2.606551175876322
2.6065633502207017
2.606569668536753
2.606580939209739
2.6065967793342963
2.606607149793762
2.606630146056036
2.60663972581326
2.606668170844141
2.6066770661739302
2.6067097797622236
2.6067180730326096
2.606754237337073
2.6067619848768877
2.6068010195340747
2.6068082531769075
2.6068497297117643
2.6068564582340015
2.6069000420017705
2.6069062511655394
2.6069516595037365
2.606957310065623
2.6070042771159594
2.607009300197731
2.6070575388950585
2.607061827904243
2.607110976071957
2.6071143742297225
2.6071639013855497
2.6071661848219723
2.6072152128583803
2.6072160747363093
2.607262086422546
2.607263023380528
2.607300984481105
2.6073040364388347
2.607327953327527
2.607332968998623
2.6075843485489525
2.607584348572855
2.607703668490311
2.6077321231551513
2.607739041589051
2.6077649182130678
2.60778753925778
2.6078111157969204
2.6078435444145454
2.6078654391202707
2.6079040774072326
2.6079248266510726
2.6079675378387632
2.60798755310746
2.6080330018935447
2.6080526024268127
2.608099884488632
2.6081193325205914
2.6081677725824304
2.6081873010343455
2.608236335201956
2.608256169798849
2.608305266507553
2.6083256458448543
2.6083742391992457
2.6083954363103623
2.6084428521590075
2.6084652014417333
2.6085105539330113
2.60853448798099
2.608576511906119
2.60860261238163
2.608639371542395
2.6086684289780346
2.608696815896061
2.608729841605471
2.608744895190568
2.608777730372571
2.6087828296540154
2.6088202984873523
2.6089794756849525
2.608979475723228
2.6092190872603065
2.6092421536414325
2.6092610301981622
2.6092791852177593
2.609317791533064
2.609331271568593
2.609382371093573
2.6093921670402502
2.609451207025401
2.6094582039598206
2.6095224720513044
2.609527319230989
2.6095951477529526
2.609598301178334
2.6096686014449517
2.609670379643393
2.6097423870284575
2.609743012364595
2.609815767072496
2.609816141279978
2.6098882470384757
2.6098895196493874
2.609960031982775
2.609962144308512
2.610030615253329
2.6100335465587854
2.610099317783091
2.6101030848957407
2.610165150603742
2.610169810476638
2.6102265800959636
2.610232231817062
2.6102811364344745
2.610287908796545
2.610324912966537
2.6103328882919006
2.610352828056888
2.610361806035551
2.610458756736078
2.610458756744302
2.610892779797758
2.6108970718124653
2.6109230344183296
2.6109265450113512
2.610966920478701
2.610969521780127
2.611019252427526
2.611021005047035
2.6110764228444974
2.6110774408265423
2.611136111508232
2.6111365043176225
2.6111966544978364
2.6111967972540726
2.61125680276976
2.611257411570194
2.6113161082285807
2.6113171300385334
2.611373855272824
2.6113752496456666
2.61142937895628
2.6114311146831732
2.611482018002521
2.6114840703708944
2.611531085171489
2.611533433748195
2.6115758503468522
2.611578477307698
2.611615534350702
2.611618423657979
2.6116493104270604
2.611652448597478
2.611676302007271
2.6116796811790346
2.6116955493828455
2.611699167182763
2.6117060473766602
2.6117098649570676
2.6117389943091838
2.611738994315814
2.6132466037508824
2.6132516258052756
2.613256995158033
2.6132619770121335
2.6132738569406744
2.6132787777385076
2.6132965626920086
2.6133014090725837
2.6133243352113174
2.6133291020655816
2.6133563115603375
2.613361001563907
2.613391595228269
2.61339621759319
2.6134292905182437
2.6134338594034854
2.6134685199610987
2.6134730528458245
2.6135084286179215
2.613512944782757
2.6135481800435407
2.61355269918367
2.6135869484933196
2.61359148941972
2.6136239115011595
2.6136284908684693
2.613658246636242
2.613662877660486
2.6136891360470824
2.6136938272392563
2.613715781976067
2.613720536011695
2.6137374352019522
2.613742248151549
2.6137534357952283
2.613758297010725
2.6137632616241806
2.6137681545470968
2.615347830907707
2.615347830911024
2.6153758882503855
2.6153794729360174
2.6153880333818966
2.6153914278846058
2.615407251566065
2.615410443458298
2.615432891310136
2.6154358751440374
2.615464361355858
2.6154671248820156
2.615501044629644
2.6155035717153194
2.615542298006132
2.615544570999894
2.6155874738495295
2.6155894740029044
2.6156359365317035
2.6156376431944244
2.615687066861021
2.615688455985543
2.615740253294984
2.615741295482094
2.615794868931975
2.6157955270672177
2.6158502305239364
2.61585045701935
2.615905264390141
2.61590553051526
2.6159588895755173
2.6159597246846724
2.6160098535626997
2.61601134683938
2.6160559833166177
2.616058219707067
2.6160940877877574
2.6160970957924348
2.6161199101530395
2.616123557849632
2.6165314714150436
2.61653147142057
2.616621402992148
2.616629387059797
2.6166514948418684
2.616658548889428
2.616694829687271
2.616700884155945
2.616746762342597
2.6167518973419575
2.6168042363364457
2.616808548155189
2.616865327107079
2.616868889300935
2.616928810365095
2.6169316659082424
2.616993877676655
2.616996039199534
2.6170599646131425
2.6170614151768894
2.6171266467233747
2.6171273386457807
2.6171934227966025
2.617193572157612
2.617259294287421
2.617260410831624
2.6173245382034946
2.6173268049899336
2.617388625799468
2.6173923046654677
2.617450798861665
2.6174562614148162
2.617509864017917
2.6175176271938105
2.617563819445416
2.6175745491114277
2.6176092534398223
2.617623587319794
2.6176408282107917
2.617658671235194
2.617879339234975
2.6178793392567905
2.61802547869248
2.6180582968790014
2.6180624326715316
2.6180912434566337
2.618112224208238
2.6181373189400725
2.618168653954536
2.618190897294828
2.618228552838646
2.618248704114486
2.6182902833469863
2.61830890899803
2.618352933734082
2.618370448896355
2.618415946531712
2.6184326638767677
2.618478942395146
2.6184951089215134
2.6185416289067147
2.6185574521453634
2.6186037459211264
2.6186194135873246
2.6186650239456903
2.6186807205435874
2.6187251405173058
2.6187410638248996
2.6187836591221534
2.618800039211214
2.618839926561968
2.6188570492915337
2.618892884536735
2.6189111166349055
2.618940722273121
2.618960510994494
2.6189803389928774
2.6190020713240276
2.619007113549815
2.6190306196269124
2.619139490340785
2.6191394903553102
2.6193662965809734
2.6193710324056054
2.6193951444671457
2.6193980183692007
2.619434766717108
2.6194357914524224
2.6194795570111196
2.6194800326656944
2.6195264467825674
2.6195280848505855
2.619574829100607
2.6195773746127253
2.6196237403752116
2.619627013811528
2.619672568135082
2.619676446450247
2.6197208845263584
2.619725285761194
2.6197683551424147
2.6197732281060486
2.6198146833957834
2.619820001418512
2.6198595695200764
2.6198653272464094
2.6199026713485574
2.619908883877063
2.6199435560319935
2.6199502599085207
2.6199816299630116
2.619988885273325
2.6200160298712873
2.6200239210132947
2.6200454579843138
2.6200540835779575
2.6200679913846305
2.620077401120998
2.6200812921709966
2.6200912297598253
2.6201315391250595
2.620131539141204
2.6204030399790836
2.6204037393629163
2.6204147414199626
2.620415017430067
2.620431652346923
2.620431900578417
2.62045164651568
2.620452407589755
2.620473410414704
2.620474624998796
2.620495821649549
2.620497420767339
2.620518116891053
2.620520037254098
2.620539775354708
2.6205419634095373
2.6205604338429658
2.620562845561124
2.620579831540342
2.6205824309986205
2.6205977753401792
2.620600533220553
2.6206141180609346
2.6206170104423094
2.6206287444464245
2.6206317520139346
2.62064156161342
2.6206446693910093
2.6206524913706635
2.620655689200259
2.620661461057414
2.6206647452465055
2.6206683839819305
2.620671759988306
2.620673088637903
2.6206765648139605
2.6206777783728947
2.6206823367895793
2.620683672475456
2.62068367268065
2.625989465946279
2.6259904655946933
2.6259917448783883
2.625992751771091
2.6259955238613943
2.625996542841147
2.626000773467832
2.6260018093975876
2.626007451294019
2.626008509065405
2.6260155006043018
2.626016585145777
2.6260248483565243
2.6260259646398345
2.6260354024062806
2.626036555448351
2.626047047611706
2.626048242466542
2.6260596404732954
2.6260608822040568
2.626073001861738
2.6260742954757275
2.62608690736334
2.6260882576805367
2.6261010749375227
2.626102486344794
2.6261151502195097
2.626116626237958
2.626128691452777
2.626130234022894
2.626141159484009
2.6261427678815967
2.626151923949449
2.626153593351716
2.6261603028053346
2.626162022822229
2.6261656509860902
2.6261674049367496
2.6265486317917097
2.626548631791849
2.6265713854328
2.6265726796243114
2.6265800500532044
2.626581378329553
2.6265938688920483
2.6265952582285954
2.6266121795999453
2.626613650485036
2.626634296953138
2.6266358629470834
2.626659582415375
2.6266612521374793
2.6266874796165465
2.626689258548052
2.6267175189394854
2.6267194106383407
2.626749304867129
2.6267513116564634
2.626782496232434
2.6267846194816795
2.626816783783964
2.626819023864054
2.626851865158185
2.62685422109171
2.626887413966034
2.6268898827270637
2.626923035697787
2.6269256110490393
2.626958196376068
2.626960867090263
2.626992097577037
2.6269948450164797
2.627023453934483
2.627026249800973
2.627050137180431
2.6270529452236278
2.6270688524801113
2.627071643097416
2.627275867197836
2.627275867198277
2.6273467325232382
2.6273534312576348
2.627367051414141
2.627373788205126
2.6273962067177186
2.627403079771138
2.627430894739706
2.627438011218095
2.6274690276253523
2.627476488728257
2.6275093653761807
2.62751726915253
2.6275511552048214
2.6275596033004267
2.62759391184182
2.627603016798012
2.6276372951663665
2.627647188342067
2.627681040215332
2.627691881330397
2.627724912652835
2.627736902414261
2.6277686741094706
2.627782071999677
2.627812046434115
2.627827196715564
2.6278546635550923
2.6278720337999566
2.6278959942909763
2.627916231074476
2.6279352076641818
2.6279592070988924
2.62797093651632
2.6279998851460253
2.628000912457986
2.6280216716245572
2.6280360762252317
2.6280632380023308
2.628172214651499
2.628172214664
2.628287776779864
2.6283152527417752
2.628329859139662
2.628350850460921
2.6283516454498184
2.628381027968905
2.628392426008141
2.628416880754791
2.628435446664059
2.6284561486476825
2.6284796560204446
2.628497481724132
2.6285244865861674
2.6285400622798925
2.6285695942690235
2.6285833674338726
2.628614741327759
2.6286270354656947
2.628659737521635
2.6286707893292895
2.628704404800015
2.6287143885518107
2.6287485494893565
2.6287575928224904
2.628791931928574
2.6288001258585507
2.628834223343149
2.628841628357627
2.628874934538233
2.6288815842707662
2.6289132895778953
2.6289191944256105
2.628948002434183
2.628953159488077
2.62897693290365
2.628981359795831
2.628996829200179
2.62900065304635
2.6290690626391475
2.6290690626392226
2.6292856095612245
2.6292940684230084
2.6293045097736076
2.6293124543426702
2.6293315555520134
2.629338899725634
2.6293634525244403
2.6293702220678634
2.629398049777865
2.62940429874225
2.6294340363866975
2.629439814985345
2.629470591025991
2.6294759379385035
2.6295071587141248
2.6295121010670894
2.6295433236739436
2.62954787877056
2.6295787358892206
2.629582913057535
2.629613065292754
2.629616867603282
2.6296459696470413
2.629649395686591
2.6296770690749574
2.6296801151392355
2.6297059244102843
2.629708587585508
2.6297320200471996
2.629734302676221
2.629754756050767
2.629756671848372
2.629773459489376
2.6297750407744744
2.629787431417422
2.62978873556549
2.6297960545794417
2.6297971681907137
2.6298198707344893
2.6298198707345986
2.6303106763405273
2.630316840561425
2.630322428944977
2.6303266007561192
2.630328440507755
2.6303379739999486
2.630339315660294
2.6303504183761905
2.630354277440479
2.630365093260512
2.6303707989690643
2.63038133196236
2.6303882608515434
2.6303985280430937
2.6304061269009975
2.6304161522585656
2.630423941467836
2.6304337517763012
2.6304413190905804
2.6304509414198556
2.630457932581347
2.630467392882114
2.6304735024156005
2.6304828248379626
2.630487788428237
2.63049699507527
2.630500583905883
2.6305096948376443
2.630511711781999
2.6305207451597297
2.6305210225124656
2.630528393189812
2.6305299948205034
2.630533727478681
2.6305369559995344
2.6305373195014203
2.6305426217480887
2.630545831370732
2.6322414345770064
2.632241434577559
2.632249022028039
2.6322502348963437
2.6322523005523375
2.632253515712629
2.6322576127926314
2.6322588414264687
2.6322648841296536
2.6322661311603626
2.6322740477941124
2.632275313671169
2.6322850213765907
2.6322863048277467
2.6322977026571595
2.6322990017970693
2.632311970345362
2.6323132828971625
2.632327684612965
2.6323290078145085
2.632344685843119
2.6323460162573498
2.632362790587553
2.6323641238765183
2.6323817833239986
2.6323831139908114
2.6324014016535204
2.6324027227484477
2.632421310968568
2.6324226137851623
2.6324410622714405
2.632442336161363
2.6324600247356136
2.6324612574457618
2.632477288722466
2.632478468266518
2.632491566488048
2.63249268637989
2.6325012185801584
2.632502287267401
2.6326976846468377
2.6326976846472774
2.6327320461031842
2.6327345160546325
2.632743710832213
2.6327461395750738
2.632761102086357
2.6327634844837284
2.6327825643998928
2.632784901532606
2.6328068574746615
2.6328091532885822
2.632833126125126
2.6328353852674966
2.63286079093078
2.632863017402018
2.6328894510095453
2.6328916475826967
2.632918815938142
2.632920983970742
2.6329486607248436
2.6329508000843997
2.63297879479845
2.6329809037496634
2.63300903752401
2.6330111124872353
2.6330391937692856
2.633041228871089
2.63306902201249
2.6330710083357385
2.633098182971075
2.6331001074174307
2.633126145842532
2.6331279897084467
2.6331520083177318
2.633153746719031
2.6331741694883153
2.633175776792444
2.6331899248489568
2.633191400170447
2.633311595624313
2.6333115956245066
2.6333793299257784
2.6333825012302348
2.6333953814852973
2.6333984440031526
2.633417777115214
2.6334207332645754
2.6334437895250224
2.6334466607299256
2.633471853656147
2.633474660856834
2.6335011050665456
2.6335038647555957
2.6335310463451553
2.633533771006533
2.6335613704908165
2.633564069720701
2.633591870761793
2.633594552243739
2.6336223923086637
2.6336250625598803
2.633652803127619
2.6336554680832673
2.6336829727080886
2.6336856382246565
2.633712750904742
2.6337154232541997
2.6337419396388273
2.633744626050275
2.6337702460901182
2.633772955348823
2.633797195759818
2.633799938681113
2.633821963776123
2.633824752663832
2.6338430671377515
2.6338459114051807
2.633857991129399
2.6338608852751713
2.633927236920193
2.6339272369204427
2.6340326574686026
2.6340344524805577
2.634047209535863
2.6340490829213468
2.6340674692101125
2.6340694181491973
2.634090895569449
2.6340929029681366
2.634116024436932
2.6341180741310675
2.6341420465324563
2.6341441262600798
2.634168494059975
2.6341705949759464
2.634195074133638
2.634197189887504
2.634221583658827
2.6342237096698953
2.634247863337037
2.634249996311475
2.6342737695009455
2.634275907134408
2.634299152820491
2.634301293631561
2.6343238370606
2.63432598031231
2.6343475918654504
2.634349737527529
2.634370092182899
2.6343722408369055
2.634390854576502
2.6343930069949053
2.634409142692863
2.6344112983882932
2.6344238638761275
2.6344260175678773
2.634433594888292
2.6344357348032976
2.634465858779581
2.6344658587799397
2.6346190699481733
2.6346206723881784
2.634627487012128
2.6346290932307466
2.634639841051054
2.634641447052762
2.634654677779552
2.6346562765318633
2.6346709005921745
2.6346724846114786
2.63468776100815
2.634689323533668
2.634704752526045
2.634706287815082
2.634721519160112
2.634723022477579
2.6347377952025512
2.6347392627650237
2.6347533685902955
2.634754797549355
2.6347680591839633
2.634769447665355
2.6347817061391146
2.634783053330253
2.634794160937885
2.6347954672052905
2.634805284103034
2.6348065511087597
2.634814944382969
2.634816175138172
2.6348230195417246
2.6348242182350163
2.634829398248258
2.6348305693546106
2.634833984872626
2.6348351303999666
2.634836719101345
2.6348378361533817
2.6348445361947572
2.634844536195163
2.6355346029094386
2.6355366243907445
2.6355399436561475
2.6355424285990536
2.635544454427158
2.635544488578058
2.6355477818901227
2.635550163017887
2.6355523402029615
2.635556850598669
2.6355580349508894
2.6355644183219478
2.6355647517400644
2.635572359690975
2.63557271949434
2.6355807142447496
2.6355815955743185
2.63558965888576
2.6355908767185516
2.635599025539424
2.6356003809802915
2.6356086335639537
2.635609912304643
2.635618287435331
2.6356192577282798
2.635627773482386
2.6356281846048906
2.6356364393194704
2.635636856457727
2.6356437498034055
2.6356452774357924
2.6356498349002573
2.635652755529936
2.635654423408203
2.6356572831681593
2.6356589969146778
2.6356637146721997
2.635666660451471
2.6359198473154595
2.635919847315496
2.6359281757727633
2.635929050494839
2.635931403509904
2.6359323836806166
2.6359365944166915
2.6359377359681706
2.635943530449485
2.635944872645726
2.635951965684277
2.635953532260756
2.6359616505373222
2.6359634531089036
2.6359723498877203
2.6359743919718737
2.635983852002094
2.635986132680881
2.635995970076561
2.6359984869112374
2.6360085390404935
2.636011290258114
2.6360214094470056
2.6360243956022447
2.6360344391063766
2.6360376644629357
2.6360474819014983
2.6360509557455116
2.6360603717731874
2.6360641097688884
2.636072897733218
2.6360769231335333
2.6360847625636143
2.6360891061524456
2.6360955150656378
2.6361002099318123
2.6361044552145003
2.636109515995459
2.6361105782250376
2.6361159500109705
2.636190634462468
2.6361906344624844
2.6362113555345594
2.6362131655996124
2.6362173471189054
2.6362194898924094
2.636226046844327
2.63622858962848
2.636236458051603
2.6362393996527067
2.636247900245515
2.636251223257332
2.6362599474095747
2.636263639765466
2.636272333091146
2.6362763943342853
2.6362848838472077
2.6362893267097864
2.636297479269983
2.636302330678203
2.6363100282125913
2.6363153311759633
2.6363224536041785
2.636328270709737
2.636334681097499
2.636341100333928
2.636346628240801
2.636353772212628
2.636358191067006
2.6363662311548794
2.6363692240448664
2.636378401276178
2.6363795072924243
2.636388693374807
2.636390159429506
2.636396234762684
2.6364012734099402
2.6364013464047336
2.6364112431086237
2.6364189065414
2.6364461452730867
2.6364461452787147
2.6364693254024374
2.636476504006907
2.636484550461421
2.6364856309190676
2.6364891747535606
2.6364955505569383
2.6364958931613707
2.6365039189976045
2.6365057703583785
2.636512708409224
2.6365160644603023
2.6365219200972687
2.6365263162002424
2.636531341941553
2.636536457331855
2.6365408380632784
2.6365464422771705
2.6365503167722326
2.636556235724501
2.6365597116232475
2.6365658054815997
2.636568969641304
2.6365751170819376
2.636578043004208
2.636584128107497
2.6365868816737215
2.6365927803036233
2.636595424677887
2.6366009866972746
2.6366035869048425
2.636608608956848
2.6366112358954537
2.6366154176036285
2.6366181487577425
2.636621030658812
2.636623937405317
2.6366248646700146
2.636627965407767
2.6366409592006166
2.6366409592007
2.63667609849872
2.6366777038100095
2.636679539390716
2.636680910261689
2.6366843384406735
2.6366854667711515
2.6366898591828547
2.636690787027368
2.636695715671328
2.63669648799137
2.6367016872419478
2.636702338540914
2.6367076438050328
2.6367081975893103
2.6367135031772113
2.6367139742016303
2.636719208415385
2.6367196048746844
2.63672471540485
2.6367250405658273
2.636729985458265
2.6367302388123983
2.636734980272578
2.6367351584033094
2.6367396578752196
2.636739755258465
2.636743968865753
2.6367439788581777
2.636747769091696
2.6367478527617627
2.6367510540217785
2.636751234914476
2.6367537499544325
2.6367540255444344
2.636755766221704
2.6367561239485626
2.6367570173074397
2.636757431841
2.636760703995565
2.636760703995579
2.6368077135340746
2.6368084331624684
2.636809549166647
2.636810754653921
2.6368109645166777
2.6368114181900273
2.6368124535900463
2.6368125809842917
2.6368137765948525
2.636814312061891
2.6368152992188914
2.63681608736196
2.636816941443325
2.6368178520373595
2.6368186361710184
2.636819564251214
2.636820329717075
2.636821192351911
2.636821980203798
2.636822712413982
2.6368235553557655
2.6368241063026394
2.636825030403245
2.636825360221152
2.6368263863389814
2.6368264636453658
2.636827408550687
2.636827608557939
2.6368281888545337
2.636828685829922
2.636828800016578
2.6368292387553702
2.636829502852508
2.636829609537086
2.6368303731140705
2.636830971640883
2.6368314015511123
2.636831660428576
