-2.636831401571664
-2.6368303731936917
-2.6368292387758396
-2.63682868599901
-2.6368281889340204
-2.6368264638148657
-2.636826386613153
-2.636824106579244
-2.6368235557274984
-2.6368211927304896
-2.6368203301460706
-2.63681785248019
-2.6368169418503236
-2.6368143124899652
-2.636813776876174
-2.636811418286284
-2.6368109648197464
-2.636808433268698
-2.636760704038282
-2.6367607040194905
-2.636756128922958
-2.6367557710798804
-2.6367512439478884
-2.636751063422652
-2.6367439903016745
-2.636743979589622
-2.6367351709099354
-2.6367349918903695
-2.6367250536714004
-2.636724727562674
-2.6367139874322234
-2.6367135154961074
-2.6367023510544545
-2.6367016990101444
-2.636690797095245
-2.6366898688673985
-2.6366809149148556
-2.636679544086271
-2.6366409593894238
-2.6366409592797284
-2.636623952527746
-2.6366210444513745
-2.636611261897222
-2.636608635323946
-2.6365954548742105
-2.636592812499287
-2.6365780754044645
-2.6365751527382226
-2.6365597453327645
-2.636556273980116
-2.6365408720942933
-2.6365364976358316
-2.636521952543564
-2.636516105909089
-2.6365039455693813
-2.6364955904978067
-2.636489187312316
-2.6364765319918044
-2.636446147150013
-2.6364461453040366
-2.6364112730723925
-2.6363962493276603
-2.636390208335767
-2.636379541324969
-2.6363662886643326
-2.636358237505873
-2.6363411634785074
-2.636334735676041
-2.63631539878098
-2.6363100888041804
-2.6362893977988313
-2.636284948990555
-2.6362637122906407
-2.6362600148815347
-2.6362394670353537
-2.636236521382892
-2.6362195302420446
-2.6362173851524147
-2.6361906348383335
-2.6361906347964466
-2.6361095333892623
-2.6361044698459697
-2.636089147815377
-2.636084798908845
-2.6360641678299603
-2.636060423602517
-2.6360377334219858
-2.6360345015547706
-2.6360113668015996
-2.6360086090502786
-2.6359862139936934
-2.635983926963929
-2.6359635349084383
-2.635961726542774
-2.63594494509278
-2.6359435985448814
-2.635932423227699
-2.6359314415851216
-2.6359198476013432
-2.635919847556439
-2.635663715965533
-2.6356544245271
-2.635652759771694
-2.6356437535029213
-2.6356368635564884
-2.6356281908555776
-2.6356182961325763
-2.635609920030832
-2.635599034235653
-2.6355908845012266
-2.6355807215432243
-2.635572726064837
-2.635564756762776
-2.6355568551409756
-2.6355523427761556
-2.6355444909127104
-2.635544455127769
-2.635536625027661
-2.634844537501039
-2.634844536846688
-2.6348352846600234
-2.634834111291337
-2.634824483483152
-2.634823251180118
-2.6348068462147354
-2.6348055487378437
-2.6347833495141177
-2.634781974911825
-2.6347550803743194
-2.6347536269104217
-2.6347232795725284
-2.634721754981057
-2.6346895388467595
-2.6346879591426378
-2.634656425925809
-2.6346548156106944
-2.6346291509747384
-2.634627540380711
-2.6344658611581044
-2.634465860500601
-2.63442629315465
-2.6344241032905655
-2.634393466209418
-2.6343912644972614
-2.6343502349781023
-2.6343480419301604
-2.6343017896988283
-2.6342996049643013
-2.634250478147711
-2.63424830469251
-2.6341976474428797
-2.6341954949037327
-2.634144541857667
-2.634142430081712
-2.6340932365345977
-2.6340912044433478
-2.634049248196941
-2.634047362914321
-2.633927239893191
-2.633927239375206
-2.633846189258806
-2.633843312712714
-2.633800432902283
-2.633797640317784
-2.633745197309189
-2.633742458723188
-2.6336862405271586
-2.633683523608788
-2.6336256781784
-2.6336229583863817
-2.633564685857917
-2.633561940084671
-2.633504460436232
-2.6335016594599314
-2.633447181700347
-2.6334442795098063
-2.6333987373787484
-2.633395662769944
-2.6333115988703297
-2.633311598712082
-2.6331759945647457
-2.6331743683305415
-2.6331284461859408
-2.6331265627608915
-2.6330715935493547
-2.6330695579442236
-2.6330117733448004
-2.6330096447812665
-2.632951511725812
-2.6329493172570015
-2.63289239250723
-2.632890141804101
-2.6328361360289234
-2.6328338277495935
-2.6327855821434234
-2.632783209290761
-2.6327465290634384
-2.632744090204062
-2.6326976880234065
-2.632697687476829
-2.6324927905884303
-2.6324916621491785
-2.6324615374574964
-2.6324602817298475
-2.6324230280900314
-2.6324216918124326
-2.6323836156546943
-2.632382245872653
-2.6323465689954038
-2.6323451978963224
-2.6323138532455688
-2.63231250271761
-2.6322868499285805
-2.632285536952704
-2.63226657840578
-2.6322653182268962
-2.6322537385271474
-2.6322525291462093
-2.632241436463622
-2.632241435704798
-2.630542623267259
-2.630533728900332
-2.6305300005579424
-2.6305210278872186
-2.6305097065293697
-2.630500594878342
-2.6304828427738887
-2.630473519293285
-2.6304509641458123
-2.6304413405554214
-2.630416176518551
-2.630406149929059
-2.630381353100415
-2.630370819161735
-2.6303504317896724
-2.630339328568633
-2.630328444787328
-2.6303168447074587
-2.6298198720847563
-2.6298198718536234
-2.6297889294855974
-2.6297876054985942
-2.6297570182033763
-2.629755070526426
-2.6297089793680333
-2.629706282366409
-2.6296497937259344
-2.629646335036844
-2.629583299962971
-2.6295790928022273
-2.629512462629778
-2.629507494276713
-2.6294401309668483
-2.629434332138255
-2.6293704566978637
-2.629363675040883
-2.6293125548764906
-2.629304607104538
-2.6290690652743387
-2.629069065037569
-2.628981665585095
-2.6289772076645725
-2.62891971554001
-2.6289137614127203
-2.62884220420817
-2.6288347499507143
-2.628758174627655
-2.6287490878904634
-2.6286713584507058
-2.6286602727187667
-2.6285839087701577
-2.6285701163844934
-2.628497970941513
-2.6284801502725834
-2.6284172661534213
-2.6283928562318293
-2.6283510317128664
-2.6283155092208337
-2.6281722243633254
-2.6281722154684606
-2.628036350520164
-2.6280011067149096
-2.6279596540318053
-2.627935611388103
-2.6278725347580707
-2.6278551638990395
-2.6277825904250482
-2.627769215968345
-2.6276924024806743
-2.6276815984231727
-2.62760353022288
-2.6275944707329644
-2.6275177589130343
-2.62750990605182
-2.627438435863372
-2.6274313719119657
-2.627374025984192
-2.6273673270951408
-2.627275869917591
-2.6272758691284204
-2.627053040642851
-2.62705024029661
-2.626995056986686
-2.6269923269540216
-2.6269258845779646
-2.626923332406455
-2.626854522572342
-2.626852193011488
-2.626784930902247
-2.6267828357528415
-2.6267197199232264
-2.626717857099112
-2.626661545407326
-2.6266599043562744
-2.626613898654011
-2.6266124540609326
-2.626581510302491
-2.6265801985312582
-2.6265486328582823
-2.626548632599637
-2.626162026217958
-2.626160306461801
-2.6261427779699438
-2.62614117036224
-2.626116641149133
-2.6261151663219398
-2.6260882737566544
-2.626086924745039
-2.626060896435851
-2.6260596558751637
-2.626036566144711
-2.6260354139898587
-2.626016591844798
-2.6260155078624154
-2.626001812588144
-2.626000776925749
-2.625992752600367
-2.625991745777315
-2.6206838653699283
-2.620683685708782
-2.620681881954933
-2.6206775293593347
-2.620667497352798
-2.620664352822659
-2.620647310959397
-2.620644392944073
-2.620619518042493
-2.620616820246988
-2.6205847566923737
-2.6205823398933283
-2.6205440305706973
-2.6205420008093343
-2.6204991100410897
-2.6204976315261144
-2.6204535426748117
-2.620452851256359
-2.6204154581722126
-2.6204151629275176
-2.620131578127933
-2.6201315564517524
-2.620080935838081
-2.6200713170347774
-2.62002873074464
-2.620021019515676
-2.6199549184949333
-2.619948531079004
-2.619869678880488
-2.619864262817007
-2.6197772559486867
-2.619772712039693
-2.619680114754216
-2.6196765307095378
-2.619580575795432
-2.619578263980574
-2.6194825025877906
-2.619482160967603
-2.6193992162262116
-2.61939633023465
-2.6191395265918613
-2.61913950710925
-2.619004796580183
-2.618982862475555
-2.6189154150157665
-2.6188972932469268
-2.618804589782879
-2.618788530197203
-2.618685225588095
-2.6186699509191413
-2.618561819899047
-2.618546481703867
-2.6184368178379556
-2.6184206416253604
-2.618312705703458
-2.6182946871137904
-2.618193991746645
-2.6181724298875713
-2.618092828521609
-2.6180646111285886
-2.6178793809849292
-2.6178793516595573
-2.6176255362433984
-2.617610807275544
-2.6175212956325766
-2.617513032254544
-2.617396670460375
-2.6173925205851227
-2.6172650846012613
-2.6172635159247895
-2.6171317103983793
-2.6171314663073946
-2.617000440569447
-2.6169987318418366
-2.616873147667069
-2.616870047557219
-2.616755594024195
-2.6167509178780484
-2.6166605889114463
-2.616653874518978
-2.6165314953761905
-2.6165314862525615
-2.6160979409238925
-2.616094839554476
-2.6160134605192797
-2.616011756780122
-2.6159084976475495
-2.6159079544246437
-2.615798686655285
-2.615798343750578
-2.615691869088334
-2.6156908187575896
-2.6155929480957036
-2.6155912995819848
-2.615506850058125
-2.6155046733466008
-2.6154385179590585
-2.615435854095313
-2.6153927184990633
-2.6153895329222747
-2.615347842962933
-2.6153478377471737
-2.6137583277241125
-2.613753463853721
-2.6137206442934344
-2.6137158809858883
-2.613663076910625
-2.6136584290542872
-2.61359175958282
-2.6135871961924946
-2.6135132435537276
-2.6135087029682915
-2.613434135841475
-2.6134295447626403
-2.613361209985962
-2.6133565035499653
-2.613301524558165
-2.613296669224212
-2.6132620102264856
-2.6132570258294594
-2.6117390211792095
-2.6117390122736066
-2.6117023073638976
-2.611698786853894
-2.6116569549057562
-2.6116541317243085
-2.6115830682935917
-2.611580806086849
-2.611488474032437
-2.6114867827217325
-2.6113793447561617
-2.6113782855743337
-2.6112610826864535
-2.6112607667166388
-2.6111398067856055
-2.6111391829762165
-2.6110233190077055
-2.6110214222816124
-2.610927467813863
-2.6109239122953816
-2.610458796095873
-2.610458785153421
-2.6103370367499403
-2.610329167465304
-2.6102385426334522
-2.610233306499862
-2.6101095281815545
-2.610106257427928
-2.609968359091044
-2.609966732696829
-2.609822111136092
-2.6098220472903226
-2.6096762608509656
-2.6096741258131124
-2.6095325254185147
-2.609527453335079
-2.60939622024035
-2.6093864105402487
-2.6092811221694205
-2.60926315760338
-2.608979540714066
-2.6089794947320337
-2.6087866054462547
-2.6087481782979935
-2.6086744973047242
-2.608645477504625
-2.608541041557059
-2.6085175488496755
-2.6084020294098655
-2.608381470645643
-2.6082626460498632
-2.6082435646150666
-2.6081255609617457
-2.6081069546293474
-2.607993306160757
-2.6079742195226827
-2.607870187881771
-2.607849298301942
-2.607767409984777
-2.6077423736328917
-2.6075844018219816
-2.6075843679031845
-2.6073065601342855
-2.607303118786408
-2.607220603573751
-2.607220355342458
-2.6071200129876684
-2.6071172820845456
-2.607015400195657
-2.607011078424981
-2.6069124908123524
-2.6069070203545395
-2.6068143888208515
-2.6068079382795597
-2.6067237788221895
-2.6067163185500584
-2.6066443698198234
-2.606635650946534
-2.60658327786835
-2.6065726829589906
-2.6065071066884755
-2.6065070830965733
-2.6062085922474965
-2.606208239459227
-2.606174168480763
-2.6061735516941487
-2.6061313152587253
-2.6061298244195092
-2.606087576789448
-2.606085438656573
-2.606047041040834
-2.6060444397522664
-2.6060117800010527
-2.606008840967135
-2.605982897130018
-2.605979695610002
-2.6059610293593978
-2.605957581616027
-2.60594671034928
-2.6059428917518166
-2.6059320547871216
-2.605932041502102
-2.5940457744797567
-2.594038663732836
-2.5940330566027905
-2.594025876849581
-2.5940122412415394
-2.5940049400157346
-2.5939839718619297
-2.593976486352105
-2.593949321324715
-2.593941573407739
-2.593910040101634
-2.5939019326974218
-2.5938689987744534
-2.59386042096527
-2.5938308573613695
-2.593821720426432
-2.593802548665265
-2.5937928898980345
-2.5932189824129717
-2.593218981951683
-2.593168418112566
-2.593167817407275
-2.5931168487295904
-2.593116725813221
-2.5930401399750846
-2.5930397097235227
-2.5929455470942537
-2.592944629337873
-2.5928383150313166
-2.592836986069486
-2.592722506935604
-2.592720797093283
-2.5926022359181338
-2.592600089131811
-2.5924840449757482
-2.5924812548961906
-2.592383419469703
-2.5923796031914317
-2.591991168200879
-2.59199116625125
-2.5918242789957104
-2.591817839689815
-2.591708609971015
-2.591702552325459
-2.5915640461221643
-2.5915576828509637
-2.5914063207407296
-2.5913989473048615
-2.5912417114551296
-2.5912325504847713
-2.591073885996559
-2.5910618614003784
-2.590906646872121
-2.5908899897437743
-2.59074684754503
-2.5907222900155222
-2.5906123781508668
-2.590574220943785
-2.590289996876528
-2.5902899815647578
-2.589987679493759
-2.5899372413576334
-2.5898354413278084
-2.5897990931338812
-2.589657763049677
-2.5896299262578113
-2.5894711953556997
-2.5894485669197382
-2.5892816064181057
-2.5892624954058436
-2.5890925686284256
-2.58907609774258
-2.5889081797120497
-2.588893928240528
-2.5887360904635113
-2.5887239388413934
-2.588595304677604
-2.5885851902855643
-2.588390688090948
-2.58839068662134
-2.5878508414020023
-2.587833704897373
-2.587717726869262
-2.5877026341843803
-2.587555825381313
-2.58754249392276
-2.5873861187934315
-2.587374319888937
-2.58721841012417
-2.5872080751723643
-2.5870596275457496
-2.5870507963436293
-2.5869170916360233
-2.5869098403586888
-2.586800172102691
-2.5867944761658332
-2.5867206028688936
-2.586716077928013
-2.5866405341777914
-2.5866405325539628
-2.5853197266937022
-2.5852875534716278
-2.5852610167699983
-2.5852299698992485
-2.5851776531616895
-2.585147904244001
-2.5850826830082334
-2.585054088401475
-2.5849866547868103
-2.5849589656499394
-2.584897606210639
-2.584870576174917
-2.5848217440536385
-2.5847951649605214
-2.5847639069755
-2.5847376134583246
-2.5847276921317164
-2.5847015544072143
-2.580431686810281
-2.5804316605622195
-2.5804033104663424
-2.58039430527891
-2.5803625183928713
-2.58035437407527
-2.580293491901125
-2.5802857068050877
-2.580200540798908
-2.580192968606082
-2.580087642827986
-2.58008030981046
-2.5799595550998293
-2.5799525893531507
-2.5798226955290007
-2.5798163336132527
-2.579687664501335
-2.57968227576729
-2.579576025985881
-2.579571978627775
-2.578882945018653
-2.578882927789993
-2.5787374679176684
-2.5787186392880086
-2.5786073034674324
-2.5785909328129444
-2.578431968742843
-2.5784174129549147
-2.578235201411967
-2.5782219846737524
-2.5780272590132407
-2.5780152613260343
-2.5778138203424463
-2.5778032066050494
-2.577599847452162
-2.5775911297063456
-2.5773932083796582
-2.577387494423589
-2.577214842101388
-2.5772140997352606
-2.576723636548806
-2.5767236180937334
-2.5764342821295005
-2.5763962420718935
-2.5762584321752064
-2.576226128583524
-2.5760457311758613
-2.576016672681365
-2.5758200489364715
-2.575792510891238
-2.575589799651458
-2.5755627128226624
-2.57535946999438
-2.5753319693915313
-2.575133470524326
-2.575104556283728
-2.574919667463779
-2.5748877544044686
-2.5747391928480368
-2.5747014571833384
-2.5743922778817505
-2.57439225546187
-2.573910464544168
-2.573910116325372
-2.5737418412663158
-2.573736084883929
-2.5735381790736565
-2.573529003071287
-2.5733234833763574
-2.573312151457357
-2.5731072811835656
-2.573094421086841
-2.572895230587015
-2.5728811119247283
-2.572693170704719
-2.5726778127430507
-2.5725106037248437
-2.5724937579478975
-2.572367385668566
-2.5723483916797765
-2.572178950443678
-2.57217893428237
-2.5714724757417224
-2.571466287796875
-2.571358394617447
-2.5713509491761197
-2.571217017886585
-2.571208674241049
-2.5710711147373613
-2.5710622689524385
-2.5709324931822186
-2.5709234251138438
-2.570808507422321
-2.570799400263061
-2.5707046658979618
-2.570695622809756
-2.570625358027491
-2.570616372479171
-2.5705739827384906
-2.570564746832757
-2.5705220175170274
-2.570522004589921
-2.5667598534385188
-2.5667194636392994
-2.566714519017396
-2.56667384864882
-2.566655481242952
-2.566609344324771
-2.5665724893237556
-2.5665255197463277
-2.5664763693474644
-2.5664281805333076
-2.5663742724038845
-2.566324420297429
-2.5662749544746513
-2.566223012535755
-2.5661892666144994
-2.5661350207607687
-2.5661298753597834
-2.5660736710586027
-2.5646442625544505
-2.5646442604271047
-2.5645760728085145
-2.5645680074943726
-2.5645027118638484
-2.5644924708814183
-2.564390863446585
-2.564377724049196
-2.5642527891345575
-2.564236589600297
-2.5640982046259917
-2.56407897522751
-2.5639347342011276
-2.563912445563716
-2.5637695335890083
-2.5637439422912807
-2.5636124459205805
-2.5635829639334755
-2.563483913912133
-2.56344980020369
-2.5629222849014504
-2.5629222846681943
-2.5627465232679394
-2.562728295530392
-2.562618711428636
-2.5625955026413303
-2.562458890871669
-2.562430783507434
-2.562287417116833
-2.5622542199931044
-2.5621127906645076
-2.5620736090526766
-2.5619398387914556
-2.5618927789213357
-2.5617731584275676
-2.561714577626643
-2.5616202807804496
-2.561543033482273
-2.56149863841404
-2.5613897930997642
-2.56113491368495
-2.5611348539298735
-2.560909404988042
-2.5608172223649426
-2.5607680518832208
-2.560707284366022
-2.5606134887747465
-2.5605712990435503
-2.560458189204379
-2.560426907004834
-2.560306104275776
-2.560281509360494
-2.56015956062933
-2.5601390355195
-2.560021205837637
-2.56000278399023
-2.5598960019613086
-2.5598777671544335
-2.559796419157214
-2.559776185107827
-2.5596381241456143
-2.5596381205097116
-2.5593239095710603
-2.559312486621298
-2.559239860194458
-2.5592318164675327
-2.559142514644007
-2.55913662762984
-2.559044480456449
-2.559040036419702
-2.5589508216877848
-2.558947578465011
-2.5588645685066855
-2.558862559527926
-2.5587886457943143
-2.5587880568411543
-2.5587279732316532
-2.5587269593244737
-2.558687575311848
-2.5586850920226314
-2.558645467705264
-2.5586454670357024
-2.558229268961178
-2.558207195010797
-2.558202902955499
-2.558182308772312
-2.558177898869614
-2.5581545828972625
-2.5581468086726717
-2.5581248014140887
-2.558117381234461
-2.5580963657738143
-2.558091644326151
-2.5580713475616514
-2.558070781416019
-2.5580554900159944
-2.5580509862540164
-2.558046174923403
-2.5580360238530404
-2.558026895007926
-2.521626251432309
-2.5213322020673203
-2.5206012488033505
-2.520600113894473
-2.5205912771441445
-2.5205736820285325
-2.5205685060563323
-2.5205526658674104
-2.520547502749434
-2.520527798403954
-2.5205130590662272
-2.5204948192621384
-2.5204709368275937
-2.52045473933559
-2.5204223065275855
-2.5204092593228795
-2.52036988832331
-2.520361927287165
-2.520321310128978
-2.5203210114806547
-2.520160277996454
-2.5201021746769605
-2.520004559214346
-2.520003367140083
-2.519935969107771
-2.5198727467247246
-2.519847169376484
-2.5197950726927765
-2.5197426455579324
-2.5196971038915175
-2.5196273278553654
-2.5195870331042234
-2.5195034366970974
-2.5194687567225698
-2.5193726627280073
-2.5193456966343653
-2.5192376396084777
-2.51922359062048
-2.519117317541238
-2.5191069353866076
-2.51877382949581
-2.518766469602637
-2.518728861021517
-2.5185571549062966
-2.518550555442427
-2.5184056411480036
-2.51839030355468
-2.5182570722746886
-2.5182158660610883
-2.518087090381293
-2.518036909096566
-2.5179049379600986
-2.517856188874853
-2.517714114120269
-2.5176779545623766
-2.5175165175869543
-2.517510950061172
-2.5173762281917864
-2.517313831197437
-2.517109513918044
-2.5168672803452727
-2.5168608429277457
-2.5166191524732113
-2.516422210243426
-2.5164168241908964
-2.51630882073173
-2.5161943232998794
-2.5161359932932963
-2.5159662506099836
-2.51593701333984
-2.5157357556117366
-2.5157260873733187
-2.5155107000845724
-2.515505189709408
-2.5152972207659197
-2.515277927679183
-2.5150950664457747
-2.5150606958241744
-2.51492547023071
-2.5148709565191854
-2.5146587477788818
-2.5146584990440237
-2.5139594048054947
-2.5139200328741076
-2.513813368594592
-2.513789135017016
-2.5136213188337653
-2.5136102832926204
-2.5134148504685205
-2.5134136257009336
-2.5132157094087164
-2.5132093384186467
-2.5130272953177397
-2.513014640478531
-2.512857938548614
-2.512839810841746
-2.5127179322413444
-2.5126948182928186
-2.5126193804672554
-2.512591000038355
-2.5125102362186262
-2.512510128758542
-2.510024916965264
-2.5099786936367923
-2.509948716999403
-2.5099041037169076
-2.5098342234872333
-2.5097915250446783
-2.5096951801792837
-2.50965409876659
-2.509545296990876
-2.5095051922923135
-2.509397493717439
-2.509357633533676
-2.5092641423415207
-2.509223901463451
-2.5091572248976997
-2.5091162517984382
-2.509087645424821
-2.509045978361319
-2.5057073241202104
-2.505624710150034
-2.505517528617122
-2.5055170609391655
-2.505424369851251
-2.5053864171697144
-2.5052914838169316
-2.5052581069987703
-2.5051133803159016
-2.5050843747010303
-2.504902400608718
-2.5048786709631696
-2.5046688168749878
-2.504651770660273
-2.5044229120000923
-2.504414853275445
-2.504184044342438
-2.504179177624823
-2.5039924231907453
-2.5039694600630713
-2.5029961000415977
-2.5029930218378005
-2.5029248264790898
-2.502802917421825
-2.502654678620731
-2.5025756746631265
-2.5023697743610054
-2.5023111518821635
-2.5020621064548574
-2.5020187061271923
-2.5017429468064285
-2.501714313302671
-2.5014175367207634
-2.5014065209680405
-2.5011033565436827
-2.501089486532448
-2.500818149097709
-2.5007634467236217
-2.500583389668465
-2.5004535019366605
-2.4998701079628796
-2.499865570770765
-2.4996332367721656
-2.49933155652281
-2.4992114537511707
-2.4990265133004055
-2.4990051712717105
-2.498755438829827
-2.4986750145774654
-2.4984513290232018
-2.498346572847249
-2.498133730989179
-2.498023784934069
-2.4978111874648197
-2.4977122022623783
-2.497489057448731
-2.4974232836435473
-2.497187215397977
-2.4971734020424465
-2.496878768686156
-2.4965490337778604
-2.4965471254141343
-2.4959589777806572
-2.495889809004354
-2.495725857503388
-2.4957157164389754
-2.495470479081803
-2.4954415518736552
-2.4952016993339488
-2.495148494062857
-2.49492898378542
-2.4948583898666334
-2.4946624550977994
-2.494577088819921
-2.4944105759081676
-2.4943101264923024
-2.49418509026097
-2.49406596283513
-2.4940094048376693
-2.493862241475505
-2.493698309806163
-2.493697335533793
-2.492845306767452
-2.4928388750954666
-2.492744473086839
-2.4927346658301857
-2.49261188637755
-2.492586944549911
-2.492468820592976
-2.4924328621448417
-2.4923316000551297
-2.492287869219379
-2.4922091446221653
-2.492159770302143
-2.4921068682413394
-2.4920531055014727
-2.492028628067336
-2.491978068916178
-2.4919708258775524
-2.4919149130774643
-2.491886051679208
-2.4918845673981913
-2.4808193934029887
-2.4807808492951224
-2.480718365393346
-2.480656319414405
-2.480634712532852
-2.4806152127514842
-2.480548352815835
-2.480534117385528
-2.480458346631009
-2.4804227877402445
-2.4803491953802252
-2.4803098054274084
-2.4802268844544106
-2.4802082529349843
-2.480135360411731
-2.4801005270154737
-2.4799842031547565
-2.4798984041114247
-2.478330222232922
-2.4783301259610417
-2.4782496587585614
-2.478186774413406
-2.4781380659735315
-2.478063407439154
-2.4779637330753657
-2.4778717142108886
-2.477747735039819
-2.4776367716890046
-2.4775043935054732
-2.4773742616282557
-2.477244712626617
-2.477095020480991
-2.476979352542114
-2.4768089278140004
-2.476723776457867
-2.4765303412778046
-2.476511517090431
-2.4762927854750867
-2.4755160540036845
-2.4755158996988684
-2.4753002548070135
-2.475092617829228
-2.4750457425698227
-2.4748256560596253
-2.474810540483808
-2.474541372453337
-2.474507210827025
-2.4742577078136305
-2.474176369216823
-2.473987253647767
-2.473833531439898
-2.473743442642438
-2.473543536383844
-2.473486689366817
-2.4734091382291052
-2.473142908398913
-2.472813606164825
-2.472528128899238
-2.4721559573244103
-2.4718679244210007
-2.47125449327075
-2.4709904850300615
-2.4706682111276237
-2.470367125872671
-2.4703250489926813
-2.4702440969479924
-2.470055761110208
-2.4699754108144623
-2.4698204903538503
-2.4696271167299324
-2.469555054043839
-2.469287543502378
-2.469273336397629
-2.468988122964829
-2.4689690480848197
-2.468715576545979
-2.4687029755710097
-2.4684863248776012
-2.468216163289283
-2.468216083228669
-2.4674278432409515
-2.467199455782408
-2.467198997642963
-2.466996716607373
-2.466919110418702
-2.466742935457385
-2.4666263931138
-2.466473976708881
-2.46633788494075
-2.4662076347546713
-2.4660646130882777
-2.4659558715325955
-2.4658176122523017
-2.4657301897159893
-2.4656111803967
-2.465544133918439
-2.4654650346715665
-2.4654138186717383
-2.46530043111516
-2.465300392200103
-2.4636120386917657
-2.4635216887542373
-2.463397877856051
-2.463367554071973
-2.4632899442592593
-2.4632620121039785
-2.463180941844765
-2.463129364213411
-2.4630586473643286
-2.463010159113626
-2.4629372214428504
-2.4629113168466956
-2.462837586100126
-2.4628267887332718
-2.4627921274825617
-2.4627344664691284
-2.462665225570886
-2.4626223947007753
-2.452719784558847
-2.452339997345616
-2.451862316528458
-2.451861918450279
-2.4518189803516575
-2.4517823833010874
-2.4517468144252965
-2.4517124097117726
-2.451641463080359
-2.4516080609314876
-2.451506557670364
-2.4514746611232185
-2.4513468374997553
-2.4513177385175284
-2.4511691997427567
-2.451144950075635
-2.450985998681437
-2.450969723104314
-2.4508256443480803
-2.4508209452073477
-2.4500271583838433
-2.4498571771856708
-2.44983475625326
-2.4498344775162257
-2.4495840460290723
-2.4495079925894077
-2.4493277026953084
-2.4492633046634213
-2.4490371925405854
-2.448981047622501
-2.448728246450775
-2.448679479909356
-2.448408242493007
-2.4483673634181358
-2.4480829905885235
-2.448052112626987
-2.447761141017572
-2.447745343839205
-2.4474780177311413
-2.4474677913174867
-2.4466999975195427
-2.446698494319951
-2.4464810495662177
-2.446294534838077
-2.4461653134384354
-2.4460375128273615
-2.4458264778765857
-2.445719332914015
-2.445473749732022
-2.4453762586843437
-2.44511639168958
-2.445023109991299
-2.4447593388996816
-2.444666337544817
-2.444407864094319
-2.444310807576546
-2.4440720266240183
-2.443963808303896
-2.4437811673904553
-2.443646544980631
-2.4431640814850364
-2.4431635416364665
-2.44254782124339
-2.4425077481861694
-2.4422921270471667
-2.4422811251280065
-2.441972203600094
-2.4419668675039867
-2.44163943828218
-2.4416253521041287
-2.4413011550423067
-2.44128182888431
-2.4409660632616124
-2.4409431487405286
-2.440641748283648
-2.440615866875832
-2.440339976844579
-2.4403108334111825
-2.4400881118130746
-2.4400538142261796
-2.4397538236035534
-2.4397537183576232
-2.4387154919346945
-2.4387131381697587
-2.438552565612052
-2.438544305608124
-2.438325300765061
-2.438314032314132
-2.4380787107375608
-2.4380660821253293
-2.437835945955926
-2.4378228291243746
-2.4376105793959324
-2.4375974682790313
-2.437413233080311
-2.437400378399373
-2.437253994166369
-2.43724136742121
-2.437143586126234
-2.437130551369194
-2.437038955761831
-2.4370389127079597
-2.4331213103855207
-2.433111294832331
-2.4330507990363586
-2.4330406399011024
-2.432941460794427
-2.432931138445039
-2.4328035365618796
-2.4327930974505376
-2.4326487639579932
-2.432638295595678
-2.4324897822098173
-2.4324793834604863
-2.432340339623318
-2.4323300939146737
-2.432215663572938
-2.4322056124120133
-2.4321317331975827
-2.4321218502832154
-2.4298247763840286
-2.4297579612693
-2.429519242236521
-2.429519217719018
-2.429406495889495
-2.429400668519154
-2.429272883178841
-2.4292662538695087
-2.429096634061345
-2.42908964952255
-2.4288935542464056
-2.4288866753622864
-2.428674950645675
-2.428668543636436
-2.4284505251661304
-2.4284449554650367
-2.4282324329578455
-2.4282282023430786
-2.4280465762981227
-2.428044400073344
-2.4273054038864936
-2.427274599252039
-2.4272624581456608
-2.4272567755330425
-2.426981083266773
-2.426972537936568
-2.4267650488115273
-2.426757348831162
-2.4265329284496517
-2.4265262479723697
-2.426296934260875
-2.426291309748415
-2.42606204142907
-2.4260575906801756
-2.4258317973160493
-2.4258288120353844
-2.4256112764302507
-2.4256104320010503
-2.425418236020839
-2.4254153383929276
-2.424981679190242
-2.4249814830664422
-2.42481747052149
-2.4247924925633506
-2.4246101284558246
-2.4245979497980747
-2.424419071321035
-2.4244095454841754
-2.4242240014665235
-2.4242160555992402
-2.424031813750537
-2.42402495112064
-2.4238452816401472
-2.4238392352979594
-2.423666614306734
-2.423661212320854
-2.4234993751669553
-2.423494467963021
-2.423353989166213
-2.4233493337034115
-2.423131511661756
-2.4231315042182042
-2.422856534101553
-2.4228504442461603
-2.4227459552957558
-2.422743261633295
-2.4226224608484177
-2.422620031855641
-2.4224962960832626
-2.4224941868188976
-2.4223743673221283
-2.4223725716528235
-2.422259560395028
-2.4222580675827365
-2.422154061212617
-2.4221528626528745
-2.4220609409682874
-2.4220600300802277
-2.4219869071013806
-2.421986261322468
-2.4219071467489943
-2.42190714630986
-2.4216149618530975
-2.4216133467131082
-2.421581673829326
-2.42158089337489
-2.4215371883546997
-2.4215366063057564
-2.4214906797208617
-2.421490278186072
-2.4214474862261053
-2.4214472324642067
-2.4214099478997633
-2.421409812309235
-2.421379194106796
-2.4213791507477564
-2.4213558673514877
-2.4213558412706058
-2.42134044354045
-2.421340365909123
-2.421327711625161
-2.4213277111140727
-2.3371767292032053
-2.337166762641344
-2.3371645906957137
-2.3371545358364263
-2.3371446735166064
-2.3371344616251233
-2.3371175225077754
-2.3371070689289146
-2.3370840782940414
-2.337073274457033
-2.3370459343272065
-2.3370346410377154
-2.3370057991332627
-2.336993851647733
-2.3369682113731884
-2.336955469300192
-2.3369401073603693
-2.3369266087810394
-2.3363594779954684
-2.3363594774404457
-2.3363065124356925
-2.33630433522517
-2.3362514656053204
-2.336250100590264
-2.336168857482105
-2.3361683181532444
-2.3360665552933906
-2.3360664048057163
-2.3359501312439463
-2.335949406282908
-2.335823073496244
-2.3358217923192197
-2.3356896293744125
-2.335687643129759
-2.3355569790267623
-2.335553847281098
-2.335442800405428
-2.3354377329956373
-2.334994934305426
-2.3349949311298994
-2.334798926761794
-2.334782601828259
-2.3346595073189316
-2.3346444936524304
-2.33448398307216
-2.3344687071080124
-2.3342905433153702
-2.3342736025680044
-2.3340863985583686
-2.3340663696285944
-2.3338759098138873
-2.333850901435053
-2.3336639233586727
-2.3336308755666937
-2.333459581976469
-2.3334128567707393
-2.333286835444927
-2.3332164674761104
-2.3328550073423493
-2.332854965995093
-2.332447242185064
-2.3323668940322198
-2.3322370722878216
-2.3321805425705215
-2.3319903951355205
-2.331948469287964
-2.331729128662067
-2.331696260473988
-2.3314610538229523
-2.3314344022947298
-2.3311911199877224
-2.3311692369964203
-2.330925293084099
-2.330907547758099
-2.330674903888762
-2.3306612852132162
-2.330467982758883
-2.330458832470965
-2.3301726983816944
-2.3301726957069393
-2.329340462830459
-2.3293166769099414
-2.329138838365788
-2.3291185374555714
-2.3288908891148514
-2.3288736050802816
-2.3286287386386717
-2.3286140199914804
-2.328367946420774
-2.3283555829063083
-2.3281198636774767
-2.3281098147897814
-2.3278965536428604
-2.3278888540959413
-2.3277130641034427
-2.3277076833366817
-2.3275874382447137
-2.32758404343284
-2.327463528741489
-2.3274635284660006
-2.3250521249905165
-2.3250140261066217
-2.3249510202874273
-2.324914226982836
-2.3248048510810855
-2.32476959762484
-2.3246349116561875
-2.3246010507328796
-2.3244595438081563
-2.3244267775334313
-2.3242937327962934
-2.3242617491458137
-2.324149947958743
-2.324118477741117
-2.3240386646859594
-2.324007499044712
-2.3239682059751767
-2.323937194412445
-2.317564748225304
-2.317564730124728
-2.317507618752405
-2.317503349223113
-2.3174207471798787
-2.3174174074617957
-2.317276204416709
-2.3172727424516304
-2.317083288878336
-2.3170795393434123
-2.316851067782027
-2.316846957982304
-2.316589737886764
-2.316585222127484
-2.3163122459827763
-2.3163072755927336
-2.3160392781971644
-2.3160337812096334
-2.3158131358517093
-2.315807053416301
-2.3144850256770026
-2.314485019782297
-2.3141876620607227
-2.3141859751204996
-2.3139372695137284
-2.3139336826204113
-2.3135941427303317
-2.3135897807792216
-2.31320935816645
-2.3132043989870525
-2.3128033107508132
-2.3127977282579515
-2.312386934998449
-2.3123805595747178
-2.311969760640903
-2.311962213380374
-2.311567053627154
-2.311557550564657
-2.3112195723509936
-2.3112066579278188
-2.3102680360967978
-2.3102680211153577
-2.309671248714688
-2.3096551371540044
-2.309334405141615
-2.309324034480207
-2.308919116678077
-2.3089114402096187
-2.308476048691836
-2.308469460060763
-2.308022669522903
-2.3080162623548257
-2.307567914076122
-2.3075609681388656
-2.307120173599105
-2.307111841220105
-2.306694004331784
-2.3066829036692
-2.306328859377061
-2.3063124196817735
-2.3056786041506117
-2.305678572541522
-2.304716284557975
-2.304704006022827
-2.3043836204811923
-2.304374506315233
-2.303978906451035
-2.30397231661173
-2.3035519526727315
-2.3035471869936486
-2.303122189986829
-2.3031188817328947
-2.3027008570663217
-2.302698900797418
-2.3022991796945655
-2.302298708010974
-2.3019362329263506
-2.3019347766577853
-2.301648235422813
-2.301644007883968
-2.301294783700571
-2.3012947686421836
-2.2998745468988804
-2.2998704706932545
-2.2996622313743234
-2.299658591798167
-2.299396495426409
-2.2993934921387984
-2.2991218075305695
-2.299119505055009
-2.298861542949295
-2.2988599706412742
-2.2986295828238203
-2.2986287822464693
-2.2984354799184503
-2.2984354458289644
-2.298287000323472
-2.2982860647948895
-2.2981887412195525
-2.298186864505949
-2.298099426277746
-2.2980994196343842
-2.2882252345671144
-2.2882113030257014
-2.2881458819861176
-2.2881318779541333
-2.2880187707158406
-2.2880046276149106
-2.287851356704177
-2.2878369829224234
-2.287653877608977
-2.2876391512222454
-2.287439776467443
-2.287424547149004
-2.2872268638029167
-2.287210973419072
-2.2870389755900855
-2.2870223231254667
-2.286906053335259
-2.286888726585496
-2.283863788696144
-2.283863786772819
-2.283694032611734
-2.283693580263908
-2.283517631186215
-2.2835157130881463
-2.283245511037042
-2.283242360141919
-2.2829097407144467
-2.2829054200665646
-2.282533436324512
-2.2825279747560483
-2.2821339054191943
-2.2821272683302976
-2.28172722501453
-2.2817192746407247
-2.2813360877790436
-2.281326536707294
-2.281010201318131
-2.280998688319752
-2.2796777037469464
-2.2796777015095384
-2.2792088886343227
-2.279206113083943
-2.278880193436466
-2.2788737662383656
-2.278463418323732
-2.2784541135641803
-2.278012222374893
-2.2780000738456065
-2.2775475842146755
-2.2775320810037942
-2.2770806314595915
-2.277060654495308
-2.276621370027719
-2.2765947773996347
-2.276186352261679
-2.2761489410022966
-2.2758192256210505
-2.2757633248293003
-2.2749553468792487
-2.274955302872856
-2.2742242506710455
-2.274158816021273
-2.2738623631786083
-2.2738170833318843
-2.273437926326399
-2.2734047639541206
-2.272996521195783
-2.272970562652989
-2.2725541799295255
-2.272532849534595
-2.2721197333647822
-2.2721015754474503
-2.2717020605863576
-2.2716861500721777
-2.2713165805528575
-2.271302183466844
-2.271001623841799
-2.2709878047221195
-2.2705326590835817
-2.270532652419352
-2.26949136228933
-2.269481446880683
-2.2692233786108864
-2.269214435468526
-2.2689042879232115
-2.2688962848662126
-2.268576734366729
-2.26856962304674
-2.2682591805367096
-2.2682529516329764
-2.267963293581471
-2.2679579696964978
-2.2677004848240196
-2.267696092751777
-2.2674854463937595
-2.2674819326172937
-2.2673379696439504
-2.2673350049164696
-2.2671899202209533
-2.267189918179111
-2.2655502608775757
-2.2655364832796367
-2.265468670150827
-2.265455659035433
-2.265358519041505
-2.2653463578338973
-2.265239711540145
-2.265228295644858
-2.265125724934242
-2.2651149038609146
-2.2650249509552363
-2.265014582432733
-2.264942577497493
-2.2649325386009798
-2.2648818325514117
-2.2648720173815393
-2.2648446797501744
-2.2648349942928916
-2.23586572462224
-2.2358554299827382
-2.2351994250958813
-2.235199297179086
-2.235157239043292
-2.235140683471877
-2.235094085474528
-2.2350792445222867
-2.235000649943119
-2.2349869703615686
-2.2348794731724384
-2.234867092324428
-2.2347340317248325
-2.2347233964536435
-2.234570170212923
-2.2345620659590266
-2.2343997441085266
-2.234395429520795
-2.2342518577328736
-2.2342510103409423
-2.233310950157336
-2.2332716276929174
-2.23320617798026
-2.2332053492681405
-2.232922720090673
-2.2328822316429457
-2.2326444659069518
-2.2326120402296685
-2.23232287274379
-2.232295204488018
-2.2319740714326395
-2.23195035842119
-2.231606262631482
-2.231586816594311
-2.2312267697073187
-2.2312130605814864
-2.2308476961894828
-2.2308432565853358
-2.2305162003237164
-2.230504024887744
-2.2295185573054552
-2.2295179439111843
-2.2291424289410116
-2.229019846919828
-2.2287912007651802
-2.228697580197699
-2.2283596397111296
-2.2282782064944824
-2.2278996264441586
-2.227822052260355
-2.22742603553791
-2.2273475785879024
-2.2269467507803067
-2.2268632296807156
-2.226470029594311
-2.226375927612925
-2.226011245386283
-2.2258967285903926
-2.225613735541746
-2.225458146573624
-2.224748561740812
-2.224747985281469
-2.2238678459788
-2.2237673991384583
-2.223489783854235
-2.223431005934158
-2.223014178439012
-2.2229827913722624
-2.2225101900972675
-2.2224951533056028
-2.2219984127252617
-2.2219944257031674
-2.221493984756741
-2.2214893096012416
-2.2210060069804336
-2.220993300574922
-2.2205497317330267
-2.2205280035671153
-2.2201693817182195
-2.2201354309366907
-2.2196514221177317
-2.219651308591321
-2.2180569022770946
-2.218037960675144
-2.2177575877418714
-2.217744719328166
-2.2173692865523122
-2.2173625974270323
-2.216954070994872
-2.216952445457833
-2.216546776049294
-2.216544221030874
-2.216166784089063
-2.2161605771899477
-2.2158308343756983
-2.215821264518319
-2.2155576115974194
-2.2155448072078747
-2.2153674085039965
-2.2153511287779835
-2.215182792927607
-2.2151827422000623
-2.2096246452024317
-2.2096028033648842
-2.209484776386185
-2.209463436020136
-2.2092720106579846
-2.20925126665224
-2.2090098191760017
-2.208989558872583
-2.2087228312754768
-2.2087028053717797
-2.2084354145318636
-2.2084153216593942
-2.2081720556377853
-2.2081516260128033
-2.2079577492831066
-2.2079368332354314
-2.207816545677656
-2.2077951930587956
-2.2020952983259683
-2.2020935696224995
-2.2020428833906505
-2.2020423596180976
-2.2018237982231335
-2.201810615997159
-2.201564872437963
-2.201554976535347
-2.201230282664848
-2.201222921034173
-2.2008425149186475
-2.2008377635685408
-2.20042048476311
-2.2004187469447074
-2.199985217966659
-2.199983134219874
-2.199564358256386
-2.199556993268819
-2.1992130670938885
-2.1991985066777286
-2.197525011077042
-2.1975247204526274
-2.1972239723010203
-2.1971934544734477
-2.196850568235014
-2.1968282697793926
-2.19638021405892
-2.1963660324790597
-2.195870639361556
-2.1958629092102973
-2.195344401822031
-2.1953431891559174
-2.194819251311414
-2.1948125092041284
-2.194301705266481
-2.19428360834744
-2.193807614411062
-2.193770785148085
-2.1933833879961444
-2.193312259311248
-2.19228404289993
-2.192283419342155
-2.191690427204024
-2.191519224017835
-2.1912942931665276
-2.1911736153333767
-2.1908089013702985
-2.1907137422699283
-2.190304587553079
-2.190221832594348
-2.189799194450651
-2.1897222739087363
-2.1893011723850533
-2.1892257407044093
-2.188818442909304
-2.188740327313149
-2.188364768226169
-2.188277920885004
-2.1879780096167045
-2.187870493463938
-2.187283553636239
-2.187283228570093
-2.1863241256489143
-2.1863004950803373
-2.18602763334614
-2.186021082431351
-2.185653923798034
-2.185647711977175
-2.1852652677045974
-2.1852510363116195
-2.1848796056198605
-2.1848596762455754
-2.1845089116158816
-2.184484172448338
-2.184162916635039
-2.1841332623877903
-2.18385494219202
-2.183819163650373
-2.1836118799342072
-2.183566788812684
-2.1833095691612376
-2.183309404916065
-2.1821933737037282
-2.182190042730831
-2.1820707115619062
-2.1820707024216617
-2.1819075694875285
-2.1819033276822895
-2.181735196005739
-2.1817275171700516
-2.1815726440116054
-2.181562413834109
-2.1814295470416494
-2.181417409371201
-2.1813111644528007
-2.1812975346986874
-2.181220750932659
-2.181205781690572
-2.181161098778539
-2.181144304160907
-2.1811006373914923
-2.1811005610175087
-2.154355199736735
-2.154336363415505
-2.1543133133387515
-2.154294301722867
-2.1542448956957796
-2.1542255756754556
-2.154152251210759
-2.1541324637540207
-2.154039125074247
-2.1540186730069637
-2.1539114602118974
-2.15389009969696
-2.153778749517127
-2.1537562041583675
-2.153656064807172
-2.1536321174677657
-2.153565442545061
-2.1535401935569474
-2.151707347621834
-2.1517073446232917
-2.151557785045005
-2.1515576014592788
-2.1514056361804275
-2.1514049238810795
-2.151174905185858
-2.1511728810947197
-2.150890402973135
-2.1508871846630075
-2.1505694549059724
-2.1505652334312533
-2.1502248492643323
-2.150219729162635
-2.149869019708767
-2.149862928736261
-2.1495209321194926
-2.149513491147829
-2.1492249066483833
-2.149215361165673
-2.1480846484439855
-2.1480846377504457
-2.147618841582833
-2.147610044615927
-2.1472994413630415
-2.1472907129002605
-2.1468959474397233
-2.146886541893888
-2.14645685944559
-2.146445587430868
-2.146000890747686
-2.1459863658659897
-2.145538321804064
-2.14551861557815
-2.145079043837091
-2.1450509927173393
-2.1446401655752916
-2.1445979012613825
-2.144267121745027
-2.1442000477266268
-2.1434117002179547
-2.1434116306709803
-2.1426100688888803
-2.142511877982449
-2.142221743266079
-2.142150860227217
-2.141763069650575
-2.141708851642002
-2.141281529875343
-2.141237426197296
-2.1407939009721724
-2.1407565570992086
-2.1403097873109376
-2.1402774415691432
-2.139839432052605
-2.139811166962198
-2.139401167929455
-2.139376521671636
-2.1390402121387586
-2.139018551968088
-2.1385166749759774
-2.1385166659878783
-2.1371895020052687
-2.1371566451447275
-2.1368655189351213
-2.1368367084961037
-2.1364708143117985
-2.1364454799728967
-2.1360578434376443
-2.1360355088953087
-2.1356508934651117
-2.1356313970958265
-2.1352665491766407
-2.1352499340309024
-2.1349218023771424
-2.1349081612246663
-2.1346380638005766
-2.1346272425862907
-2.134442212576814
-2.1344332638402364
-2.134245645031206
-2.134245638003809
-2.1312803582694935
-2.1312214482483745
-2.131147126391071
-2.1310904950130096
-2.1309593918974277
-2.1309053836309655
-2.1307473996891386
-2.1306957359162686
-2.1305349640132922
-2.1304851636074527
-2.13033965862566
-2.1302912442469863
-2.1301745684028015
-2.130127130214255
-2.1300495230180183
-2.1300027236862866
-2.1299715956583203
-2.129925155465679
-2.1196534366926043
-2.119652246190984
-2.119642062838346
-2.1196270780198785
-2.119539832127287
-2.119526801420652
-2.1194044186198515
-2.119392082927914
-2.119221799469417
-2.1192098977099993
-2.1189993466176076
-2.1189879574376564
-2.118746101078973
-2.1187354645294176
-2.1184744947571073
-2.1184650287080227
-2.1182052942681895
-2.1181976459007954
-2.117981317935496
-2.1179761424732497
-2.1165953124638945
-2.116595224836159
-2.116339816345022
-2.1163067887683527
-2.116087997225511
-2.1160614894523473
-2.115741066393877
-2.115718279071836
-2.115352740312285
-2.115332498146011
-2.114943732570547
-2.1149257242494137
-2.114525185268348
-2.1145096280791744
-2.114106585719095
-2.1140942793340622
-2.113702607948488
-2.1136953374883305
-2.1133534994895595
-2.1133524208468355
-2.112396749161794
-2.112396682267637
-2.111862270707403
-2.1117984295972487
-2.1115362426704016
-2.1114843341523524
-2.1111346927990065
-2.1110893469405285
-2.1107091555439803
-2.1106669192140357
-2.110276679762568
-2.1102355767733543
-2.109845789528138
-2.109804305612451
-2.109424358129931
-2.109380788648629
-2.1090259529480506
-2.1089775733341014
-2.1086873326855122
-2.1086289690074467
-2.10804758645865
-2.108047521072373
-2.1071915015055906
-2.107187965011409
-2.1068899247260076
-2.1068853561873646
-2.1065266517434362
-2.1065167872419224
-2.10614396461119
-2.1061308176207425
-2.1057597713830685
-2.1057443739675863
-2.1053841448819735
-2.1053669528671315
-2.1050269022945396
-2.105007957819915
-2.1047035717542166
-2.104682436490193
-2.104446962294197
-2.1044223534703392
-2.1041151195746517
-2.104115085128281
-2.1029106334713275
-2.1029028572001867
-2.1027165403256136
-2.1027075700200815
-2.1024750236982968
-2.1024651959171776
-2.102225280128787
-2.1022149979021334
-2.10198760177217
-2.10197714937946
-2.1017744523490762
-2.101763992611309
-2.101595066628632
-2.101584638290091
-2.1014568185515268
-2.1014462822359654
-2.101365730936449
-2.1013545431674174
-2.1012769049698194
-2.1012768831900206
-2.0957824924530217
-2.0957334867805573
-2.095720422296843
-2.095671236104604
-2.09562261802442
-2.0955730574893265
-2.09549665938594
-2.0954464409135265
-2.0953519799422575
-2.0953007263833348
-2.0951996534481525
-2.0951469182856566
-2.0950527754109527
-2.09499812339838
-2.0949270950850467
-2.0948702976100204
-2.094840572077334
-2.094781940902763
-2.092701971130774
-2.092701967890892
-2.09261117327383
-2.0926033253220666
-2.0925134901916858
-2.0925037883212827
-2.092363441629276
-2.0923510747150904
-2.0921785437094593
-2.092163327593139
-2.091972393606016
-2.091954365509262
-2.0917555236567935
-2.0917346751679564
-2.091537576043052
-2.0915136933394662
-2.091331404983543
-2.0913039327084744
-2.0911633111640313
-2.0911315132664186
-2.090444460341114
-2.090444459414439
-2.09022239346113
-2.090206449666417
-2.090062374616685
-2.090042135795233
-2.0898625770388053
-2.0898381216958346
-2.089649453811012
-2.0896206849607255
-2.0894337642210705
-2.0893999836727293
-2.089221318293452
-2.089180976416594
-2.0890173079942036
-2.0889673742343606
-2.0888300355266467
-2.0887645048058303
-2.0886794661827226
-2.088587414560668
-2.08826828302787
-2.0882682296913684
-2.087994226737674
-2.087917684448993
-2.087837108705433
-2.0877868307619583
-2.0876627470569455
-2.0876280783946832
-2.0874874608122687
-2.0874618940524337
-2.087316440031616
-2.087296397834985
-2.0871524821350778
-2.0871357489318436
-2.0869984897835314
-2.0869833990972553
-2.0868597325623064
-2.086844654918529
-2.086749512132642
-2.0867325789512527
-2.08657816201219
-2.086578158113454
-2.086238881162575
-2.086228396518524
-2.0861492120236957
-2.0861417993176206
-2.086045617925786
-2.0860401890452125
-2.085941724929558
-2.0859376312624547
-2.0858429272529113
-2.0858399340264753
-2.0857523559291953
-2.0857504686478916
-2.08567296551441
-2.085672320989738
-2.0856094131541956
-2.085608680502488
-2.0855670927795917
-2.0855651147424874
-2.0855234897552273
-2.0855234891043493
-2.0850970823246078
-2.0850754927555597
-2.085074777332173
-2.0850544394705586
-2.085045204354108
-2.085026195472509
-2.085013861972919
-2.0849959628289096
-2.08498423822033
-2.084967182670812
-2.084958364865957
-2.0849419228759536
-2.084937416101648
-2.0849220760649687
-2.0849214039330564
-2.0849127373219773
-2.084906346735301
-2.0848971684937307
-1.9059204080124597
-1.9054312542379837
-1.8542357078013822
-1.8542140196486483
-1.8542040997362583
-1.8541867819783187
-1.854161703724387
-1.8541477745500299
-1.8541347858397987
-1.854128828492551
-1.8541136906399047
-1.8540883967978403
-1.8540851850491304
-1.8540502498850011
-1.854041045996517
-1.8540104945968678
-1.8539883523778673
-1.8539690078952558
-1.8539350198643112
-1.8539325152289852
-1.8538720713359536
-1.853866326386002
-1.853665876620179
-1.8536560825045343
-1.8535971236318654
-1.8535096927799788
-1.853446442656548
-1.8534072674000543
-1.8533851755682118
-1.853300660278157
-1.853294030933624
-1.8532016738054298
-1.8531716015675683
-1.8530933014790174
-1.853040848204087
-1.852979877368503
-1.8529025329012432
-1.8528678278688784
-1.8527717200643334
-1.8527583076066785
-1.8525573414309693
-1.8525113255411745
-1.8524616981257869
-1.852436814804367
-1.852268740887764
-1.8520976318683857
-1.8519221022970913
-1.8518973301654407
-1.8517806663126823
-1.8517443899875201
-1.8516253500521576
-1.8515679227911126
-1.8514479076549817
-1.8513987280851834
-1.8512556741802932
-1.8512480978838186
-1.8511367149469018
-1.8510522957480509
-1.850840187296896
-1.8506224442398327
-1.8504114244044043
-1.8502132786225711
-1.8500957420784205
-1.8500867968104004
-1.8498752406896364
-1.849641352079014
-1.8496298545446113
-1.8494928043211782
-1.8493753330555558
-1.849297076002084
-1.849114948367442
-1.8490767062916682
-1.8488507473545301
-1.8488435756806099
-1.8486064766128945
-1.8485854052693638
-1.8483767223385374
-1.8483242324369076
-1.8481792648973772
-1.8480822028582862
-1.847832792077733
-1.847831481265817
-1.8471871785414322
-1.8471291514893775
-1.8469775685628178
-1.8468996818049457
-1.8467306917633335
-1.846687558192386
-1.8464679415742038
-1.8464472562343934
-1.8462061173314062
-1.846202216098737
-1.8459656706083145
-1.845955469109951
-1.8457494342853595
-1.8457263702609013
-1.8455671360140855
-1.8455317475768778
-1.8454362863990919
-1.8453880971741319
-1.845285582191649
-1.84528523864346
-1.8423901475299933
-1.8422993770179097
-1.84220760650055
-1.842158284640295
-1.8421248788496873
-1.8419919018634994
-1.841982309656909
-1.841821816025474
-1.8417891169623182
-1.8416315050185865
-1.8415961254777942
-1.8414383716140168
-1.8414202204802814
-1.8412779581163525
-1.8412598107069111
-1.8411847315137804
-1.8411134725719063
-1.8410164853241948
-1.8399340930875765
-1.8396432287971134
-1.8360953656320085
-1.8360950199298478
-1.8359838290244734
-1.8359362892327238
-1.8358231804487417
-1.835785097140942
-1.8355962749906158
-1.835567153500012
-1.8353173323673564
-1.8352980877486542
-1.8349996599040943
-1.8349918441555013
-1.8346628887374563
-1.8346565454857606
-1.8343310894970057
-1.8343052215941484
-1.834038644679582
-1.8339829635374754
-1.8333998065282289
-1.8333633797209925
-1.8325616756339569
-1.8325606460771922
-1.83214568983016
-1.8320607190193408
-1.8317530480996431
-1.831700901855085
-1.8313098755458515
-1.8312796627869887
-1.8308429226035399
-1.8308315614408857
-1.830370926624639
-1.830362190062408
-1.8299081708541916
-1.8298734089667084
-1.829458628994023
-1.8293827892140875
-1.829063972173054
-1.8289078550069735
-1.8280309037306393
-1.8279391396461608
-1.8279084468171571
-1.827878490715156
-1.8272199640119553
-1.8269587769377633
-1.8267170861956055
-1.82653327782044
-1.8262017235831975
-1.8260521336638655
-1.8256837172341998
-1.8255512165349952
-1.8251679091491932
-1.825042683855307
-1.8246601677710812
-1.8245336812242046
-1.8241726504633429
-1.8240328955793832
-1.8237430705843112
-1.8235641116043597
-1.8229115372566274
-1.8229096931902473
-1.8222674551431568
-1.8222026781144085
-1.8217369559842795
-1.8216843898355939
-1.8212738538740068
-1.8212501457318093
-1.8207925466452723
-1.8207825520624685
-1.8203132959203614
-1.8203110193666994
-1.8198482127966198
-1.8198453771125054
-1.8194048260998699
-1.819397805720699
-1.8189966763130299
-1.8189851387814966
-1.8186586024459364
-1.8186406243002193
-1.8182628731845039
-1.8182627499612722
-1.8169271311276576
-1.8169078772788294
-1.8167103743177528
-1.8166903286424623
-1.816447298319143
-1.8164316309826851
-1.8161679598636429
-1.816155051276555
-1.8159026351309313
-1.8158914941636257
-1.8156662708676854
-1.8156562919745822
-1.8154680252079085
-1.8154587900449213
-1.8153144861572124
-1.8153056050791483
-1.8152114410361235
-1.8152022582048042
-1.8151210742879371
-1.815121034577762
-1.799436357716048
-1.7993662025682349
-1.7992526902428945
-1.7991011711796694
-1.7989632544485545
-1.798919718420649
-1.7988872888670693
-1.798763558850617
-1.7987199938002991
-1.7985966247819973
-1.7985186818815473
-1.7983935022404356
-1.798339169965518
-1.798211340980463
-1.7981647245252554
-1.797926515266197
-1.797704662664956
-1.7975386148650727
-1.7951219073132623
-1.7951082015679762
-1.7947444938043429
-1.7947441024145716
-1.7945129489326117
-1.794399662562506
-1.7942275975124928
-1.7940656154253154
-1.7938621260595962
-1.7936455131165248
-1.7934469084282145
-1.7931746981542422
-1.793003228844094
-1.7926729412594105
-1.79255071596497
-1.7921554164886744
-1.7921166424759036
-1.791758240414931
-1.7916414534102476
-1.7911788113051532
-1.7899296816355459
-1.7899028046337955
-1.7898849443196287
-1.7896517473929863
-1.789395509436384
-1.7889683849367504
-1.788921637584554
-1.78852104107038
-1.7884039522201458
-1.788085651868369
-1.7878536396860216
-1.787683751749466
-1.7873357725518793
-1.7873034783616573
-1.7870634168769783
-1.7868883875608166
-1.7867715449457664
-1.7862768565767755
-1.7858450521496525
-1.7855103695678167
-1.7853067488467853
-1.7833671230412045
-1.7809912366973613
-1.7807303047984187
-1.780346001569416
-1.7798816477665245
-1.7794944021967758
-1.7793699340397517
-1.7792102139797348
-1.77899587593342
-1.778834610600876
-1.7786881080590233
-1.7783137208439703
-1.7782961489520228
-1.777895173168615
-1.7777811481862038
-1.7774536856398606
-1.7773474012915873
-1.7770144004477044
-1.7766211153189604
-1.7762520705605138
-1.7762507642393168
-1.7751152877642271
-1.7747744376199956
-1.7744987515102466
-1.7743157690281164
-1.7742318114525053
-1.773837127607818
-1.773823081858105
-1.7734008778900612
-1.7733317306676668
-1.7729623006040423
-1.7728619162819819
-1.7725440205552783
-1.7724320284496549
-1.7721650966942606
-1.7720656002801358
-1.7718464654157482
-1.7717984805321538
-1.7716135068915333
-1.7714453133348864
-1.7714448211761988
-1.7688572434460776
-1.7687083132690558
-1.7685046896928065
-1.7682820777548658
-1.768094680573604
-1.7680657231292785
-1.7679839306469003
-1.7678721965746107
-1.7678255804226712
-1.7677124117938507
-1.7676451042865717
-1.7675936403566852
-1.7675205952246051
-1.7674639179974159
-1.7672980202334956
-1.767158821992393
-1.7670542448468354
-1.766989512307538
-1.7573191571423155
-1.7565057703124831
-1.7435653554484674
-1.7434784513561303
-1.743411724914173
-1.7432927961826312
-1.7431205151837013
-1.7430846732629772
-1.7429918943473992
-1.7428970564177593
-1.7428433806595425
-1.7426460243957846
-1.7426267244355256
-1.742408430179961
-1.7423163954346348
-1.7421430510764029
-1.741978670884718
-1.741871643816968
-1.7416461849141596
-1.7416394255832428
-1.74115888984129
-1.7410033565202425
-1.7401128018076897
-1.7400701058771273
-1.7397351777496628
-1.7392602188985788
-1.7389880432069333
-1.738724211214732
-1.7386575246654437
-1.7382199051878349
-1.7381516979613314
-1.7377268396390866
-1.737552891836562
-1.7372069931845209
-1.736933486403959
-1.7366837436961733
-1.7362974365467125
-1.7361892572316309
-1.7357888798683263
-1.7356484219751245
-1.7347985272169462
-1.734551462334598
-1.7343559545735379
-1.7341150849856377
-1.7336589378779572
-1.7329834644565552
-1.7323139080526362
-1.7320328025049883
-1.7316559744112248
-1.7316116953962546
-1.7310551038637545
-1.731020577876638
-1.7304290196777579
-1.7304271156616402
-1.7299114493875172
-1.729764077229831
-1.7295380639184585
-1.7290755090293173
-1.72837222281693
-1.7276618019609704
-1.726965911451879
-1.726457073882345
-1.726132182748724
-1.7257525529902467
-1.7254347834998986
-1.7249462890144054
-1.7247083902622653
-1.7245027306682532
-1.723978772470487
-1.7239453992198133
-1.723338101986935
-1.7232515422905437
-1.7227140206704237
-1.7225311918899653
-1.7220984676228264
-1.7218241302380772
-1.7215242030390918
-1.7211429890773908
-1.7210585554614848
-1.7205213313891063
-1.7200029897021787
-1.7199931785768867
-1.7182923811766777
-1.718120434404011
-1.7178454418559763
-1.7177333297809354
-1.717283785561609
-1.71727475367686
-1.7167613797686965
-1.7166999346689726
-1.7162471035395737
-1.7161335904087913
-1.7157630588230997
-1.7156076329260166
-1.715334386675924
-1.7151427313184469
-1.7149866972166765
-1.7147613509339714
-1.7147499008431633
-1.7144876302712428
-1.7143382034145445
-1.7143325507158562
-1.7066668805340528
-1.706507483654063
-1.706321674601784
-1.706258425765053
-1.7061719739300163
-1.7059424844644007
-1.7059336276743247
-1.7056250374044553
-1.7055870340419181
-1.7052706701427747
-1.7052218344930705
-1.704898844490002
-1.7048789161973033
-1.7045932598529672
-1.7045417397800309
-1.7044012142772256
-1.7042369765238607
-1.704027279506281
-1.701952545906913
-1.7012191303746658
-1.6980326545703557
-1.698028715295779
-1.6978480954296267
-1.6976278255690276
-1.6975395623830356
-1.6973610458663493
-1.6971242555892032
-1.6969844738830735
-1.6966347591646787
-1.6965359838369598
-1.6960965571504354
-1.6960446888094645
-1.6955369523218085
-1.6955296917618738
-1.695045993397473
-1.6949541580426635
-1.694636846816554
-1.6944084928995782
-1.693603216917469
-1.6933239068253985
-1.6926759277324055
-1.6926636278431686
-1.6921262186509802
-1.691727148468338
-1.691543912678289
-1.6912957227907106
-1.6909328277438733
-1.690789058730547
-1.6903154545326677
-1.6902654580133805
-1.6897533687111024
-1.6897011791225809
-1.6892769559325573
-1.6890973035150114
-1.6888680725134668
-1.6885762722598887
-1.688514573080189
-1.6879795836335987
-1.6875774719223426
-1.687306906375234
-1.686308878735342
-1.6861449418696968
-1.6858567722594955
-1.6853465644025707
-1.6848305527580572
-1.6843272898289015
-1.684145466489323
-1.6838968659143594
-1.6838490535175907
-1.6835443503803804
-1.683410527185633
-1.6831321674506081
-1.6830358972720416
-1.6827679369765907
-1.6826885415080397
-1.682230339091766
-1.6817677852318333
-1.681307169219371
-1.6808492226130383
-1.6807195169713987
-1.680464572891197
-1.6803404661780215
-1.679987574713202
-1.6799618679218051
-1.6797064537542317
-1.6795714284135923
-1.679404527026021
-1.6791728503573342
-1.6790931877711894
-1.6787930898656958
-1.6787917610438559
-1.678514865652522
-1.6784340441455343
-1.6782795434224764
-1.6781120898948223
-1.678098427002069
-1.677791148339208
-1.677524386195358
-1.677337440615878
-1.677281309471243
-1.6766921918182496
-1.6766658481577479
-1.6765461963988153
-1.6765294708148761
-1.6764359651128697
-1.676357030808041
-1.676311649105611
-1.6761918187916263
-1.6761895901852997
-1.676085940922987
-1.6760394658050652
-1.6759993123478951
-1.6759352184432919
-1.6759110218204223
-1.6758958481973236
-1.6758061025567441
-1.6757254113156754
-1.6756688650728861
-1.6756356986651668
-1.6755033952422207
-1.604632142220506
-1.6045988217512805
-1.604544308786008
-1.6044703448858728
-1.604395791351736
-1.6043798603903676
-1.6043601715803297
-1.6043015997973495
-1.6042776521753737
-1.6042214524908016
-1.6041715198804487
-1.6041221124201175
-1.604073809631973
-1.6040076763711733
-1.604002128200514
-1.603885363384635
-1.6037681084350626
-1.6036778041778605
-1.6022331958455418
-1.6022329847680143
-1.6021304480373464
-1.6021009176456342
-1.6019771164992476
-1.6019709196161198
-1.6017604373606689
-1.6017445996075015
-1.6014948639700033
-1.6014604438045348
-1.6011897624433207
-1.6011396368960735
-1.6008568382510453
-1.6007920219367486
-1.600508145827318
-1.6004266515864798
-1.600163145926703
-1.600057753167485
-1.5998680232409614
-1.5997239875688358
-1.598636166108171
-1.5986353558915518
-1.59828072819868
-1.598077071121099
-1.5979259201167413
-1.5977666535236725
-1.5974802747562165
-1.5973338171562317
-1.5970022438009812
-1.5968455028635071
-1.5965101726645774
-1.5963243583714886
-1.5960164997142707
-1.5957797634462734
-1.5955369720380508
-1.5952166004986479
-1.5950998744064393
-1.594763230630225
-1.5946380486330973
-1.59404705618894
-1.5933822612760136
-1.5933357364163874
-1.5928128458330666
-1.5921955949194664
-1.5916678929007995
-1.5915670655222591
-1.5913876385524475
-1.590954610713538
-1.5909333627407305
-1.590439423774472
-1.5902981250942552
-1.5898831734714365
-1.5896663229231391
-1.589309385045436
-1.589046717873694
-1.588736690631647
-1.5884583509228725
-1.588189673819782
-1.5879541577556704
-1.587720791880064
-1.587147677891358
-1.5871475104312778
-1.5855420657658459
-1.5851552111249576
-1.585128701875368
-1.5847942508881845
-1.5845985508197027
-1.5843094827199955
-1.5840320128305376
-1.5837799441350935
-1.583466147440232
-1.583247025596228
-1.582924665745566
-1.5827372175926804
-1.582430766924027
-1.5822745395670574
-1.5820134862941
-1.5818861397253356
-1.5817125250890618
-1.5816048697787866
-1.5813746810673337
-1.581374464545805
-1.5769789823980578
-1.5767761503479105
-1.5764860848496574
-1.576288141049346
-1.576152983803937
-1.5761082385469878
-1.5758455153318562
-1.5758134481719908
-1.5755375221167132
-1.5754961246257997
-1.575223823285286
-1.5752181615885017
-1.57501492124793
-1.5749157445910256
-1.574883506429407
-1.5746537049917249
-1.574451293044405
-1.574323398619601
-1.5639767806743725
-1.5637986687662462
-1.5613317685550592
-1.5613292602970297
-1.561206574549939
-1.561045204251196
-1.5609873301066637
-1.560836774794025
-1.5606735582596352
-1.5605276670526165
-1.5602803263639904
-1.5601386605329086
-1.559824739447034
-1.5596895051299824
-1.5593273799533502
-1.5592033085309938
-1.5588197465041378
-1.5587152510278999
-1.558371980558784
-1.558298859394752
-1.5567035395848325
-1.5564361794133803
-1.5559855267356095
-1.5559804085795705
-1.5554089771528388
-1.5550751479377507
-1.5547835866188764
-1.5545063564362513
-1.554086702577688
-1.5538416070839352
-1.5533544684508096
-1.553135748630803
-1.5526022013761696
-1.552412327361067
-1.5518401056216087
-1.551689682164533
-1.5510812188635132
-1.5509957079101278
-1.5504023356205976
-1.5503645174949066
-1.5487741101806731
-1.5487463994057937
-1.548517706970582
-1.547824877862784
-1.5476736430041202
-1.5469715143833815
-1.5468934733648325
-1.5463042044828386
-1.5461017759032178
-1.5455567440759859
-1.545310500423819
-1.5447789896552375
-1.5445285080424729
-1.5439888491956066
-1.5437683763626782
-1.5431964890861674
-1.5430566830832004
-1.5424665211787432
-1.5424128109982467
-1.5416648416554943
-1.540793607273134
-1.5407859149918053
-1.5396036681252139
-1.5394274982467486
-1.5389516736939441
-1.538950783029582
-1.5383122935118902
-1.5382115351216672
-1.537613963491747
-1.5374551301285253
-1.5369016923861742
-1.5367032386738415
-1.5361978657650235
-1.535967099346489
-1.5355217550202214
-1.535258680138992
-1.534902145000763
-1.5345983598391222
-1.5344023343167192
-1.5340330604430374
-1.5335430368333842
-1.5335406656160493
-1.5313431307801029
-1.531305603478523
-1.5310583690340351
-1.5309897649233415
-1.5306330244043433
-1.5305336748254845
-1.5301683622948432
-1.5300480575065465
-1.5297156323366607
-1.5295814886955517
-1.5293032440881427
-1.5291595795510484
-1.5289508645567875
-1.5287998510573353
-1.5286748908817327
-1.5285162766338907
-1.5284919783392197
-1.5283202636940225
-1.528211912117971
-1.5282095848360182
-1.5147358617355986
-1.5146126827220454
-1.5144164317063706
-1.5141599950403866
-1.5141584152472798
-1.5140318859134667
-1.5138606249223316
-1.5138293741502118
-1.5135628596857857
-1.5135402063093935
-1.5132485306391066
-1.5132264508552058
-1.5129543865758028
-1.5129073326350202
-1.5127652023038543
-1.512566877994989
-1.512264602944871
-1.512049055021163
-1.5077697760246787
-1.5077002850998145
-1.5076226261347612
-1.5076217375725802
-1.507317046869838
-1.5071970630176146
-1.5069434444763623
-1.506791612705981
-1.5064751125611293
-1.5062874748760664
-1.5059470721119137
-1.5057246403655422
-1.505385098968509
-1.5051284255556538
-1.5048128901941251
-1.504519803036776
-1.5042628911209486
-1.5039262560247433
-1.5038047631960965
-1.5034120484744256
-1.5016891483761259
-1.5016884899285317
-1.5013815071212324
-1.501159406704551
-1.5009029331127492
-1.5006366170949499
-1.5003360693767442
-1.5000260396566245
-1.4997317267426944
-1.4993755158502486
-1.4991199945658296
-1.4987103210156096
-1.498519118128619
-1.4980404529174094
-1.4979484485439436
-1.4974396669418337
-1.4973710123793564
-1.4970556413467486
-1.4967051122567203
-1.4960447563853718
-1.4953101232970725
-1.495244672416076
-1.494752539204471
-1.4941212941245268
-1.4938352245210162
-1.4935573340941235
-1.4935028742860479
-1.4931327806818102
-1.4928996466918139
-1.4926405419136564
-1.4923143891178277
-1.4921223315842982
-1.4917513436672354
-1.491599809183153
-1.4912180394090113
-1.4910876467521597
-1.4907305745973867
-1.490602518450741
-1.4903318825349121
-1.4901808742888618
-1.4896595341946148
-1.4896590924623063
-1.4885404017017663
-1.4883696166242015
-1.48822398199456
-1.4880951455552023
-1.4878433515756182
-1.4877434674788526
-1.4874543466486592
-1.487374264102359
-1.4870788399177666
-1.4870152550318019
-1.4867290610174888
-1.4866820552502666
-1.4864161512396312
-1.4863875240291426
-1.4861545403008793
-1.4861460579791208
-1.48597636454832
-1.485965521337464
-1.4857955675924837
-1.485795500937451
-1.4842262947075278
-1.4841299694045975
-1.4840032108499759
-1.4838695525669994
-1.4838570991019353
-1.4837808197893378
-1.4837435455214882
-1.4836757461005068
-1.4836335853075067
-1.4835605101327216
-1.4835445501499442
-1.4834793263967543
-1.4834486958770825
-1.4834396023442085
-1.4833491595301154
-1.483267477564388
-1.4832071156606081
-1.483170158859328
-1.4586625988707176
-1.4571899378256241
-1.4207255589239784
-1.4204331846188376
-1.4203951921297344
-1.4203313342523507
-1.420241230791246
-1.4201248714770107
-1.4200794612812047
-1.4200384290184
-1.4199828299163688
-1.4199715075789436
-1.4198810129949315
-1.4198166396617937
-1.4197706656491227
-1.4196466618658055
-1.4196300291351396
-1.4195202255420054
-1.4194344013899558
-1.4194134713422009
-1.4192149784164507
-1.4191655766468285
-1.418776509335661
-1.4186650200630955
-1.4184400899706837
-1.4181440825814904
-1.4178120034944228
-1.4176520578034773
-1.4174868452520695
-1.417453812461024
-1.417251715136446
-1.4170737410580438
-1.4169742297045715
-1.4166744276081167
-1.416674254819109
-1.416370009968264
-1.4162579604574612
-1.416085514905035
-1.4158621594010161
-1.4158258671789576
-1.4153650431093872
-1.4152431538728798
-1.4150170074661956
-1.4149407831455858
-1.4144792037484677
-1.414018883216363
-1.413563799978736
-1.4131222191466863
-1.412706455314287
-1.4124521095165201
-1.4123345264628915
-1.4122088584339596
-1.4120317572211867
-1.411857396966387
-1.4118297310777956
-1.411437409198427
-1.4109761246374426
-1.4104937365470416
-1.4100109922974378
-1.4095607338347067
-1.4092097606506235
-1.4075160547644647
-1.4074628289823243
-1.4071934717235162
-1.4068649061494383
-1.406387964556493
-1.4063141020925447
-1.4060483805142243
-1.4058371952681288
-1.4056707341153933
-1.405249332672509
-1.4052252375432635
-1.4047431302330402
-1.4046420363766219
-1.40425103080642
-1.4040262458630355
-1.4037824152430503
-1.4034130156559999
-1.4034009257089657
-1.4028245689521452
-1.4023199854432293
-1.4022961748312672
-1.4010980134102728
-1.4008853946453248
-1.4006082201592607
-1.4003631264904428
-1.4000381068662138
-1.399950402938144
-1.3994710556482448
-1.3994559470205383
-1.3989802553366695
-1.3988884331152256
-1.3985088098486667
-1.3983531795130222
-1.3980825549430151
-1.3978694007748933
-1.3977298782266838
-1.3974862382562285
-1.3974616978057837
-1.397160791810373
-1.3969972902930927
-1.396986347754698
-1.3912159494670844
-1.3910411632143875
-1.390770223059485
-1.3906830170443183
-1.390541341917981
-1.3904329145681587
-1.3903011636193758
-1.390062761212518
-1.3899851415405222
-1.3896925119924184
-1.3896241865498655
-1.389353958633331
-1.3892503235091818
-1.3890788401840846
-1.3888976198409864
-1.3888963524416122
-1.3885978469902016
-1.3883938357124659
-1.3873281493859602
-1.3862512813479457
-1.3813124503779879
-1.3812901660528416
-1.3811375664096432
-1.3808498424162212
-1.3807513509074516
-1.3805170165488618
-1.3804534769467416
-1.380171597669428
-1.379975495694269
-1.3797481751538498
-1.3794390822786196
-1.3792749333326335
-1.3788635185658884
-1.3787794971128104
-1.3782979587301818
-1.3782677084643933
-1.377898619774928
-1.3776844255078207
-1.3769786387525904
-1.376708678065512
-1.3759210764770704
-1.3758815124972437
-1.3753513268295618
-1.374715387723941
-1.3746108217841775
-1.3741926842348247
-1.374049340848646
-1.3736763719812988
-1.3733744097578926
-1.3731301887486624
-1.3727005743713954
-1.372590259091388
-1.3720862931731
-1.372037173570123
-1.3716547315161531
-1.3713997938641935
-1.3713484611267517
-1.3708266330604173
-1.3704211363132122
-1.3702084003928923
-1.3688202370517795
-1.3687047319150674
-1.3682142578360659
-1.367639121843148
-1.3670469109070802
-1.3664652741787293
-1.3659135562916107
-1.3655347739829615
-1.3654139437801225
-1.3652637871352429
-1.3649985012357844
-1.3648642742941965
-1.364713401536548
-1.3643798526636932
-1.363842251577065
-1.3632724381295434
-1.3626842913479282
-1.3620880049641981
-1.3614971299089267
-1.3609970408663326
-1.3608335128063984
-1.3607583165364432
-1.3602657151530342
-1.3601796243336606
-1.3598720092598549
-1.3596820046917335
-1.3594843641959171
-1.359106735646758
-1.3590668578343967
-1.3586498193245247
-1.35854497121386
-1.3582583726367286
-1.358000630105671
-1.3579219066904542
-1.3576825836217257
-1.3574783019815435
-1.3569852436684684
-1.3565381798136706
-1.356195541390191
-1.3560454893774596
-1.355286509726882
-1.3552282753871836
-1.3550118496694583
-1.354978912676249
-1.3548253292634758
-1.3546538993667392
-1.354610256737838
-1.354399235570767
-1.3543413148419599
-1.3542100719738281
-1.3540592753792817
-1.3540535881823057
-1.353936944820258
-1.3538649940758911
-1.3538152050974386
-1.3536131823146365
-1.353455569349371
-1.3533433967407353
-1.3532765738219052
-1.352860631611338
-1.3307249969351387
-1.3306779485734819
-1.330601869719287
-1.3305005094909574
-1.3303796507745766
-1.3302477167410423
-1.330116526482721
-1.3300017478435486
-1.329925992444054
-1.32992172592072
-1.3298706490273833
-1.3297793731291252
-1.3296542044946849
-1.32949900511766
-1.3293204452632659
-1.3291298558433469
-1.3289468985314958
-1.3288050234712299
-1.3278309396362784
-1.3272332307167936
-1.326730905783373
-1.3267290897366066
-1.3266026086113534
-1.3264013882393813
-1.326346509421508
-1.3261371687863446
-1.3260948302179623
-1.3258320089949585
-1.3257634211217142
-1.3255039940141529
-1.3253871702614997
-1.3251710460227233
-1.3249860502077309
-1.3248575868760186
-1.3246087658843526
-1.3245752136199054
-1.3241726260921531
-1.3238161840171725
-1.3231991060397217
-1.3231702521800415
-1.3229380374437707
-1.322932852287521
-1.3226979001674863
-1.3224199085442896
-1.3221297057381067
-1.3218535670165137
-1.3217496927622348
-1.321607186387634
-1.3214469970445963
-1.321402267347061
-1.3212483023388635
-1.321152694868694
-1.3210920320666426
-1.3207340981241487
-1.3203967620139347
-1.3200959091382989
-1.3198448970422376
-1.3196555598506385
-1.319537617117113
-1.3150687832864418
-1.3120390123559396
-1.3119571385278057
-1.3118351024452326
-1.311640092315222
-1.3113827847790485
-1.3110754077560456
-1.310730829999771
-1.3106720165061312
-1.3105696192346799
-1.310406505629356
-1.310363150931271
-1.3101923785201899
-1.3099918274066984
-1.3099389702241384
-1.3096603912863807
-1.3096592431360918
-1.3093761185970114
-1.309120925673943
-1.3088690245762036
-1.3088686009492487
-1.3081143444003556
-1.3078302827714816
-1.307606994829662
-1.3074473280139982
-1.3071769169789569
-1.307038414463408
-1.3069041716571306
-1.306629158725111
-1.306579790615974
-1.306243543662268
-1.3062343090121924
-1.3059170972819407
-1.3058681544042818
-1.3056178821537527
-1.3055500859523108
-1.3053643539013315
-1.3053114714072394
-1.3051785239541884
-1.3050344765153021
-1.3050342588544852
-1.3028697614077498
-1.302735615331608
-1.3025498181349928
-1.3023443075229633
-1.3021424801876673
-1.3019602107130623
-1.3018274995067272
-1.3018084172716724
-1.3017498280438506
-1.301694770221402
-1.3016274557327352
-1.3016245108120585
-1.301477368971109
-1.3013185073857518
-1.3011671779583103
-1.3010362534953994
-1.3009355574502137
-1.30087219894736
-1.2997925285470744
-1.2980800266401045
-1.2885185431754778
-1.2885182432104143
-1.2884611398719614
-1.2884230439603293
-1.2883706852929506
-1.2883377032587036
-1.2882378316197114
-1.2882094326915952
-1.2880667955179756
-1.2880440668253816
-1.287862920774042
-1.2878479255361637
-1.2876335605380844
-1.2876297484231167
-1.2874041779943897
-1.2873907205307775
-1.2872028809818998
-1.2871613417715804
-1.2868616496441398
-1.2868447573578108
-1.2859461124273643
-1.2859444381816296
-1.285680235114989
-1.2855259813736688
-1.2853754317112296
-1.2852595728751537
-1.2850244395387693
-1.284933344855203
-1.284649686350611
-1.2845794556280976
-1.2842605818219455
-1.2842131188438386
-1.2838623461270215
-1.283845989304746
-1.2834943362980105
-1.2834590349388386
-1.2831963596232003
-1.2830573426427565
-1.2824998721315173
-1.2823963576928763
-1.2822696380090788
-1.2822358032082166
-1.2817856693607448
-1.2813783202610947
-1.2812059668692928
-1.2809738055645215
-1.2809103230894794
-1.2805764364209409
-1.2805474645021147
-1.28019157880739
-1.28015702359069
-1.2798284232111574
-1.2797538933906227
-1.279505349144662
-1.2793446083180962
-1.2792614003494038
-1.278932355201617
-1.2785181190900732
-1.278091638736823
-1.2779236005269747
-1.2777371701158313
-1.2777148575711479
-1.2773105532034672
-1.2770160822857655
-1.2769067242995524
-1.2767671676860526
-1.276509815747072
-1.276459126448958
-1.2761297416677084
-1.2761197046446429
-1.2757968758128186
-1.2757376774891673
-1.2754731526336887
-1.275366305921697
-1.2751745164839063
-1.2750111114855938
-1.2749340192191447
-1.274687387992367
-1.2744166137997455
-1.274410843523673
-1.2736317981333543
-1.2735854707615113
-1.2733822782648467
-1.2732755349492386
-1.2731038492313862
-1.2730642002849621
-1.2728232440725695
-1.2728188226416803
-1.2725829776791708
-1.2725456950706433
-1.2723589631479075
-1.272294643321265
-1.272162753831045
-1.2720747098594638
-1.272005489831801
-1.2718997919745667
-1.2718956516733493
-1.2717678994029489
-1.2717002592935414
-1.2716958248310881
-1.2682404636342055
-1.268179004288226
-1.2680805675711162
-1.2680060814915488
-1.267953433948763
-1.2678570032864542
-1.2678087694581226
-1.2677745330440444
-1.2676589359010484
-1.2676550878522
-1.2675171547669675
-1.2675113385785663
-1.267397971177219
-1.267355144610256
-1.267317044982162
-1.2671987563878657
-1.2670561282783277
-1.266944081636149
-1.2668809974521336
-1.2665349781895097
-1.2650854441483332
-1.265080549370609
-1.2650133330523894
-1.2648967985188315
-1.264892972013313
-1.2648055684139061
-1.2647355608259485
-1.264676489928818
-1.2645549108712955
-1.2645243992335367
-1.2643606705578354
-1.2643606566090537
-1.264195265963268
-1.2641593441533465
-1.2640401644554697
-1.2639556589925276
-1.26391636378024
-1.2637543836574532
-1.263560368968793
-1.2634999769822899
-1.2633264970044467
-1.26330389558361
-1.2631260089255227
-1.2629444231130378
-1.262941598169669
-1.262839952236182
-1.2627627172120233
-1.262714785919297
-1.2625934576757132
-1.2625884772254732
-1.262471088749839
-1.2624373344299085
-1.2623695591904678
-1.2622986769744757
-1.2622900649735882
-1.2622387061328624
-1.2621831632996494
-1.2620975329202717
-1.26204714582101
-1.2619883842100388
-1.2613111043378276
-1.2607888747473726
-1.260743688880882
-1.260677811871186
-1.260600522075552
-1.2605199615503675
-1.2604428656769593
-1.260375020018137
-1.2603216487187108
-1.2602873545053737
-1.2598048321003095
-1.259774435007979
-1.25972646025592
-1.2596641905927028
-1.2595911719792452
-1.2595108295964577
-1.259426454260912
-1.259341887990772
-1.259265188349312
-1.2591355221474356
-1.2590948383193423
-1.2590920380476947
-1.2590451980146442
-1.259028884568818
-1.2590164362340466
-1.2589780009216514
-1.25895054158294
-1.2589351652042282
-1.2588920765919354
-1.2588697170021723
-1.2588524526464309
-1.2588199730400018
-1.2587983483162497
-1.2587903570558137
-1.2587139050466793
-1.2586410967219348
-1.258572389924845
-1.2585081058427539
-1.2584485072133693
-1.2584017200545454
-1.2583969963454587
-1.2583931032927183
-1.258365838990692
-1.2583515211537946
-1.2583436290110703
-1.2583340218632728
-1.2583163191807398
-1.2583002051579142
-1.2582988521113496
-1.2582868010103285
-1.2582768111122382
-1.258270663961751
-1.2582591972615536
-1.2582247400964046
-1.2581955286364084
-1.258171595875097
-1.258152964046643
-1.2581396474329152
-1.2581316545507726
-1.2576204582404222
-0.6733283691989939
-0.673323511119995
-0.673315682120715
-0.6733053131074884
-0.6732930650584584
-0.6732798795038372
-0.673267015466204
-0.6732560170154354
-0.6732485210744322
-0.6729555760457626
-0.6729485256352462
-0.6729368330413854
-0.6729205955331847
-0.6728999761270251
-0.672875253876923
-0.6728469597293794
-0.6728163186537948
-0.6727870298411062
-0.6727704796752035
-0.6727686733573627
-0.672703022117776
-0.6726847975828727
-0.6726560240464728
-0.6726501732149809
-0.6726189387437008
-0.6726102052870352
-0.6725761689698395
-0.6725618705257178
-0.6725306730434067
-0.6725093390920479
-0.6724860228757615
-0.6724545182677719
-0.6724468724300191
-0.6724191806042147
-0.6723990460335837
-0.6723451025548582
-0.6722963417332413
-0.6722592835922935
-0.6722409147787838
-0.6722354427682059
-0.6719354990130706
-0.6719022404037757
-0.671859472121106
-0.6718538183412242
-0.6718245681557846
-0.6718144116181055
-0.6717827782819243
-0.6717712878388364
-0.6717347532330953
-0.6717328108620072
-0.6717009226954339
-0.6716857099054087
-0.6716770826459527
-0.6716623457470158
-0.6716397871871871
-0.6716003298125052
-0.6715700449017811
-0.6715509947983765
-0.6702442370177817
-0.6699082022834186
-0.6682714477378165
-0.6682368108074836
-0.6681804984983643
-0.6681045307037259
-0.6680116334483369
-0.6679053963070491
-0.6677909674550812
-0.6676771910327509
-0.6675824092007208
-0.6675763850558418
-0.6675544056586001
-0.6675188899192767
-0.6674715701851694
-0.6674150114258998
-0.6673528009957764
-0.6672898191868905
-0.6672324516418876
-0.6671883438637214
-0.6671575960832365
-0.6671574492591346
-0.6668708354604906
-0.6667590327930711
-0.6666131262833219
-0.6664528447546141
-0.6662889812996583
-0.6661377957261392
-0.6661296024242849
-0.6660900680821583
-0.6660203272252033
-0.665983206454425
-0.6659382682212861
-0.6658606097908396
-0.6658525745395234
-0.6657759075672741
-0.6657705452799642
-0.6656982479187262
-0.6656405281601963
-0.6656007579874084
-0.6655798326291241
-0.665579080604386
-0.6642633106950486
-0.6641970676046575
-0.6641031029974142
-0.6639962239798348
-0.6638883971727104
-0.6637886988485596
-0.6637040471380165
-0.6636397214785899
-0.663599551347151
-0.6619504237890635
-0.6619187958749712
-0.6618697001078332
-0.6618080355759832
-0.6617398012672658
-0.6616715373270619
-0.6616097969595572
-0.6615606110003388
-0.661528913054267
-0.6568926718080849
-0.6564638368047921
-0.6564197118403461
-0.656368457640135
-0.6562766583007565
-0.6561705131438577
-0.6561464869003759
-0.6560915602731078
-0.65599491902396
-0.6559827940976134
-0.6558575822270255
-0.6557917943810684
-0.6556882222537741
-0.6555819418116516
-0.6554958326856367
-0.6553677516050668
-0.655292005209462
-0.6551819959217633
-0.6550950414141937
-0.6549382619179268
-0.6541896344440916
-0.6540196644591183
-0.6539909537851081
-0.6537685965657575
-0.6534700897324829
-0.6533012923838679
-0.6531429504089727
-0.6531366594211796
-0.6528980138211617
-0.6527824552275041
-0.6526056748661869
-0.6524141451996067
-0.6522906073832541
-0.6520360898125811
-0.6519683848892296
-0.6516537779472861
-0.6516530209889654
-0.6513679391078474
-0.6512774329592076
-0.6511490919718023
-0.6505838764935291
-0.6505532295678425
-0.6503822292472649
-0.6499888861906725
-0.6495870407222871
-0.6491850886460516
-0.6487892788502984
-0.6487367496393697
-0.6485765311147188
-0.6484072463467284
-0.6483065553805591
-0.6480512696389207
-0.6479708315277266
-0.6477432322050607
-0.6475973737804092
-0.6475214525270029
-0.6472018547246422
-0.6467937526876938
-0.6463805454437427
-0.6459733172377682
-0.6456101448263747
-0.6455776836511308
-0.644976144555039
-0.644925832310211
-0.6448029283874427
-0.6445658834679229
-0.6445281420400298
-0.6442038538514019
-0.6441578423878556
-0.6438605926615147
-0.6437437254253094
-0.6435179428546459
-0.6433335868298405
-0.6431933868525362
-0.6429334152273869
-0.6429096257542486
-0.6427029829610555
-0.6425500118182018
-0.6421946684840371
-0.6418913876379474
-0.6416960067785957
-0.6416586637252728
-0.6406191960365989
-0.6404943149143821
-0.640452228918358
-0.6403099135758604
-0.6402808495058395
-0.6401024433806273
-0.6400507707393257
-0.6398975855860578
-0.639810549595851
-0.6397114694377011
-0.6395835921288567
-0.6395550312993833
-0.6394364811906843
-0.6393817906048841
-0.6393622755715614
-0.6392122824919582
-0.6390796790962434
-0.6389864701370456
-0.6389325412103991
-0.6388182258736014
-0.627449275660015
-0.627403598207202
-0.6273314642797704
-0.6272387059102114
-0.6271331785699945
-0.627024435755685
-0.626923199521268
-0.6268404647078089
-0.6267861100661521
-0.6245807676039635
-0.6245111876174169
-0.6243981758548526
-0.6242462880618616
-0.6240623160829846
-0.6238561408257657
-0.6236425748901393
-0.6234446850637332
-0.6232972411627735
-0.6211280104186343
-0.621100180946908
-0.6210962208795207
-0.620993909055219
-0.6208431545658977
-0.6207602047873628
-0.6206478503134194
-0.620579487865441
-0.6204215586646546
-0.6202884861547469
-0.6201799558294951
-0.6199419921285585
-0.6199347086167626
-0.6197322741787629
-0.6195829019492477
-0.6195454530037693
-0.6191386813766514
-0.6187301103857085
-0.6183408734742966
-0.6180158490938372
-0.6172830682180435
-0.6172813414839026
-0.6172433422952865
-0.6171008935813889
-0.6169153562192956
-0.6167097215922464
-0.6165064879506656
-0.6163215402558164
-0.6162673579605769
-0.6161663991398382
-0.6160495569324717
-0.6160192177738012
-0.6159770231014918
-0.6156973647306766
-0.6153608375489749
-0.6150388797119724
-0.6147490721299597
-0.614505080042736
-0.6143190904900178
-0.6142019752411347
-0.6132659009447855
-0.6090384744820145
-0.6038688676114223
-0.6037660583385049
-0.6036007113704961
-0.6033811070254537
-0.6031178914429244
-0.6028241748077992
-0.6026264416024748
-0.602550296749613
-0.6025171817951963
-0.6024254285563808
-0.6022550494050029
-0.6022234065302047
-0.6020438481406991
-0.6019905079325069
-0.6017981799815979
-0.6015268157869444
-0.6012437321732171
-0.600977981836854
-0.6007803968904355
-0.6007759469536365
-0.5999278560766316
-0.5997769087216748
-0.5996975730747041
-0.5994979610729578
-0.599382352244407
-0.5991627870954286
-0.5990313446919986
-0.5988108946513218
-0.5986737565161852
-0.5984602366125173
-0.5983292877809355
-0.5981236168761658
-0.5980157288822734
-0.5978146527884062
-0.597753704134133
-0.5975703725291273
-0.5975515199070388
-0.5973588078751122
-0.5972426227613594
-0.5972414995183095
-0.5953922365473923
-0.5952742929869742
-0.5951178935642214
-0.5950173398751538
-0.5949513423136402
-0.5949134868475775
-0.5947926652060661
-0.5947697986793489
-0.5946528103994059
-0.5946111809983601
-0.5945385890907755
-0.5944560815982899
-0.5944543436092454
-0.5944027935478273
-0.5943169252810617
-0.5942019123098096
-0.5941164233949902
-0.5940638681470419
-0.5760543921264407
-0.5689972064992115
-0.562761171593337
-0.5627270439582562
-0.5626730179148678
-0.5625719776265052
-0.5624625536655908
-0.5624232538138731
-0.5623799374114807
-0.5622483572120917
-0.5622286783017295
-0.5620735260044338
-0.5619916150719121
-0.5618622323170646
-0.5617177693688592
-0.5616247931091441
-0.5614185502495865
-0.5613805701864283
-0.5611716683515762
-0.5611252346615153
-0.5606561639524694
-0.5603524689918898
-0.5596510999619448
-0.5596331407210267
-0.5593158635100918
-0.5588703876123706
-0.5588286464155061
-0.5584911067239472
-0.5583607722480318
-0.558054404095108
-0.5578105244539702
-0.5575647776765971
-0.5572296031658006
-0.5570461150441581
-0.5566238329624453
-0.5565183693914603
-0.5560111972773565
-0.555998143925962
-0.5555907367477269
-0.5553615928447233
-0.5544031644771003
-0.5541521059681014
-0.5540395169768233
-0.5534872596286475
-0.5533066491168146
-0.5526124378916536
-0.552232424097679
-0.5519157561414254
-0.5517312586553947
-0.5512224819881879
-0.5511103928976527
-0.5505427490419568
-0.5504322251693051
-0.5498947733502184
-0.5497206050335665
-0.5493146922557879
-0.5489864164076711
-0.5488767062422799
-0.5482353332936979
-0.5474698102419914
-0.5466763138739941
-0.5463973018924271
-0.5459496499530645
-0.5452567957074428
-0.5451503752694962
-0.5444777769509619
-0.5443595584066645
-0.5439589870665738
-0.5435695069759464
-0.5433245972390757
-0.5427821157519754
-0.5426413439442475
-0.5420015059911315
-0.5419418139443154
-0.5412504076881611
-0.5412352063209767
-0.5405990761368688
-0.54049931486918
-0.5400563025536621
-0.5398386772845328
-0.5391684915375813
-0.539165910307777
-0.5372002179526321
-0.53688139921585
-0.5367491933143935
-0.536472988134393
-0.5361326734599543
-0.5359453383298688
-0.5354810475611175
-0.5353582009957498
-0.5348417927647928
-0.5347698057950094
-0.5342423571056897
-0.5342141419005013
-0.5337190568782837
-0.5337076244419731
-0.5333130116515803
-0.5332653722262355
-0.5330287861067099
-0.5329477596705514
-0.5327182008481484
-0.5327176342518966
-0.5248444910847274
-0.5246414709489303
-0.5243309787036078
-0.5239462345396277
-0.5238125594578921
-0.5236310801613757
-0.5235230278866507
-0.5233451135147514
-0.523097369239654
-0.5229787054873197
-0.5227058186748083
-0.5225620134014604
-0.5223860498472245
-0.5221747224147782
-0.5221289498170384
-0.5217172669334539
-0.5213698890480163
-0.5211335701606802
-0.5180723335490809
-0.51626889964047
-0.5136209703748658
-0.5136203829234386
-0.5133528951728957
-0.5132941233247016
-0.5129918620123737
-0.5129679984667223
-0.5125135669705048
-0.5124985814186803
-0.5119705135142407
-0.5119125386526896
-0.5113711437429451
-0.5112646020509236
-0.5107462839318357
-0.5105804047841923
-0.5101366640049374
-0.5098883603313497
-0.5096248208828458
-0.5092482639537576
-0.5080929298366968
-0.507656776856034
-0.5069782315470486
-0.5069745996140823
-0.5061959061859971
-0.5060589281483285
-0.5054810765311182
-0.5054466646903313
-0.504746496112477
-0.504706087078956
-0.5040185987402329
-0.5039084695074477
-0.5032904573405176
-0.5031008288354708
-0.5025860035198263
-0.5022888737660222
-0.5019423559348914
-0.5014752307527846
-0.5014385182982489
-0.5006584701874428
-0.49972915962296843
-0.49948990796333054
-0.4991691418231653
-0.498529265791819
-0.49832323405609913
-0.49753913708240605
-0.49726788758627744
-0.49677428185111033
-0.4967513505174458
-0.496115928887665
-0.4960288570789715
-0.49543365650901927
-0.4953078954580305
-0.494734100332641
-0.49462208208894226
-0.4940321484320896
-0.4939956417981897
-0.49349281311413196
-0.49333822683133244
-0.49266707382779473
-0.49196642103236465
-0.4919456792720958
-0.4911768971172116
-0.49099855150258453
-0.4905295444126709
-0.49038939446811636
-0.4899213021351153
-0.48991421024217663
-0.48938820280773565
-0.48932175853106413
-0.48885987230041833
-0.4887432755045353
-0.4883505031337358
-0.48819250486184973
-0.4878759509385595
-0.4876765740422836
-0.4874569542204007
-0.4872072349166602
-0.48713480424505473
-0.48681088250487975
-0.48651959644373505
-0.4865145855267427
-0.48520494776896606
-0.4851725387968109
-0.48499417176121656
-0.48496881887558047
-0.48475637645965686
-0.4847358597112804
-0.4845258338215698
-0.48447353471741206
-0.4843073398896904
-0.48423276596045695
-0.48411505879181194
-0.4840242451669557
-0.4839566468863765
-0.4838533238665519
-0.48383714843319026
-0.48376125216064164
-0.4837230596283299
-0.4836353062614358
-0.48359107588476563
-0.48358369396286627
-0.43423972962804824
-0.4341878333190264
-0.4341032900391776
-0.43398933185730515
-0.43385118977236764
-0.43369702316562847
-0.43353937046851476
-0.43340702179176677
-0.43339684456731403
-0.43335076018710506
-0.43329420738447816
-0.43325803963022175
-0.43313061986400136
-0.43297144769345164
-0.43278549656702703
-0.43258172411435947
-0.43237779217029026
-0.43221018196791977
-0.430615767876836
-0.4305675637333368
-0.4305475461858087
-0.4302778994590753
-0.43025734885961664
-0.430094520217996
-0.42993499660235923
-0.4298192915853535
-0.4295388278699059
-0.4294702093814127
-0.4291086752585101
-0.4290734379213667
-0.4286561692743818
-0.42864979868526293
-0.42822094542240974
-0.42819050040887774
-0.42781830149915256
-0.42772259934547846
-0.4275005900138706
-0.4272783732229682
-0.42631840054920606
-0.4262754089260741
-0.42613495050426126
-0.4256981709694
-0.4252680637125552
-0.42486075946372365
-0.4247947275447635
-0.4245322626733081
-0.42448940661538215
-0.4241652917879123
-0.4241564960012928
-0.4238990723575724
-0.42373518789918985
-0.4237005353598894
-0.42357778166659626
-0.4233115275843525
-0.42291442375815574
-0.4225676712555392
-0.422294031439963
-0.4221162096555948
-0.4213177560424354
-0.41673751594805
-0.4111330923581695
-0.41095545330322747
-0.4106715679035348
-0.4102969995710503
-0.40984980065337906
-0.4093495928895938
-0.4088192596689293
-0.40881589597598333
-0.4085259737968022
-0.4083765152203889
-0.40829274703155255
-0.40815081673316794
-0.4078661140784971
-0.4078419861312696
-0.4075408486558474
-0.4071978025248853
-0.40686796980784146
-0.40659658863253695
-0.40637911471847116
-0.4063784647376113
-0.4052832310056777
-0.40484456291184556
-0.40427700198654143
-0.40366603714957605
-0.40305510828066937
-0.4030510916820351
-0.40286345083309166
-0.40256708069533487
-0.40245776417750634
-0.402203966668517
-0.4019116364480993
-0.4018195794644201
-0.40144718827637643
-0.40144658836449376
-0.40111314118296976
-0.4011129555419685
-0.4008390601188555
-0.4006445377550877
-0.400529203585924
-0.40052779327671606
-0.39695218055669956
-0.39673361344859853
-0.39643280735367625
-0.39610083435603644
-0.3957746369815728
-0.3954795711040476
-0.3952334110294828
-0.3950488447130317
-0.39493462775586347
-0.3915588346095287
-0.3914688069130151
-0.391330585890445
-0.39115958700255493
-0.3909737103913747
-0.3907912197978464
-0.3906291239771306
-0.3905019844447748
-0.39042098383449275
-0.3814364988062717
-0.37921608738559487
-0.37340163013245276
-0.3731993215510761
-0.3730921994409975
-0.37290652268950447
-0.37264275645257666
-0.37240846251515314
-0.372306818597946
-0.37225764612010254
-0.3720180923858603
-0.37190858591712495
-0.37170399215734534
-0.371462668450711
-0.37133270864294377
-0.3709944325470491
-0.3709272129376865
-0.37056521251783875
-0.3705236231478548
-0.3701900851724344
-0.36943285642369195
-0.36902312600660564
-0.3682885475186847
-0.3681958921966826
-0.3677662094771816
-0.3671519585059721
-0.3664604247608435
-0.36628362412701976
-0.3658681434271213
-0.36572753051026324
-0.36531383154015107
-0.36496867532877886
-0.3646928964167282
-0.36419273557372184
-0.3640479299496413
-0.36341339611442786
-0.3634070438379703
-0.3628330686109953
-0.36262490675748993
-0.3623839593705449
-0.361434067565477
-0.3612394604233599
-0.36096920842713676
-0.3601657479083021
-0.3599245033217921
-0.3593748309417059
-0.3585966666198492
-0.3578409586180238
-0.3571221304121911
-0.35703039694043753
-0.3566020949156324
-0.3564638081096387
-0.3560084159830509
-0.35590637080776605
-0.3555151851890211
-0.35532209540346493
-0.35458387995415264
-0.3538161574670618
-0.3530320697855027
-0.352240341646839
-0.35144562187122
-0.3512727804800354
-0.35074330765758654
-0.350477454977386
-0.3501029574896284
-0.34985198961698216
-0.349628484447283
-0.34907407732738255
-0.3490605355039629
-0.3484551190722056
-0.34830748421697055
-0.3478479057236618
-0.3475574631456476
-0.3472702515457343
-0.3468300698176518
-0.3467624355023775
-0.3463898827064004
-0.34613447183169693
-0.34548771802193956
-0.3449289674082456
-0.34455981102733113
-0.34449078125858534
-0.34280458919898354
-0.3425942693175624
-0.3425842443846738
-0.3422595093517596
-0.34219571979745855
-0.3418801491561647
-0.3417789547513817
-0.34150471187971265
-0.3413429131539363
-0.34116240478306814
-0.34093180441146087
-0.3408732514631222
-0.34065289206523286
-0.3405663709422654
-0.34051423640859274
-0.3402591908236904
-0.34001880523237554
-0.3398502169372586
-0.33975344782366657
-0.3395832294436278
-0.32725495161145673
-0.3271950061155334
-0.32710152483667776
-0.3269834409597011
-0.3268520082356001
-0.326719821131191
-0.32659975295189897
-0.3265038001515834
-0.32644183977907987
-0.3218395619470205
-0.32176080036927907
-0.32163080406703815
-0.32145365023955086
-0.321237272770704
-0.3209941834424965
-0.3207429622714639
-0.32051130242377013
-0.3203393914748722
-0.3193459811206317
-0.31749546216919994
-0.3172168381731529
-0.3172125110406207
-0.317144023648504
-0.31701928985208105
-0.3168510313779646
-0.31667615749517786
-0.3166538013412678
-0.31644375147036474
-0.3164258708810573
-0.3162397156448503
-0.3160829764121679
-0.31606423328561384
-0.31594298214598926
-0.3156884390834988
-0.3152685694576286
-0.31484308230772207
-0.3144324496771757
-0.31407275074151975
-0.3136144754676156
-0.3133763720046478
-0.3132675872727958
-0.3132653735390306
-0.3131652552218352
-0.3130242451397388
-0.3128617497950491
-0.3126980959132189
-0.31254779688172857
-0.3124212596655269
-0.31232588900247915
-0.3122667089510078
-0.31203282042951197
-0.31178439479173115
-0.3114931084118431
-0.31120484703290685
-0.31094053559702284
-0.31071188642181635
-0.31052668766051383
-0.31039051563659925
-0.3103072598952002
-0.30507910350071166
-0.30013092162992294
-0.3000787506724876
-0.29999520380467937
-0.29988522386977856
-0.299800270497498
-0.2997594753714505
-0.2997555674204276
-0.29969299461375604
-0.2996149966368731
-0.29960315010424315
-0.2994933406444602
-0.29947495575257027
-0.29936835886499946
-0.299350758720867
-0.2992621819692729
-0.2992352775623868
-0.29910583691253256
-0.299001910169347
-0.29827515921997944
-0.2981373312649699
-0.2980858506712782
-0.29797949475168745
-0.2978287189193618
-0.29765985508816756
-0.2975973239248815
-0.29752414514554126
-0.2974853858482626
-0.2974100969485793
-0.29731209079796783
-0.2972734108959407
-0.29714477889331525
-0.29713011261830624
-0.2969922976460883
-0.29698872765733325
-0.29686973065865896
-0.2968555352185362
-0.29677135250474335
-0.29670621675536585
-0.29652703158152605
-0.29649872494820023
-0.2964533932966292
-0.29635582102689867
-0.2962546900370272
-0.29616207433553754
-0.29608143844392826
-0.2960142824125459
-0.2959614257124219
-0.29592336860376534
-0.2959004205728914
-0.29500104980828246
-0.29497656515192167
-0.29494056271715174
-0.2948983500319661
-0.2948549805751419
-0.2948146128690055
-0.29478038240935905
-0.2947545057183545
-0.29473843573784414
-0.28857329525777864
-0.25575833375335844
-0.16085603618057576
-0.1564746667618011
-0.15645563435545773
-0.15642410637661075
-0.15638040152955443
-0.15632504444898584
-0.1562589119352565
-0.1561836238024096
-0.15610278903811864
-0.15602685279053702
-0.15591089115996457
-0.1559021584490784
-0.15588824513364494
-0.1558701416985988
-0.15584928546214863
-0.15582759208053226
-0.15580746609422744
-0.15579182105022218
-0.15577734139624422
-0.15577731865643546
-0.15572524524451464
-0.15564004977429796
-0.1555411694886617
-0.15541694582912047
-0.15528072732517753
-0.15513819162470824
-0.15499352147914647
-0.15485166573213796
-0.15472063254767582
-0.15468398324622645
-0.1546667995860953
-0.15464067473780835
-0.1546162481899492
-0.15460877457938454
-0.15457465436866089
-0.15454186067984813
-0.15451370180788687
-0.1544931968318413
-0.1544772707173331
-0.1544772579484826
-0.15437285967477993
-0.1539294067945055
-0.15384449606232653
-0.15373943065214812
-0.15363194920141157
-0.1535313412116935
-0.15344311155515852
-0.15337097752095163
-0.1533176012060147
-0.15328483581818028
-0.14738185716450883
-0.14736176571002765
-0.14733030118780654
-0.14729034454361326
-0.14724562921072487
-0.14720044405132626
-0.14715925610676214
-0.14712626704948265
-0.1471049401388947
-0.1431413846193439
-0.13946365243940526
-0.13946144946872435
-0.13941958042750915
-0.13933877976835538
-0.13928144636411316
-0.13922091637289039
-0.13918089938556855
-0.13907032515467757
-0.13902566999852162
-0.13889377157839616
-0.13882272049551944
-0.13870221066875318
-0.13857841463486348
-0.1385147718308419
-0.13836589807723146
-0.13830025263805795
-0.13799938149857083
-0.1376990072828222
-0.13746765670077105
-0.13735881695803442
-0.1365117209510643
-0.13651111169641003
-0.1362248520626173
-0.13606145330195302
-0.13596584946933996
-0.13568096914512223
-0.13564272247374398
-0.13529010372340927
-0.13524644525855853
-0.1349308037041007
-0.13478608578611753
-0.1345871642564217
-0.1343119562937942
-0.13428849737362678
-0.13407625633280018
-0.1338333361175354
-0.1333625805036155
-0.13292484149393607
-0.13258340765614088
-0.1321811065963394
-0.1311761810053609
-0.13112065099219514
-0.13080393789550282
-0.1303780951703959
-0.13014346160402632
-0.1299184812342924
-0.12988224339039123
-0.1295188439082311
-0.12945793119003968
-0.12909839141594665
-0.12901681712757043
-0.12865011767875112
-0.12861563829541536
-0.12828155600880933
-0.12819666349730724
-0.12805205483184365
-0.12776344603315232
-0.1273908625894127
-0.12714491164226843
-0.12681152471750662
-0.12557332934389048
-0.12488997673704602
-0.12459677519594126
-0.12419127452024425
-0.12372943891942217
-0.12324230488021357
-0.12313774794692071
-0.12295013068595224
-0.12274728411102154
-0.12267524181370211
-0.12234773662147858
-0.12225687484105835
-0.12199675060842222
-0.12178558553152
-0.12164731074253754
-0.12136602888387488
-0.12132578855143447
-0.12106964381856675
-0.12079996418568195
-0.12079943281193957
-0.11991882534299644
-0.1198560037433497
-0.1195638459446611
-0.11920035924667875
-0.11883551474824947
-0.11849409896658473
-0.11849170596039374
-0.11834576758317045
-0.1181896043063673
-0.11815426306475282
-0.11795234310326153
-0.11793268963361872
-0.11776219398391519
-0.11773363877456562
-0.11760395244036632
-0.11759757648419743
-0.1174673998639745
-0.11737755088268924
-0.11733153147976857
-0.1173276515604339
-0.11474085056912334
-0.11174926324000459
-0.1117093455089921
-0.11164864027506516
-0.11157449829183516
-0.11149509564222362
-0.11141834120959461
-0.11135116624589828
-0.11129914151010631
-0.11126630311844438
-0.10005876742435388
-0.10001325504176618
-0.0999396638741951
-0.09984149349427969
-0.0997239398222839
-0.09959440028458405
-0.09946340045612798
-0.0993458672511149
-0.09926148261215002
-0.09794244444629628
-0.09776745744798673
-0.09776664135984249
-0.09775411079845016
-0.09773069942039138
-0.0976986991990508
-0.09766133718234944
-0.0976224024576544
-0.09758600638216036
-0.0975562438230125
-0.0975367054799536
-0.09746647411052999
-0.09735166296891505
-0.09718850844413923
-0.09699737865870849
-0.09679345891013132
-0.09658880254221068
-0.09639511127859657
-0.09622741816211938
-0.09610850567286262
-0.09589776894772059
-0.09579887882095595
-0.09579854798555537
-0.09578639263499183
-0.09576573316124344
-0.09573912099055847
-0.09571006546792675
-0.09568178410481858
-0.09565698358239519
-0.09563777544490962
-0.09562565713899678
-0.09506652011028321
-0.09497966852495046
-0.09487053096629224
-0.09475896532031558
-0.09465561493553183
-0.09456625433228835
-0.09449423082354284
-0.0944415823669085
-0.0944095463942959
-0.08512388298401241
-0.07619570455393841
-0.07526464486547314
-0.07526423027325749
-0.0752635844563769
-0.0752627705505911
-0.07526186816080777
-0.07526096559396776
-0.07526015122463921
-0.07525950483478856
-0.07525908977902991
-0.0694956234350298
-0.06948803819845448
-0.06947592680933835
-0.06946010486892623
-0.06944174787332746
-0.06942240561821361
-0.06940397657206525
-0.06938858540449892
-0.06937829847668933
-0.06876556097450302
-0.06872746364509884
-0.06872523079266508
-0.06872375574946964
-0.06872126482737684
-0.06871793368884138
-0.06871407861965075
-0.06871009462283484
-0.06870640635538594
-0.06870342062737383
-0.06870147723662998
-0.06859157367888091
-0.06857555117916159
-0.06855114029711977
-0.06852108993124595
-0.06848841147141303
-0.06845613545778867
-0.06842718753434167
-0.06840425332455569
-0.06838953870393072
-0.06829985927799524
-0.0682719615997963
-0.06827000070099373
-0.0682686012177654
-0.06826627052237519
-0.06826323237264076
-0.06825982723274054
-0.06825642626742431
-0.06825337846166185
-0.06825097851979395
-0.06824944752782783
-0.06763998930057262
-0.0676322671987138
-0.0676206998988704
-0.06760683568006319
-0.06759227761990128
-0.06757846258518926
-0.06756656155815227
-0.0675574577881591
-0.06755175966058591
-1.1547650307776352e-15
1.67965108321866e-16
0.06755175966058602
0.06755745778815939
0.06756656155815229
0.06757846258518914
0.06759227761990132
0.06760683568006304
0.06762069989887033
0.06763226719871407
0.06763998930057274
0.068249447527828
0.06825097851979443
0.06825337846166198
0.0682564262674249
0.06825982723274088
0.06826323237264106
0.06826627052237563
0.06826860121776568
0.0682700007009944
0.0682719615997965
0.06829985927799476
0.06838953870393089
0.06840425332455584
0.06842718753434125
0.0684561354577886
0.06848841147141313
0.06852108993124585
0.06855114029711941
0.06857555117916155
0.0685915736788809
0.06870147723663024
0.06870342062737407
0.06870640635538613
0.06871009462283478
0.06871407861965119
0.0687179336888413
0.06872126482737706
0.06872375574946954
0.0687252307926652
0.06872746364509906
0.06876556097450358
0.06937829847668893
0.06938858540449876
0.06940397657206497
0.06942240561821332
0.06944174787332778
0.06946010486892583
0.06947592680933809
0.06948803819845435
0.06949562343502952
0.07525908977903008
0.0752595048347886
0.07526015122463932
0.0752609655939676
0.07526186816080827
0.07526277055059093
0.07526358445637701
0.07526423027325754
0.07526464486547331
0.07619570455393888
0.08512388298401063
0.09440954639429595
0.09444158236690853
0.09449423082354282
0.09456625433228813
0.09465561493553196
0.09475896532031566
0.09487053096629224
0.09497966852495045
0.0950665201102832
0.09562565713899684
0.0956377754449099
0.09565698358239542
0.09568178410481866
0.09571006546792683
0.09573912099055862
0.09576573316124373
0.09578639263499206
0.0957985479855561
0.09579887882095621
0.09589776894771929
0.09610850567286312
0.09622741816211984
0.0963951112785968
0.09658880254221083
0.09679345891013115
0.09699737865870858
0.09718850844413915
0.09735166296891509
0.09746647411053011
0.09753670547995405
0.09755624382301281
0.0975860063821605
0.0976224024576547
0.09766133718234976
0.09769869919905096
0.09773069942039163
0.09775411079845031
0.09776664135984349
0.09776745744798698
0.0979424444462973
0.09926148261215009
0.09934586725111472
0.09946340045612792
0.09959440028458383
0.09972393982228428
0.0998414934942793
0.09993966387419498
0.10001325504176611
0.100058767424354
0.11126630311844433
0.11129914151010618
0.11135116624589811
0.11141834120959453
0.1114950956422239
0.11157449829183501
0.11164864027506495
0.11170934550899196
0.11174926324000453
0.11474085056912386
0.11732765156043386
0.11733153147976864
0.1173775508826894
0.11746739986397464
0.11759757648419743
0.11760395244036594
0.11773363877456584
0.11776219398391526
0.11793268963361904
0.11795234310326183
0.11815426306475305
0.11818960430636771
0.11834576758317013
0.11849170596039388
0.11849409896658465
0.11883551474824953
0.11920035924667863
0.11956384594466124
0.11985600374335
0.11991882534299614
0.12079943281193935
0.12079996418568172
0.1210696438185668
0.1213257885514345
0.1213660288838751
0.1216473107425376
0.12178558553152005
0.12199675060842227
0.12225687484105817
0.12234773662147837
0.1226752418137021
0.12274728411102159
0.12295013068595192
0.12313774794692123
0.12324230488021348
0.12372943891942224
0.12419127452024428
0.12459677519594149
0.12488997673704623
0.12557332934389032
0.12681152471750712
0.1271449116422685
0.12739086258941296
0.1277634460331524
0.12805205483184365
0.12819666349730738
0.12828155600880942
0.12861563829541547
0.12865011767875123
0.12901681712757057
0.12909839141594673
0.12945793119003995
0.12951884390823132
0.12988224339039134
0.1299184812342926
0.13014346160402665
0.1303780951703961
0.13080393789550304
0.13112065099219525
0.1311761810053611
0.13218110659633914
0.13258340765614107
0.13292484149393644
0.13336258050361563
0.13383333611753556
0.13407625633280013
0.1342884973736263
0.13431195629379386
0.1345871642564217
0.13478608578611764
0.1349308037041008
0.13524644525855856
0.13529010372340924
0.1356427224737439
0.13568096914512226
0.13596584946934004
0.13606145330195304
0.1362248520626173
0.13651111169641006
0.1365117209510643
0.13735881695803442
0.13746765670077127
0.13769900728282222
0.13799938149857063
0.13830025263805784
0.1383658980772319
0.13851477183084232
0.13857841463486356
0.1387022106687534
0.13882272049551966
0.13889377157839633
0.13902566999852164
0.13907032515467768
0.13918089938556863
0.13922091637289052
0.13928144636411333
0.13933877976835543
0.1394195804275094
0.13946144946872455
0.13946365243940537
0.143141384619343
0.1471049401388946
0.14712626704948287
0.1471592561067621
0.14720044405132612
0.14724562921072537
0.14729034454361314
0.14733030118780646
0.14736176571002782
0.14738185716450874
0.1532848358181803
0.15331760120601476
0.15337097752095158
0.1534431115551582
0.15353134121169387
0.15363194920141138
0.153739430652148
0.15384449606232653
0.15392940679450567
0.15437285967478057
0.15447725794848308
0.15447727071733353
0.1544931968318412
0.15451370180788712
0.1545418606798479
0.15457465436866089
0.1546087745793842
0.1546162481899485
0.1546406747378084
0.1546667995860954
0.15468398324622673
0.15472063254767604
0.15485166573213807
0.15499352147914633
0.15513819162470807
0.1552807273251775
0.15541694582912066
0.15554116948866195
0.1556400497742984
0.15572524524451395
0.15577731865643557
0.1557773413962444
0.1557918210502226
0.15580746609422774
0.15582759208053257
0.15584928546214868
0.15587014169859864
0.15588824513364505
0.15590215844907868
0.15591089115996487
0.15602685279053718
0.15610278903811894
0.1561836238024096
0.1562589119352565
0.15632504444898565
0.15638040152955432
0.15642410637661075
0.15645563435545778
0.15647466676180105
0.16085603618057442
0.2557583337533571
0.28857329525777864
0.2947384357378442
0.29475450571835443
0.29478038240935894
0.29481461286900534
0.2948549805751421
0.294898350031966
0.2949405627171515
0.29497656515192167
0.2950010498082825
0.2959004205728913
0.29592336860376534
0.2959614257124217
0.2960142824125458
0.29608143844392815
0.29616207433553743
0.29625469003702726
0.29635582102689867
0.2964533932966292
0.29649872494820056
0.2965270315815269
0.2967062167553659
0.2967713525047434
0.2968555352185363
0.296869730658659
0.2969887276573334
0.29699229764608837
0.29713011261830596
0.297144778893315
0.29727341089594084
0.29731209079796783
0.2974100969485789
0.29748538584826256
0.2975241451455412
0.29759732392488153
0.29765985508816756
0.2978287189193619
0.29797949475168745
0.2980858506712781
0.2981373312649702
0.29827515921997916
0.2990019101693469
0.29910583691253256
0.29923527756238666
0.29926218196927296
0.29935075872086664
0.29936835886499924
0.29947495575257027
0.29949334064446026
0.2996031501042429
0.29961499663687297
0.2996929946137559
0.29975556742042747
0.29975947537145
0.29980027049749775
0.2998852238697782
0.2999952038046792
0.30007875067248746
0.30013092162992283
0.3050791035007112
0.3103072598952004
0.3103905156365992
0.31052668766051383
0.31071188642181635
0.310940535597023
0.31120484703290696
0.311493108411843
0.31178439479173137
0.31203282042951214
0.3122667089510076
0.31232588900247893
0.31242125966552686
0.3125477968817285
0.3126980959132189
0.31286174979504927
0.31302424513973887
0.31316525522183536
0.3132653735390303
0.31326758727279574
0.3133763720046481
0.3136144754676156
0.31407275074151975
0.3144324496771757
0.3148430823077222
0.3152685694576286
0.315688439083499
0.3159429821459891
0.31606423328561445
0.31608297641216804
0.3162397156448501
0.3164258708810575
0.31644375147036496
0.3166538013412679
0.31667615749517813
0.3168510313779645
0.31701928985208094
0.3171440236485039
0.3172125110406199
0.317216838173153
0.31749546216919977
0.31934598112063145
0.3203393914748724
0.3205113024237702
0.32074296227146404
0.32099418344249675
0.3212372727707042
0.321453650239551
0.32163080406703826
0.3217608003692793
0.3218395619470207
0.32644183977908003
0.32650380015158337
0.3265997529518991
0.3267198211311912
0.32685200823560046
0.3269834409597012
0.3271015248366777
0.3271950061155334
0.32725495161145707
0.3395832294436279
0.3397534478236663
0.3398502169372585
0.3400188052323754
0.34025919082369016
0.3405142364085928
0.34056637094226516
0.34065289206523297
0.34087325146312225
0.34093180441146087
0.34116240478306825
0.3413429131539362
0.3415047118797126
0.34177895475138165
0.3418801491561646
0.34219571979745855
0.3422595093517595
0.3425842443846748
0.34259426931756237
0.3428045891989836
0.34449078125858545
0.3445598110273313
0.3449289674082454
0.3454877180219394
0.34613447183169677
0.34638988270640036
0.3467624355023776
0.3468300698176518
0.3472702515457341
0.3475574631456475
0.34784790572366175
0.3483074842169706
0.3484551190722055
0.34906053550396315
0.3490740773273827
0.3496284844472829
0.34985198961698216
0.35010295748962833
0.3504774549773863
0.3507433076575865
0.3512727804800354
0.35144562187121964
0.35224034164683904
0.35303206978550267
0.3538161574670617
0.35458387995415247
0.35532209540346477
0.35551518518902114
0.35590637080776616
0.35600841598305094
0.3564638081096387
0.35660209491563244
0.3570303969404375
0.3571221304121911
0.3578409586180237
0.3585966666198491
0.3593748309417058
0.35992450332179227
0.360165747908302
0.36096920842713676
0.36123946042335986
0.36143406756547697
0.36238395937054513
0.36262490675749
0.36283306861099557
0.3634070438379712
0.3634133961144285
0.3640479299496413
0.36419273557372184
0.3646928964167281
0.36496867532877886
0.36531383154015096
0.36572753051026324
0.3658681434271214
0.36628362412702
0.3664604247608435
0.36715195850597204
0.3677662094771815
0.3681958921966826
0.3682885475186845
0.36902312600660536
0.36943285642369195
0.3701900851724343
0.3705236231478544
0.37056521251783836
0.3709272129376862
0.37099443254704895
0.3713327086429435
0.3714626684507108
0.3717039921573452
0.3719085859171247
0.37201809238586014
0.3722576461201021
0.3723068185979456
0.3724084625151531
0.3726427564525765
0.3729065226895042
0.3730921994409972
0.37319932155107577
0.3734016301324526
0.3792160873855954
0.3814364988062716
0.39042098383449303
0.39050198444477485
0.3906291239771305
0.3907912197978467
0.3909737103913751
0.39115958700255515
0.39133058589044534
0.3914688069130155
0.39155883460952917
0.3949346277558632
0.3950488447130314
0.39523341102948256
0.3954795711040474
0.39577463698157256
0.3961008343560363
0.396432807353676
0.39673361344859825
0.3969521805566991
0.400527793276716
0.4005292035859238
0.4006445377550876
0.4008390601188556
0.40111295554196874
0.40111314118297087
0.40144658836449415
0.40144718827637665
0.40181957946442
0.40191163644809924
0.40220396666851693
0.40245776417750634
0.402567080695335
0.40286345083309105
0.403051091682035
0.40305510828066893
0.403666037149576
0.4042770019865415
0.4048445629118455
0.4052832310056777
0.4063784647376116
0.40637911471847155
0.406596588632537
0.40686796980784146
0.40719780252488535
0.4075408486558475
0.40784198613127004
0.4078661140784974
0.40815081673316866
0.40829274703155277
0.4083765152203894
0.4085259737968028
0.4088158959759836
0.4088192596689292
0.4093495928895937
0.40984980065337906
0.41029699957105037
0.4106715679035347
0.41095545330322725
0.4111330923581697
0.4167375159480504
0.42131775604243515
0.42211620965559477
0.4222940314399629
0.42256767125553907
0.4229144237581557
0.4233115275843523
0.4235777816665967
0.4237005353598894
0.42373518789918985
0.4238990723575721
0.42415649600129196
0.4241652917879115
0.4244894066153822
0.4245322626733082
0.4247947275447635
0.42486075946372365
0.4252680637125551
0.4256981709694
0.4261349505042612
0.42627540892607396
0.4263184005492062
0.42727837322296824
0.4275005900138707
0.42772259934547857
0.42781830149915273
0.4281905004088776
0.4282209454224095
0.428649798685263
0.4286561692743818
0.42907343792136693
0.4291086752585102
0.4294702093814128
0.4295388278699059
0.42981929158535365
0.4299349966023594
0.43009452021799605
0.43025734885961525
0.43027789945907524
0.430547546185809
0.43056756373333704
0.43061576787683603
0.43221018196791994
0.4323777921702904
0.4325817241143595
0.4327854965670269
0.43297144769345164
0.43313061986400125
0.4332580396302218
0.4332942073844788
0.4333507601871051
0.43339684456731414
0.43340702179176743
0.43353937046851476
0.43369702316562847
0.4338511897723677
0.433989331857305
0.4341032900391775
0.4341878333190264
0.4342397296280483
0.483583693962866
0.4835910758847652
0.48363530626143564
0.48372305962832934
0.4837612521606413
0.4838371484331906
0.48385332386655194
0.48395664688637624
0.48402424516695547
0.48411505879181166
0.484232765960457
0.4843073398896903
0.48447353471741195
0.48452583382156955
0.4847358597112805
0.48475637645965686
0.4849688188755802
0.4849941717612162
0.4851725387968113
0.485204947768966
0.48651458552674237
0.48651959644373477
0.48681088250487986
0.4871348042450546
0.4872072349166603
0.4874569542204005
0.4876765740422835
0.4878759509385592
0.4881925048618496
0.4883505031337357
0.4887432755045356
0.48885987230041833
0.489321758531064
0.4893882028077357
0.4899142102421768
0.4899213021351155
0.49038939446811614
0.49052954441267066
0.49099855150258465
0.4911768971172116
0.4919456792720956
0.4919664210323645
0.4926670738277945
0.4933382268313323
0.4934928131141317
0.49399564179818983
0.49403214843208954
0.4946220820889421
0.49473410033264087
0.49530789545803033
0.4954336565090191
0.49602885707897143
0.49611592888766487
0.49675135051744596
0.49677428185111033
0.49726788758627716
0.4975391370824057
0.4983232340560988
0.498529265791819
0.4991691418231653
0.49948990796332954
0.4997291596229683
0.5006584701874425
0.501438518298249
0.5014752307527846
0.5019423559348913
0.502288873766022
0.5025860035198263
0.5031008288354709
0.5032904573405176
0.5039084695074478
0.504018598740233
0.5047060870789561
0.5047464961124775
0.5054466646903315
0.5054810765311183
0.5060589281483284
0.506195906185997
0.5069745996140831
0.5069782315470491
0.5076567768560339
0.508092929836697
0.5092482639537573
0.5096248208828458
0.5098883603313497
0.5101366640049373
0.5105804047841923
0.5107462839318359
0.5112646020509236
0.5113711437429452
0.5119125386526899
0.5119705135142409
0.5124985814186808
0.5125135669705053
0.5129679984667225
0.5129918620123739
0.5132941233247015
0.5133528951728957
0.5136203829234385
0.5136209703748655
0.5162688996404703
0.5180723335490803
0.5211335701606802
0.5213698890480163
0.5217172669334539
0.5221289498170383
0.5221747224147781
0.5223860498472244
0.5225620134014601
0.5227058186748081
0.5229787054873195
0.5230973692396538
0.5233451135147512
0.5235230278866506
0.5236310801613757
0.5238125594578917
0.5239462345396275
0.5243309787036077
0.5246414709489302
0.5248444910847273
0.5327176342518966
0.5327182008481484
0.5329477596705511
0.5330287861067087
0.5332653722262356
0.5333130116515802
0.5337076244419733
0.533719056878284
0.5342141419005011
0.5342423571056898
0.5347698057950108
0.5348417927647928
0.5353582009957504
0.5354810475611175
0.5359453383298688
0.5361326734599543
0.5364729881343935
0.5367491933143933
0.5368813992158498
0.5372002179526322
0.539165910307777
0.5391684915375814
0.5398386772845325
0.540056302553662
0.5404993148691801
0.5405990761368688
0.5412352063209772
0.5412504076881616
0.5419418139443156
0.5420015059911318
0.5426413439442475
0.5427821157519755
0.5433245972390751
0.543569506975947
0.5439589870665735
0.5443595584066645
0.5444777769509619
0.5451503752694962
0.5452567957074429
0.5459496499530643
0.5463973018924272
0.5466763138739913
0.5474698102419914
0.5482353332936979
0.5488767062422807
0.5489864164076722
0.5493146922557841
0.5497206050335663
0.5498947733502212
0.5504322251693052
0.5505427490419571
0.551110392897653
0.551222481988188
0.5517312586553957
0.5519157561414253
0.5522324240976823
0.5526124378916535
0.5533066491168143
0.5534872596286476
0.5540395169768233
0.5541521059681007
0.5544031644771015
0.5553615928447232
0.555590736747727
0.5559981439259624
0.556011197277357
0.5565183693914604
0.5566238329624454
0.5570461150441581
0.5572296031658006
0.5575647776765968
0.5578105244539708
0.5580544040951079
0.5583607722480316
0.5584911067239473
0.5588286464155062
0.5588703876123705
0.5593158635100919
0.5596331407210268
0.5596510999619446
0.5603524689918897
0.560656163952469
0.5611252346615152
0.5611716683515764
0.5613805701864283
0.5614185502495864
0.5616247931091441
0.5617177693688591
0.5618622323170646
0.5619916150719121
0.5620735260044337
0.5622286783017295
0.5622483572120917
0.5623799374114807
0.562423253813873
0.5624625536655911
0.562571977626505
0.5626730179148676
0.5627270439582559
0.5627611715933367
0.5689972064992115
0.5760543921264385
0.594063868147042
0.5941164233949903
0.5942019123098096
0.594316925281062
0.5944027935478273
0.5944543436092448
0.5944560815982898
0.5945385890907755
0.5946111809983603
0.594652810399406
0.594769798679349
0.5947926652060661
0.5949134868475777
0.5949513423136402
0.5950173398751541
0.5951178935642216
0.5952742929869742
0.5953922365473925
0.5972414995183098
0.5972426227613599
0.5973588078751122
0.5975515199070387
0.5975703725291271
0.5977537041341329
0.5978146527884061
0.5980157288822736
0.5981236168761659
0.5983292877809356
0.5984602366125175
0.5986737565161853
0.598810894651322
0.5990313446919985
0.5991627870954286
0.599382352244407
0.5994979610729576
0.5996975730747042
0.5997769087216749
0.5999278560766316
0.6007759469536367
0.6007803968904359
0.6009779818368542
0.6012437321732172
0.6015268157869447
0.6017981799815982
0.601990507932507
0.6020438481406992
0.6022234065302046
0.6022550494050027
0.6024254285563811
0.6025171817951965
0.6025502967496131
0.602626441602475
0.6028241748077993
0.6031178914429245
0.6033811070254538
0.6036007113704962
0.6037660583385048
0.6038688676114223
0.6090384744820145
0.6132659009447847
0.614201975241135
0.6143190904900178
0.6145050800427361
0.6147490721299601
0.6150388797119725
0.6153608375489747
0.6156973647306765
0.6159770231014922
0.6160192177738013
0.6160495569324718
0.6161663991398382
0.6162673579605773
0.6163215402558164
0.6165064879506655
0.6167097215922462
0.6169153562192956
0.6171008935813891
0.6172433422952873
0.6172813414839027
0.6172830682180435
0.6180158490938372
0.6183408734742966
0.6187301103857084
0.6191386813766514
0.6195454530037694
0.6195829019492467
0.6197322741787624
0.6199347086167627
0.6199419921285588
0.620179955829495
0.620288486154747
0.6204215586646545
0.6205794878654411
0.6206478503134194
0.6207602047873629
0.6208431545658977
0.620993909055219
0.6210962208795205
0.6211001809469081
0.6211280104186342
0.6232972411627732
0.6234446850637329
0.6236425748901391
0.6238561408257656
0.6240623160829843
0.6242462880618613
0.6243981758548524
0.6245111876174166
0.6245807676039633
0.6267861100661525
0.626840464707809
0.6269231995212682
0.6270244357556851
0.627133178569995
0.6272387059102114
0.6273314642797706
0.627403598207202
0.6274492756600152
0.6388182258736016
0.638932541210399
0.6389864701370456
0.6390796790962434
0.6392122824919582
0.6393622755715612
0.6393817906048839
0.6394364811906841
0.6395550312993827
0.6395835921288565
0.6397114694377007
0.639810549595851
0.6398975855860576
0.6400507707393255
0.6401024433806269
0.6402808495058392
0.6403099135758602
0.6404522289183577
0.6404943149143819
0.6406191960365987
0.6416586637252727
0.6416960067785952
0.6418913876379473
0.6421946684840372
0.6425500118182018
0.6427029829610554
0.6429096257542486
0.6429334152273868
0.6431933868525361
0.6433335868298405
0.6435179428546458
0.6437437254253092
0.6438605926615146
0.6441578423878555
0.6442038538514018
0.6445281420400297
0.6445658834679227
0.6448029283874426
0.6449258323102108
0.6449761445550388
0.6455776836511308
0.6456101448263744
0.6459733172377682
0.6463805454437426
0.6467937526876936
0.6472018547246422
0.6475214525270027
0.6475973737804092
0.64774323220506
0.6479708315277264
0.6480512696389203
0.6483065553805586
0.6484072463467283
0.6485765311147178
0.6487367496393693
0.6487892788502981
0.6491850886460516
0.6495870407222871
0.6499888861906724
0.6503822292472651
0.6505532295678425
0.6505838764935287
0.6511490919718023
0.6512774329592075
0.6513679391078473
0.6516530209889667
0.6516537779472871
0.6519683848892294
0.6520360898125812
0.652290607383254
0.6524141451996065
0.652605674866187
0.6527824552275041
0.6528980138211614
0.6531366594211796
0.6531429504089727
0.6533012923838677
0.653470089732483
0.6537685965657574
0.6539909537851075
0.6540196644591181
0.6541896344440911
0.6549382619179268
0.6550950414141935
0.6551819959217634
0.6552920052094617
0.6553677516050668
0.6554958326856362
0.6555819418116515
0.6556882222537738
0.6557917943810682
0.6558575822270253
0.6559827940976131
0.6559949190239596
0.6560915602731078
0.6561464869003761
0.6561705131438568
0.6562766583007565
0.6563684576401349
0.6564197118403463
0.6564638368047921
0.656892671808083
0.6615289130542671
0.6615606110003388
0.6616097969595575
0.661671537327062
0.6617398012672662
0.6618080355759831
0.6618697001078334
0.6619187958749713
0.6619504237890635
0.6635995513471508
0.6636397214785899
0.6637040471380166
0.6637886988485595
0.6638883971727103
0.6639962239798347
0.664103102997414
0.6641970676046572
0.6642633106950484
0.6655790806043864
0.6655798326291248
0.6656007579874083
0.665640528160196
0.665698247918726
0.665770545279964
0.6657759075672746
0.6658525745395238
0.6658606097908404
0.6659382682212864
0.6659832064544251
0.6660203272252034
0.6660900680821584
0.6661296024242849
0.6661377957261388
0.6662889812996584
0.666452844754614
0.6666131262833219
0.6667590327930711
0.6668708354604905
0.6671574492591349
0.6671575960832368
0.6671883438637213
0.6672324516418877
0.6672898191868903
0.6673528009957767
0.6674150114258998
0.6674715701851696
0.6675188899192767
0.6675544056586004
0.6675763850558419
0.6675824092007205
0.667677191032751
0.6677909674550812
0.6679053963070491
0.6680116334483369
0.6681045307037259
0.6681804984983641
0.6682368108074836
0.6682714477378164
0.6699082022834182
0.6702442370177821
0.6715509947983767
0.671570044901781
0.6716003298125052
0.6716397871871869
0.6716623457470159
0.6716770826459526
0.6716857099054087
0.6717009226954339
0.6717328108620072
0.6717347532330952
0.6717712878388367
0.6717827782819245
0.6718144116181057
0.6718245681557847
0.6718538183412244
0.6718594721211061
0.6719022404037756
0.6719354990130705
0.6722354427682062
0.6722409147787842
0.6722592835922934
0.6722963417332413
0.6723451025548585
0.6723990460335838
0.6724191806042151
0.6724468724300193
0.672454518267772
0.6724860228757616
0.6725093390920481
0.6725306730434069
0.672561870525718
0.6725761689698397
0.6726102052870354
0.672618938743701
0.6726501732149809
0.6726560240464728
0.6726847975828728
0.6727030221177761
0.6727686733573631
0.6727704796752036
0.672787029841106
0.6728163186537947
0.6728469597293795
0.672875253876923
0.6728999761270252
0.6729205955331847
0.6729368330413853
0.6729485256352463
0.6729555760457625
0.6732485210744322
0.6732560170154355
0.6732670154662039
0.6732798795038372
0.6732930650584585
0.6733053131074884
0.673315682120715
0.6733235111199951
0.673328369198994
1.2576204582404218
1.2581316545507726
1.258139647432915
1.2581529640466427
1.2581715958750967
1.2581955286364082
1.2582247400964044
1.2582591972615536
1.2582706639617511
1.2582768111122384
1.2582868010103285
1.2582988521113494
1.2583002051579137
1.2583163191807396
1.2583340218632728
1.25834362901107
1.2583515211537946
1.2583658389906918
1.258393103292718
1.258396996345459
1.2584017200545452
1.258448507213369
1.2585081058427536
1.258572389924845
1.2586410967219346
1.2587139050466791
1.2587903570558137
1.25879834831625
1.2588199730400018
1.2588524526464309
1.2588697170021723
1.2588920765919354
1.2589351652042284
1.25895054158294
1.2589780009216514
1.2590164362340468
1.259028884568818
1.2590451980146442
1.2590920380476944
1.2590948383193419
1.2591355221474356
1.2592651883493118
1.2593418879907718
1.2594264542609117
1.2595108295964577
1.259591171979245
1.2596641905927026
1.25972646025592
1.2597744350079787
1.2598048321003092
1.2602873545053737
1.2603216487187108
1.260375020018137
1.2604428656769593
1.2605199615503675
1.2606005220755518
1.260677811871186
1.2607436888808818
1.2607888747473728
1.2613111043378278
1.2619883842100386
1.2620471458210096
1.2620975329202715
1.2621831632996494
1.2622387061328628
1.2622900649735884
1.2622986769744757
1.2623695591904676
1.262437334429909
1.2624710887498392
1.2625884772254732
1.2625934576757132
1.262714785919297
1.2627627172120233
1.2628399522361817
1.2629415981696688
1.2629444231130378
1.2631260089255225
1.2633038955836098
1.2633264970044462
1.26349997698229
1.2635603689687929
1.2637543836574532
1.2639163637802402
1.2639556589925278
1.2640401644554695
1.2641593441533465
1.264195265963268
1.2643606566090542
1.2643606705578359
1.2645243992335369
1.264554910871296
1.264676489928818
1.2647355608259485
1.2648055684139061
1.264892972013313
1.2648967985188315
1.2650133330523894
1.2650805493706085
1.2650854441483328
1.2665349781895094
1.2668809974521333
1.266944081636149
1.2670561282783275
1.2671987563878657
1.2673170449821625
1.267355144610256
1.2673979711772192
1.2675113385785663
1.2675171547669675
1.2676550878522004
1.2676589359010488
1.2677745330440444
1.2678087694581228
1.2678570032864545
1.2679534339487628
1.2680060814915486
1.268080567571116
1.268179004288226
1.2682404636342055
1.2716958248310881
1.2717002592935411
1.2717678994029489
1.2718956516733493
1.2718997919745663
1.2720054898318005
1.2720747098594638
1.272162753831045
1.272294643321265
1.2723589631479075
1.2725456950706435
1.2725829776791708
1.2728188226416806
1.27282324407257
1.2730642002849621
1.2731038492313864
1.2732755349492384
1.2733822782648465
1.2735854707615113
1.2736317981333543
1.274410843523673
1.2744166137997452
1.2746873879923668
1.2749340192191447
1.2750111114855938
1.2751745164839063
1.2753663059216969
1.2754731526336887
1.275737677489167
1.2757968758128184
1.276119704644643
1.2761297416677084
1.276459126448958
1.276509815747072
1.2767671676860524
1.2769067242995524
1.2770160822857652
1.277310553203467
1.2777148575711483
1.277737170115831
1.2779236005269747
1.278091638736823
1.2785181190900732
1.278932355201617
1.2792614003494038
1.2793446083180962
1.279505349144662
1.2797538933906227
1.2798284232111572
1.28015702359069
1.28019157880739
1.2805474645021147
1.2805764364209407
1.2809103230894794
1.2809738055645215
1.2812059668692926
1.2813783202610947
1.2817856693607443
1.2822358032082164
1.2822696380090788
1.2823963576928763
1.282499872131517
1.2830573426427565
1.2831963596232003
1.2834590349388388
1.2834943362980105
1.283845989304746
1.2838623461270215
1.2842131188438388
1.2842605818219457
1.2845794556280976
1.284649686350611
1.284933344855203
1.2850244395387693
1.2852595728751535
1.2853754317112296
1.2855259813736688
1.2856802351149887
1.2859444381816298
1.2859461124273643
1.2868447573578108
1.2868616496441398
1.2871613417715801
1.2872028809818998
1.2873907205307777
1.2874041779943899
1.2876297484231174
1.2876335605380853
1.2878479255361637
1.287862920774042
1.2880440668253816
1.2880667955179756
1.288209432691595
1.2882378316197114
1.2883377032587036
1.2883706852929506
1.288423043960329
1.2884611398719614
1.2885182432104143
1.2885185431754778
1.2980800266401036
1.2997925285470737
1.3008721989473597
1.3009355574502137
1.301036253495399
1.3011671779583103
1.3013185073857518
1.301477368971109
1.3016245108120594
1.3016274557327352
1.3016947702214021
1.3017498280438509
1.3018084172716722
1.301827499506727
1.3019602107130621
1.302142480187667
1.3023443075229628
1.3025498181349926
1.3027356153316079
1.3028697614077496
1.3050342588544854
1.3050344765153024
1.3051785239541884
1.3053114714072391
1.3053643539013313
1.3055500859523108
1.3056178821537527
1.3058681544042818
1.3059170972819405
1.3062343090121924
1.306243543662268
1.3065797906159742
1.3066291587251113
1.3069041716571306
1.307038414463408
1.3071769169789567
1.3074473280139984
1.307606994829662
1.3078302827714816
1.3081143444003553
1.308868600949249
1.3088690245762038
1.3091209256739427
1.3093761185970112
1.3096592431360916
1.3096603912863802
1.3099389702241384
1.3099918274066984
1.3101923785201894
1.310363150931271
1.3104065056293561
1.3105696192346796
1.3106720165061312
1.3107308299997709
1.3110754077560456
1.3113827847790482
1.3116400923152218
1.3118351024452326
1.3119571385278057
1.3120390123559398
1.3150687832864416
1.3195376171171127
1.3196555598506383
1.3198448970422376
1.3200959091382989
1.3203967620139347
1.3207340981241487
1.3210920320666426
1.3211526948686942
1.3212483023388633
1.3214022673470607
1.3214469970445961
1.3216071863876337
1.3217496927622348
1.3218535670165135
1.3221297057381065
1.3224199085442894
1.3226979001674863
1.3229328522875212
1.3229380374437707
1.3231702521800415
1.3231991060397212
1.3238161840171725
1.3241726260921534
1.3245752136199052
1.3246087658843528
1.3248575868760186
1.324986050207731
1.3251710460227237
1.3253871702614999
1.325503994014153
1.3257634211217142
1.3258320089949587
1.3260948302179625
1.3261371687863448
1.3263465094215081
1.326401388239381
1.3266026086113534
1.3267290897366064
1.3267309057833727
1.3272332307167938
1.327830939636279
1.3288050234712299
1.3289468985314956
1.3291298558433466
1.3293204452632656
1.3294990051176603
1.3296542044946849
1.3297793731291254
1.3298706490273837
1.3299217259207199
1.3299259924440536
1.3300017478435484
1.3301165264827213
1.3302477167410423
1.3303796507745769
1.3305005094909572
1.3306018697192867
1.3306779485734819
1.330724996935139
1.352860631611338
1.3532765738219055
1.353343396740735
1.353455569349371
1.3536131823146362
1.3538152050974386
1.353864994075891
1.3539369448202583
1.3540535881823053
1.3540592753792815
1.354210071973828
1.35434131484196
1.354399235570767
1.354610256737838
1.3546538993667392
1.354825329263476
1.354978912676249
1.355011849669458
1.355228275387183
1.3552865097268818
1.3560454893774594
1.3561955413901905
1.3565381798136706
1.356985243668468
1.3574783019815435
1.357682583621726
1.3579219066904544
1.3580006301056715
1.3582583726367283
1.3585449712138602
1.3586498193245247
1.3590668578343967
1.3591067356467583
1.3594843641959173
1.3596820046917335
1.359872009259855
1.3601796243336608
1.3602657151530344
1.3607583165364434
1.3608335128063984
1.3609970408663326
1.3614971299089267
1.3620880049641981
1.362684291347928
1.3632724381295434
1.3638422515770647
1.364379852663693
1.3647134015365476
1.364864274294196
1.364998501235784
1.3652637871352424
1.365413943780122
1.3655347739829613
1.3659135562916107
1.3664652741787293
1.3670469109070797
1.3676391218431478
1.3682142578360657
1.3687047319150674
1.3688202370517781
1.3702084003928923
1.370421136313212
1.3708266330604173
1.3713484611267523
1.3713997938641935
1.3716547315161531
1.3720371735701231
1.3720862931731
1.372590259091388
1.3727005743713954
1.3731301887486622
1.3733744097578924
1.3736763719812985
1.3740493408486458
1.3741926842348242
1.3746108217841773
1.374715387723941
1.3753513268295616
1.3758815124972439
1.3759210764770704
1.3767086780655124
1.3769786387525902
1.3776844255078209
1.3778986197749277
1.3782677084643933
1.3782979587301818
1.3787794971128107
1.3788635185658886
1.3792749333326333
1.3794390822786196
1.3797481751538498
1.379975495694269
1.3801715976694278
1.3804534769467411
1.3805170165488616
1.3807513509074518
1.380849842416221
1.3811375664096432
1.3812901660528414
1.3813124503779877
1.3862512813479462
1.38732814938596
1.3883938357124659
1.3885978469902016
1.3888963524416122
1.3888976198409866
1.3890788401840843
1.3892503235091818
1.389353958633331
1.3896241865498655
1.3896925119924186
1.389985141540522
1.3900627612125178
1.3903011636193758
1.3904329145681587
1.3905413419179813
1.3906830170443183
1.3907702230594847
1.3910411632143875
1.3912159494670844
1.3969863477546978
1.3969972902930925
1.3971607918103728
1.3974616978057837
1.3974862382562288
1.3977298782266838
1.3978694007748933
1.398082554943015
1.3983531795130222
1.3985088098486667
1.3988884331152258
1.3989802553366695
1.3994559470205383
1.3994710556482448
1.3999504029381442
1.400038106866214
1.4003631264904426
1.4006082201592607
1.400885394645325
1.4010980134102726
1.402296174831267
1.4023199854432291
1.4028245689521452
1.4034009257089655
1.4034130156559999
1.4037824152430503
1.4040262458630355
1.4042510308064198
1.4046420363766219
1.4047431302330402
1.4052252375432635
1.405249332672509
1.4056707341153936
1.4058371952681288
1.4060483805142243
1.406314102092545
1.406387964556493
1.4068649061494383
1.407193471723516
1.4074628289823246
1.407516054764465
1.4092097606506233
1.4095607338347067
1.4100109922974375
1.4104937365470416
1.4109761246374424
1.4114374091984272
1.4118297310777954
1.411857396966387
1.4120317572211867
1.4122088584339596
1.4123345264628917
1.4124521095165203
1.412706455314287
1.4131222191466861
1.4135637999787358
1.414018883216363
1.4144792037484677
1.4149407831455856
1.4150170074661954
1.4152431538728794
1.4153650431093867
1.4158258671789576
1.4158621594010161
1.416085514905035
1.4162579604574614
1.416370009968264
1.416674254819107
1.4166744276081145
1.4169742297045715
1.4170737410580438
1.417251715136446
1.417453812461024
1.4174868452520695
1.417652057803477
1.4178120034944226
1.4181440825814904
1.4184400899706837
1.418665020063095
1.4187765093356608
1.4191655766468283
1.4192149784164507
1.4194134713422009
1.4194344013899556
1.4195202255420054
1.4196300291351396
1.4196466618658055
1.4197706656491227
1.4198166396617937
1.4198810129949313
1.4199715075789436
1.4199828299163686
1.4200384290184003
1.4200794612812049
1.4201248714770105
1.4202412307912458
1.4203313342523505
1.4203951921297344
1.4204331846188376
1.4207255589239784
1.4571899378256232
1.4586625988707165
1.4831701588593282
1.483207115660608
1.4832674775643877
1.4833491595301154
1.483439602344209
1.4834486958770825
1.4834793263967543
1.4835445501499445
1.4835605101327218
1.4836335853075067
1.483675746100507
1.4837435455214882
1.4837808197893376
1.4838570991019353
1.4838695525669994
1.4840032108499759
1.4841299694045973
1.484226294707528
1.4857955009374508
1.4857955675924837
1.4859655213374645
1.4859763645483204
1.4861460579791212
1.4861545403008798
1.4863875240291429
1.4864161512396312
1.4866820552502666
1.4867290610174888
1.487015255031802
1.4870788399177668
1.4873742641023588
1.4874543466486594
1.4877434674788526
1.4878433515756182
1.488095145555202
1.48822398199456
1.4883696166242015
1.4885404017017663
1.4896590924623065
1.489659534194615
1.4901808742888618
1.490331882534912
1.4906025184507408
1.4907305745973864
1.4910876467521599
1.4912180394090113
1.4915998091831528
1.4917513436672352
1.492122331584298
1.4923143891178274
1.492640541913656
1.4928996466918136
1.49313278068181
1.4935028742860477
1.493557334094123
1.4938352245210165
1.4941212941245268
1.4947525392044712
1.495244672416076
1.4953101232970725
1.4960447563853716
1.4967051122567203
1.4970556413467486
1.4973710123793564
1.497439666941834
1.4979484485439436
1.4980404529174094
1.498519118128619
1.4987103210156096
1.4991199945658296
1.4993755158502484
1.4997317267426944
1.5000260396566245
1.5003360693767442
1.5006366170949499
1.5009029331127492
1.501159406704551
1.5013815071212322
1.5016884899285319
1.5016891483761263
1.5034120484744258
1.5038047631960965
1.5039262560247435
1.5042628911209486
1.504519803036776
1.504812890194125
1.5051284255556538
1.5053850989685087
1.5057246403655424
1.5059470721119137
1.5062874748760664
1.5064751125611293
1.5067916127059813
1.5069434444763623
1.5071970630176146
1.5073170468698383
1.5076217375725802
1.5076226261347612
1.5077002850998145
1.5077697760246784
1.5120490550211632
1.5122646029448712
1.512566877994989
1.5127652023038543
1.5129073326350202
1.5129543865758028
1.5132264508552058
1.5132485306391066
1.5135402063093935
1.5135628596857857
1.5138293741502118
1.5138606249223316
1.5140318859134667
1.51415841524728
1.5141599950403866
1.5144164317063706
1.5146126827220454
1.5147358617355988
1.5282095848360178
1.5282119121179707
1.5283202636940225
1.5284919783392197
1.5285162766338907
1.5286748908817325
1.5287998510573353
1.528950864556787
1.5291595795510484
1.5293032440881427
1.5295814886955517
1.5297156323366605
1.5300480575065465
1.530168362294843
1.5305336748254845
1.5306330244043436
1.5309897649233413
1.531058369034035
1.531305603478523
1.5313431307801029
1.5335406656160493
1.5335430368333842
1.534033060443037
1.5344023343167192
1.5345983598391222
1.5349021450007627
1.535258680138992
1.5355217550202211
1.5359670993464887
1.5361978657650233
1.5367032386738413
1.536901692386174
1.5374551301285253
1.537613963491747
1.538211535121667
1.53831229351189
1.5389507830295825
1.538951673693945
1.5394274982467486
1.5396036681252137
1.5407859149918053
1.540793607273134
1.5416648416554946
1.5424128109982467
1.5424665211787434
1.5430566830832004
1.5431964890861674
1.543768376362678
1.5439888491956066
1.5445285080424729
1.5447789896552375
1.545310500423819
1.5455567440759859
1.5461017759032176
1.5463042044828383
1.5468934733648323
1.5469715143833813
1.54767364300412
1.5478248778627846
1.5485177069705816
1.5487463994057935
1.548774110180673
1.5503645174949063
1.5504023356205974
1.5509957079101278
1.551081218863513
1.5516896821645327
1.5518401056216085
1.5524123273610668
1.5526022013761696
1.553135748630803
1.5533544684508096
1.553841607083935
1.554086702577688
1.5545063564362513
1.5547835866188764
1.5550751479377505
1.5554089771528383
1.5559804085795703
1.555985526735609
1.5564361794133803
1.5567035395848323
1.558298859394752
1.558371980558784
1.5587152510278999
1.558819746504138
1.5592033085309935
1.55932737995335
1.5596895051299826
1.5598247394470341
1.5601386605329084
1.5602803263639904
1.5605276670526163
1.560673558259635
1.560836774794025
1.5609873301066637
1.561045204251196
1.561206574549939
1.5613292602970297
1.561331768555059
1.563798668766246
1.5639767806743723
1.574323398619601
1.574451293044405
1.5746537049917246
1.574883506429407
1.5749157445910256
1.5750149212479299
1.5752181615885017
1.5752238232852862
1.5754961246257997
1.575537522116713
1.5758134481719905
1.575845515331856
1.5761082385469878
1.5761529838039368
1.5762881410493461
1.5764860848496571
1.5767761503479103
1.576978982398058
1.581374464545805
1.5813746810673337
1.5816048697787866
1.5817125250890618
1.5818861397253354
1.5820134862941
1.5822745395670574
1.582430766924027
1.5827372175926804
1.582924665745566
1.583247025596228
1.583466147440232
1.5837799441350935
1.5840320128305374
1.5843094827199953
1.5845985508197025
1.5847942508881845
1.585128701875368
1.5851552111249576
1.5855420657658459
1.5871475104312778
1.587147677891358
1.5877207918800638
1.5879541577556695
1.5881896738197816
1.5884583509228722
1.5887366906316467
1.5890467178736936
1.5893093850454356
1.589666322923139
1.589883173471436
1.5902981250942552
1.5904394237744717
1.5909333627407303
1.5909546107135377
1.5913876385524468
1.591567065522259
1.5916678929007992
1.5921955949194662
1.5928128458330664
1.5933357364163871
1.5933822612760133
1.59404705618894
1.594638048633097
1.5947632306302248
1.5950998744064389
1.5952166004986477
1.5955369720380506
1.5957797634462731
1.5960164997142705
1.5963243583714886
1.5965101726645772
1.5968455028635067
1.597002243800981
1.5973338171562315
1.5974802747562162
1.597766653523672
1.597925920116741
1.598077071121099
1.5982807281986795
1.5986353558915518
1.598636166108171
1.5997239875688358
1.5998680232409612
1.6000577531674849
1.600163145926703
1.6004266515864798
1.600508145827318
1.6007920219367486
1.600856838251045
1.6011396368960735
1.6011897624433205
1.6014604438045346
1.601494863970003
1.6017445996075013
1.6017604373606686
1.6019709196161196
1.6019771164992473
1.6021009176456342
1.6021304480373462
1.6022329847680143
1.602233195845542
1.6036778041778603
1.6037681084350621
1.6038853633846346
1.6040021282005141
1.604007676371173
1.6040738096319729
1.6041221124201175
1.6041715198804487
1.6042214524908014
1.6042776521753737
1.6043015997973495
1.60436017158033
1.6043798603903674
1.604395791351736
1.6044703448858726
1.6045443087860076
1.6045988217512803
1.604632142220506
1.6755033952422205
1.675635698665167
1.6756688650728861
1.6757254113156754
1.6758061025567441
1.6758958481973236
1.675911021820422
1.6759352184432919
1.675999312347895
1.6760394658050652
1.6760859409229867
1.6761895901852997
1.6761918187916263
1.676311649105611
1.6763570308080409
1.6764359651128695
1.6765294708148761
1.6765461963988153
1.6766658481577477
1.6766921918182494
1.6772813094712429
1.677337440615878
1.6775243861953582
1.6777911483392083
1.678098427002069
1.6781120898948227
1.6782795434224764
1.6784340441455343
1.678514865652522
1.6787917610438556
1.6787930898656955
1.6790931877711894
1.6791728503573342
1.6794045270260212
1.6795714284135925
1.6797064537542317
1.6799618679218054
1.6799875747132023
1.6803404661780215
1.680464572891197
1.6807195169713984
1.680849222613038
1.6813071692193708
1.6817677852318333
1.6822303390917661
1.6826885415080395
1.6827679369765909
1.6830358972720418
1.6831321674506083
1.6834105271856332
1.6835443503803804
1.683849053517591
1.6838968659143596
1.684145466489323
1.6843272898289012
1.6848305527580572
1.6853465644025707
1.6858567722594955
1.6861449418696965
1.6863088787353422
1.687306906375234
1.6875774719223424
1.6879795836335985
1.688514573080189
1.6885762722598892
1.6888680725134668
1.6890973035150116
1.6892769559325573
1.689701179122581
1.6897533687111024
1.6902654580133805
1.6903154545326677
1.690789058730547
1.6909328277438733
1.6912957227907108
1.691543912678289
1.691727148468338
1.6921262186509802
1.6926636278431682
1.6926759277324053
1.6933239068253991
1.6936032169174688
1.6944084928995784
1.694636846816554
1.6949541580426637
1.6950459933974729
1.6955296917618745
1.6955369523218091
1.6960446888094645
1.6960965571504354
1.6965359838369598
1.6966347591646787
1.6969844738830735
1.6971242555892032
1.6973610458663493
1.6975395623830356
1.6976278255690278
1.697848095429627
1.698028715295779
1.6980326545703555
1.7012191303746658
1.7019525459069127
1.7040272795062812
1.704236976523861
1.7044012142772258
1.704541739780031
1.7045932598529674
1.7048789161973035
1.7048988444900022
1.7052218344930707
1.705270670142775
1.7055870340419181
1.7056250374044555
1.7059336276743247
1.7059424844644009
1.7061719739300165
1.706258425765053
1.7063216746017844
1.706507483654063
1.7066668805340528
1.7143325507158562
1.7143382034145445
1.714487630271243
1.7147499008431633
1.7147613509339714
1.7149866972166763
1.7151427313184469
1.715334386675924
1.7156076329260166
1.7157630588230997
1.7161335904087913
1.716247103539574
1.7166999346689726
1.7167613797686967
1.7172747536768604
1.7172837855616094
1.7177333297809356
1.7178454418559765
1.7181204344040117
1.7182923811766777
1.7199931785768863
1.7200029897021782
1.7205213313891063
1.7210585554614852
1.7211429890773908
1.7215242030390916
1.721824130238077
1.7220984676228261
1.722531191889965
1.7227140206704235
1.7232515422905437
1.723338101986935
1.723945399219813
1.723978772470487
1.7245027306682532
1.724708390262265
1.7249462890144054
1.7254347834998984
1.725752552990247
1.7261321827487237
1.7264570738823446
1.7269659114518787
1.7276618019609702
1.7283722228169298
1.7290755090293168
1.7295380639184588
1.729764077229831
1.7299114493875174
1.7304271156616409
1.730429019677758
1.7310205778766383
1.7310551038637545
1.7316116953962548
1.7316559744112248
1.732032802504988
1.732313908052636
1.732983464456555
1.733658937877957
1.734115084985637
1.7343559545735379
1.7345514623345977
1.734798527216946
1.7356484219751243
1.7357888798683263
1.736189257231631
1.7362974365467128
1.736683743696173
1.736933486403959
1.7372069931845209
1.7375528918365617
1.7377268396390866
1.7381516979613314
1.738219905187835
1.7386575246654437
1.7387242112147319
1.7389880432069333
1.7392602188985786
1.7397351777496628
1.740070105877127
1.740112801807689
1.7410033565202427
1.7411588898412895
1.7416394255832428
1.7416461849141596
1.7418716438169677
1.7419786708847178
1.7421430510764029
1.7423163954346346
1.7424084301799605
1.7426267244355254
1.7426460243957844
1.7428433806595425
1.7428970564177593
1.7429918943473994
1.7430846732629774
1.743120515183701
1.7432927961826308
1.7434117249141725
1.7434784513561299
1.7435653554484671
1.7565057703124822
1.7573191571423148
1.7669895123075383
1.7670542448468354
1.767158821992393
1.7672980202334956
1.7674639179974159
1.7675205952246056
1.7675936403566854
1.767645104286572
1.767712411793851
1.767825580422671
1.7678721965746107
1.7679839306469003
1.7680657231292785
1.768094680573604
1.7682820777548653
1.7685046896928063
1.7687083132690558
1.7688572434460779
1.7714448211761993
1.7714453133348869
1.7716135068915333
1.7717984805321538
1.771846465415748
1.7720656002801358
1.7721650966942606
1.7724320284496549
1.7725440205552778
1.7728619162819819
1.772962300604042
1.7733317306676668
1.773400877890061
1.773823081858105
1.773837127607818
1.7742318114525053
1.7743157690281164
1.7744987515102468
1.7747744376199954
1.775115287764227
1.7762507642393173
1.776252070560514
1.7766211153189604
1.777014400447704
1.7773474012915869
1.7774536856398608
1.7777811481862038
1.7778951731686148
1.7782961489520233
1.778313720843971
1.778688108059023
1.778834610600876
1.77899587593342
1.7792102139797341
1.7793699340397517
1.7794944021967756
1.7798816477665247
1.7803460015694161
1.7807303047984187
1.7809912366973613
1.7833671230412036
1.7853067488467853
1.7855103695678165
1.7858450521496525
1.7862768565767753
1.7867715449457662
1.7868883875608168
1.7870634168769788
1.7873034783616573
1.7873357725518793
1.7876837517494661
1.7878536396860218
1.788085651868369
1.7884039522201458
1.7885210410703802
1.7889216375845542
1.7889683849367504
1.7893955094363843
1.7896517473929865
1.7898849443196287
1.7899028046337955
1.7899296816355457
1.7911788113051534
1.7916414534102476
1.7917582404149313
1.7921166424759036
1.7921554164886744
1.79255071596497
1.7926729412594107
1.793003228844094
1.7931746981542422
1.7934469084282145
1.7936455131165248
1.7938621260595962
1.7940656154253154
1.7942275975124928
1.794399662562506
1.794512948932612
1.7947441024145718
1.794744493804343
1.7951082015679767
1.7951219073132623
1.7975386148650727
1.7977046626649562
1.7979265152661967
1.798164724525255
1.798211340980463
1.798339169965518
1.7983935022404354
1.7985186818815473
1.7985966247819973
1.798719993800299
1.798763558850617
1.798887288867069
1.7989197184206487
1.7989632544485545
1.7991011711796692
1.799252690242894
1.7993662025682347
1.799436357716048
1.815121034577762
1.8151210742879371
1.815202258204804
1.815211441036123
1.8153056050791483
1.8153144861572124
1.815458790044921
1.8154680252079083
1.8156562919745822
1.8156662708676854
1.8158914941636257
1.8159026351309313
1.8161550512765547
1.8161679598636424
1.8164316309826851
1.816447298319143
1.816690328642462
1.8167103743177526
1.8169078772788294
1.8169271311276578
1.8182627499612725
1.818262873184504
1.8186406243002189
1.818658602445936
1.8189851387814966
1.8189966763130299
1.819397805720699
1.8194048260998699
1.8198453771125052
1.8198482127966196
1.8203110193666991
1.8203132959203614
1.8207825520624688
1.8207925466452723
1.8212501457318095
1.821273853874007
1.8216843898355937
1.8217369559842795
1.8222026781144085
1.822267455143157
1.8229096931902473
1.8229115372566274
1.8235641116043593
1.8237430705843107
1.8240328955793832
1.8241726504633426
1.8245336812242046
1.8246601677710812
1.825042683855307
1.8251679091491935
1.8255512165349952
1.8256837172342
1.8260521336638655
1.8262017235831975
1.8265332778204402
1.8267170861956057
1.8269587769377633
1.8272199640119553
1.8278784907151562
1.8279084468171574
1.827939139646161
1.8280309037306393
1.8289078550069733
1.8290639721730537
1.8293827892140875
1.829458628994023
1.8298734089667084
1.8299081708541916
1.830362190062408
1.8303709266246388
1.8308315614408857
1.8308429226035399
1.8312796627869887
1.8313098755458517
1.831700901855085
1.8317530480996431
1.83206071901934
1.8321456898301596
1.8325606460771926
1.832561675633957
1.8333633797209927
1.8333998065282286
1.8339829635374751
1.8340386446795813
1.8343052215941484
1.8343310894970055
1.8346565454857604
1.834662888737456
1.834991844155501
1.834999659904094
1.835298087748654
1.8353173323673562
1.8355671535000115
1.8355962749906156
1.8357850971409417
1.8358231804487417
1.8359362892327236
1.8359838290244734
1.836095019929848
1.8360953656320085
1.8396432287971132
1.8399340930875763
1.8410164853241948
1.8411134725719063
1.8411847315137804
1.8412598107069114
1.8412779581163528
1.8414202204802814
1.841438371614017
1.8415961254777942
1.8416315050185867
1.8417891169623184
1.8418218160254742
1.8419823096569097
1.8419919018635
1.8421248788496878
1.8421582846402953
1.8422076065005502
1.8422993770179097
1.8423901475299933
1.84528523864346
1.845285582191649
1.8453880971741317
1.8454362863990912
1.8455317475768775
1.8455671360140853
1.845726370260901
1.8457494342853593
1.8459554691099507
1.845965670608314
1.8462022160987368
1.846206117331406
1.8464472562343932
1.8464679415742036
1.8466875581923858
1.8467306917633333
1.8468996818049452
1.8469775685628176
1.8471291514893773
1.847187178541432
1.847831481265817
1.8478327920777333
1.848082202858286
1.8481792648973767
1.8483242324369076
1.8483767223385372
1.8485854052693638
1.8486064766128945
1.8488435756806099
1.8488507473545301
1.8490767062916678
1.8491149483674418
1.8492970760020837
1.8493753330555558
1.849492804321178
1.849629854544611
1.849641352079014
1.8498752406896362
1.8500867968104002
1.85009574207842
1.850213278622571
1.8504114244044043
1.8506224442398325
1.8508401872968958
1.8510522957480509
1.8511367149469014
1.8512480978838177
1.8512556741802928
1.8513987280851831
1.8514479076549817
1.8515679227911124
1.8516253500521576
1.8517443899875201
1.8517806663126823
1.8518973301654407
1.851922102297091
1.8520976318683855
1.8522687408877638
1.8524368148043666
1.8524616981257864
1.8525113255411738
1.8525573414309693
1.8527583076066785
1.8527717200643337
1.852867827868878
1.8529025329012432
1.8529798773685027
1.853040848204087
1.8530933014790172
1.8531716015675683
1.8532016738054298
1.8532940309336237
1.8533006602781563
1.8533851755682118
1.8534072674000546
1.853446442656548
1.8535096927799786
1.8535971236318654
1.8536560825045336
1.8536658766201788
1.853866326386002
1.8538720713359533
1.853932515228985
1.8539350198643112
1.8539690078952555
1.853988352377867
1.8540104945968678
1.854041045996517
1.854050249885001
1.8540851850491302
1.85408839679784
1.8541136906399043
1.854128828492551
1.854134785839799
1.8541477745500297
1.8541617037243867
1.8541867819783184
1.854204099736258
1.8542140196486483
1.854235707801382
1.9054312542379832
1.9059204080124592
2.0848971684937303
2.084906346735301
2.0849127373219773
2.0849214039330564
2.0849220760649683
2.084937416101648
2.0849419228759536
2.084958364865957
2.0849671826708116
2.0849842382203296
2.0849959628289096
2.085013861972919
2.085026195472509
2.0850452043541075
2.0850544394705586
2.085074777332173
2.0850754927555597
2.0850970823246073
2.0855234891043493
2.0855234897552273
2.0855651147424874
2.0855670927795917
2.085608680502488
2.085609413154195
2.0856723209897376
2.0856729655144095
2.085750468647891
2.085752355929195
2.0858399340264753
2.085842927252911
2.0859376312624547
2.085941724929558
2.086040189045212
2.086045617925786
2.08614179931762
2.0861492120236953
2.0862283965185235
2.0862388811625747
2.0865781581134537
2.0865781620121897
2.0867325789512527
2.0867495121326414
2.0868446549185284
2.086859732562306
2.0869833990972553
2.086998489783531
2.0871357489318436
2.0871524821350773
2.0872963978349848
2.087316440031616
2.0874618940524337
2.087487460812268
2.087628078394683
2.0876627470569455
2.087786830761958
2.0878371087054326
2.0879176844489926
2.087994226737674
2.0882682296913684
2.08826828302787
2.088587414560668
2.088679466182722
2.0887645048058303
2.0888300355266463
2.0889673742343606
2.0890173079942036
2.089180976416594
2.089221318293452
2.0893999836727293
2.08943376422107
2.0896206849607255
2.089649453811012
2.089838121695834
2.089862577038805
2.090042135795233
2.090062374616685
2.090206449666417
2.09022239346113
2.0904444594144396
2.0904444603411143
2.0911315132664186
2.0911633111640313
2.091303932708474
2.091331404983543
2.0915136933394662
2.091537576043052
2.0917346751679564
2.0917555236567935
2.091954365509262
2.091972393606016
2.092163327593139
2.0921785437094593
2.092351074715091
2.0923634416292765
2.0925037883212827
2.0925134901916858
2.0926033253220666
2.09261117327383
2.0927019678908922
2.0927019711307744
2.0947819409027635
2.094840572077334
2.0948702976100204
2.0949270950850467
2.09499812339838
2.0950527754109527
2.095146918285657
2.0951996534481525
2.0953007263833348
2.0953519799422575
2.095446440913527
2.0954966593859403
2.0955730574893265
2.09562261802442
2.095671236104604
2.095720422296843
2.0957334867805573
2.095782492453022
2.101276883190021
2.10127690496982
2.1013545431674174
2.1013657309364486
2.1014462822359654
2.1014568185515268
2.101584638290091
2.101595066628632
2.101763992611309
2.1017744523490762
2.10197714937946
2.10198760177217
2.1022149979021334
2.102225280128787
2.1024651959171776
2.1024750236982968
2.102707570020082
2.102716540325614
2.1029028572001867
2.1029106334713275
2.104115085128281
2.1041151195746517
2.104422353470339
2.1044469622941966
2.104682436490193
2.1047035717542166
2.1050079578199146
2.1050269022945396
2.1053669528671315
2.1053841448819735
2.1057443739675863
2.1057597713830685
2.1061308176207425
2.1061439646111895
2.1065167872419224
2.106526651743436
2.1068853561873646
2.1068899247260076
2.107187965011409
2.1071915015055906
2.1080475210723733
2.1080475864586505
2.1086289690074462
2.108687332685512
2.1089775733341014
2.10902595294805
2.109380788648629
2.1094243581299303
2.109804305612451
2.109845789528138
2.1102355767733543
2.1102766797625674
2.1106669192140353
2.11070915554398
2.1110893469405285
2.1111346927990065
2.1114843341523524
2.1115362426704016
2.1117984295972487
2.1118622707074026
2.112396682267637
2.1123967491617943
2.1133524208468355
2.11335349948956
2.1136953374883305
2.113702607948488
2.1140942793340627
2.1141065857190955
2.114509628079175
2.1145251852683487
2.1149257242494137
2.114943732570547
2.115332498146011
2.115352740312285
2.115718279071836
2.115741066393877
2.1160614894523477
2.116087997225511
2.1163067887683527
2.116339816345022
2.1165952248361593
2.116595312463895
2.1179761424732497
2.117981317935496
2.1181976459007954
2.1182052942681895
2.1184650287080227
2.1184744947571073
2.1187354645294176
2.118746101078973
2.1189879574376564
2.1189993466176076
2.119209897709999
2.1192217994694165
2.119392082927914
2.119404418619851
2.119526801420652
2.119539832127287
2.1196270780198785
2.119642062838346
2.119652246190984
2.1196534366926043
2.129925155465679
2.1299715956583203
2.1300027236862866
2.1300495230180183
2.130127130214255
2.1301745684028015
2.1302912442469863
2.13033965862566
2.1304851636074527
2.1305349640132922
2.1306957359162686
2.130747399689139
2.1309053836309655
2.1309593918974277
2.1310904950130096
2.131147126391071
2.1312214482483745
2.1312803582694935
2.1342456380038097
2.1342456450312066
2.1344332638402364
2.134442212576814
2.1346272425862907
2.1346380638005766
2.134908161224666
2.134921802377142
2.1352499340309024
2.1352665491766403
2.1356313970958265
2.1356508934651117
2.1360355088953087
2.1360578434376443
2.1364454799728967
2.1364708143117985
2.1368367084961037
2.1368655189351213
2.1371566451447275
2.1371895020052687
2.1385166659878783
2.1385166749759774
2.1390185519680878
2.139040212138758
2.139376521671636
2.1394011679294547
2.1398111669621978
2.139839432052605
2.1402774415691432
2.1403097873109376
2.1407565570992086
2.1407939009721724
2.1412374261972955
2.141281529875343
2.141708851642002
2.1417630696505747
2.142150860227217
2.142221743266079
2.1425118779824484
2.14261006888888
2.14341163067098
2.1434117002179547
2.1442000477266263
2.144267121745026
2.144597901261382
2.144640165575291
2.145050992717339
2.145079043837091
2.14551861557815
2.1455383218040636
2.1459863658659897
2.1460008907476857
2.1464455874308674
2.1464568594455895
2.1468865418938874
2.146895947439723
2.1472907129002605
2.147299441363041
2.1476100446159267
2.1476188415828323
2.1480846377504452
2.148084648443985
2.1492153611656724
2.149224906648383
2.149513491147829
2.149520932119492
2.1498629287362605
2.149869019708767
2.150219729162635
2.1502248492643323
2.150565233431253
2.150569454905972
2.1508871846630075
2.150890402973135
2.1511728810947193
2.1511749051858575
2.1514049238810795
2.1514056361804275
2.1515576014592788
2.151557785045005
2.1517073446232917
2.151707347621834
2.1535401935569474
2.1535654425450614
2.1536321174677657
2.1536560648071714
2.1537562041583675
2.153778749517127
2.15389009969696
2.1539114602118974
2.1540186730069637
2.154039125074247
2.1541324637540207
2.154152251210759
2.1542255756754556
2.1542448956957796
2.154294301722867
2.154313313338751
2.154336363415505
2.154355199736735
2.1811005610175087
2.1811006373914923
2.181144304160907
2.181161098778539
2.1812057816905726
2.181220750932659
2.181297534698688
2.1813111644528007
2.181417409371201
2.1814295470416494
2.181562413834109
2.181572644011606
2.1817275171700516
2.181735196005739
2.1819033276822895
2.1819075694875285
2.182070702421665
2.1820707115619085
2.182190042730831
2.1821933737037282
2.183309404916065
2.1833095691612376
2.183566788812684
2.1836118799342072
2.183819163650373
2.18385494219202
2.1841332623877903
2.184162916635039
2.184484172448338
2.1845089116158816
2.1848596762455754
2.184879605619861
2.1852510363116195
2.185265267704597
2.1856477119771753
2.1856539237980344
2.186021082431351
2.18602763334614
2.1863004950803373
2.1863241256489143
2.187283228570093
2.187283553636239
2.187870493463938
2.187978009616704
2.1882779208850045
2.188364768226169
2.188740327313149
2.188818442909304
2.1892257407044093
2.1893011723850537
2.1897222739087367
2.189799194450651
2.190221832594348
2.190304587553079
2.1907137422699283
2.1908089013702985
2.191173615333377
2.1912942931665276
2.191519224017835
2.1916904272040245
2.192283419342155
2.1922840428999306
2.193312259311248
2.1933833879961444
2.193770785148085
2.193807614411062
2.19428360834744
2.194301705266481
2.1948125092041284
2.194819251311414
2.195343189155918
2.1953444018220316
2.1958629092102973
2.195870639361556
2.1963660324790593
2.19638021405892
2.196828269779392
2.1968505682350137
2.1971934544734473
2.1972239723010203
2.1975247204526265
2.1975250110770412
2.1991985066777286
2.1992130670938885
2.199556993268819
2.199564358256386
2.1999831342198743
2.199985217966659
2.2004187469447074
2.20042048476311
2.2008377635685403
2.2008425149186475
2.201222921034173
2.2012302826648478
2.201554976535347
2.201564872437963
2.201810615997159
2.2018237982231335
2.2020423596180976
2.2020428833906505
2.2020935696224995
2.2020952983259683
2.2077951930587956
2.207816545677656
2.2079368332354314
2.2079577492831066
2.2081516260128033
2.2081720556377853
2.2084153216593942
2.208435414531864
2.2087028053717797
2.2087228312754768
2.2089895588725836
2.2090098191760017
2.2092512666522404
2.2092720106579846
2.209463436020136
2.209484776386185
2.2096028033648842
2.2096246452024317
2.2151827422000623
2.215182792927607
2.2153511287779835
2.215367408503996
2.2155448072078743
2.2155576115974194
2.215821264518319
2.2158308343756983
2.2161605771899477
2.216166784089063
2.216544221030874
2.216546776049294
2.2169524454578333
2.216954070994872
2.2173625974270323
2.2173692865523122
2.217744719328166
2.2177575877418714
2.218037960675144
2.2180569022770946
2.219651308591321
2.2196514221177317
2.2201354309366907
2.2201693817182195
2.220528003567115
2.2205497317330267
2.220993300574922
2.2210060069804336
2.2214893096012416
2.221493984756741
2.2219944257031674
2.2219984127252617
2.2224951533056028
2.2225101900972675
2.2229827913722624
2.223014178439012
2.2234310059341578
2.223489783854235
2.223767399138458
2.2238678459787997
2.224747985281469
2.224748561740812
2.225458146573624
2.225613735541746
2.2258967285903926
2.2260112453862835
2.226375927612925
2.2264700295943114
2.2268632296807156
2.2269467507803067
2.2273475785879024
2.22742603553791
2.227822052260355
2.2278996264441586
2.2282782064944824
2.2283596397111296
2.228697580197699
2.2287912007651802
2.229019846919828
2.2291424289410116
2.2295179439111843
2.2295185573054552
2.2305040248877437
2.2305162003237164
2.2308432565853358
2.2308476961894823
2.2312130605814864
2.2312267697073187
2.231586816594311
2.231606262631482
2.2319503584211895
2.2319740714326395
2.232295204488018
2.23232287274379
2.2326120402296685
2.2326444659069518
2.2328822316429457
2.232922720090673
2.2332053492681405
2.23320617798026
2.233271627692917
2.2333109501573354
2.2342510103409428
2.234251857732874
2.234395429520795
2.234399744108527
2.234562065959027
2.234570170212923
2.234723396453644
2.2347340317248325
2.234867092324428
2.2348794731724384
2.2349869703615686
2.235000649943119
2.2350792445222867
2.235094085474528
2.235140683471877
2.235157239043292
2.235199297179086
2.2351994250958813
2.2358554299827387
2.2358657246222404
2.264834994292892
2.2648446797501744
2.2648720173815393
2.2648818325514117
2.26493253860098
2.2649425774974934
2.2650145824327335
2.2650249509552363
2.2651149038609146
2.265125724934242
2.265228295644858
2.2652397115401453
2.2653463578338973
2.265358519041505
2.265455659035433
2.265468670150827
2.2655364832796367
2.2655502608775757
2.2671899181791115
2.267189920220954
2.267335004916469
2.26733796964395
2.2674819326172932
2.267485446393759
2.2676960927517764
2.267700484824019
2.2679579696964978
2.2679632935814706
2.268252951632976
2.268259180536709
2.268569623046739
2.2685767343667287
2.268896284866212
2.268904287923211
2.269214435468526
2.2692233786108864
2.2694814468806825
2.26949136228933
2.270532652419353
2.270532659083582
2.270987804722119
2.2710016238417987
2.2713021834668434
2.271316580552857
2.271686150072178
2.271702060586358
2.27210157544745
2.272119733364782
2.272532849534595
2.272554179929526
2.272970562652989
2.272996521195783
2.2734047639541206
2.273437926326399
2.2738170833318843
2.2738623631786083
2.2741588160212727
2.2742242506710455
2.274955302872856
2.2749553468792487
2.2757633248293
2.27581922562105
2.276148941002297
2.276186352261679
2.2765947773996347
2.276621370027719
2.277060654495308
2.2770806314595915
2.2775320810037942
2.2775475842146755
2.2780000738456065
2.278012222374893
2.2784541135641803
2.278463418323732
2.2788737662383656
2.278880193436466
2.2792061130839434
2.2792088886343227
2.2796777015095393
2.2796777037469473
2.280998688319752
2.281010201318131
2.2813265367072937
2.2813360877790436
2.2817192746407247
2.28172722501453
2.2821272683302976
2.282133905419194
2.282527974756048
2.2825334363245116
2.282905420066564
2.2829097407144463
2.283242360141919
2.2832455110370415
2.283515713088146
2.2835176311862146
2.283693580263908
2.2836940326117334
2.2838637867728195
2.2838637886961446
2.286888726585496
2.286906053335259
2.2870223231254667
2.2870389755900855
2.287210973419072
2.2872268638029167
2.287424547149004
2.2874397764674432
2.2876391512222454
2.287653877608977
2.2878369829224234
2.2878513567041776
2.2880046276149106
2.2880187707158406
2.2881318779541333
2.2881458819861176
2.288211303025701
2.2882252345671144
2.2980994196343842
2.2980994262777457
2.298186864505949
2.2981887412195525
2.2982860647948895
2.298287000323472
2.2984354458289666
2.298435479918453
2.2986287822464693
2.2986295828238203
2.2988599706412747
2.2988615429492953
2.2991195050550095
2.29912180753057
2.2993934921387984
2.299396495426409
2.299658591798167
2.299662231374324
2.2998704706932545
2.2998745468988804
2.301294768642184
2.301294783700571
2.301644007883968
2.301648235422813
2.301934776657786
2.301936232926351
2.3022987080109747
2.3022991796945664
2.302698900797418
2.3027008570663217
2.303118881732895
2.303122189986829
2.303547186993649
2.303551952672732
2.3039723166117305
2.303978906451035
2.3043745063152326
2.3043836204811923
2.3047040060228268
2.3047162845579745
2.3056785725415225
2.3056786041506117
2.306312419681773
2.3063288593770603
2.3066829036692
2.306694004331784
2.3071118412201055
2.3071201735991056
2.3075609681388656
2.3075679140761225
2.3080162623548266
2.3080226695229036
2.308469460060763
2.308476048691836
2.3089114402096182
2.308919116678077
2.3093240344802073
2.309334405141615
2.3096551371540044
2.309671248714688
2.3102680211153577
2.3102680360967978
2.3112066579278188
2.3112195723509936
2.3115575505646575
2.311567053627154
2.311962213380374
2.3119697606409026
2.3123805595747178
2.312386934998449
2.3127977282579515
2.3128033107508132
2.3132043989870525
2.31320935816645
2.3135897807792216
2.3135941427303317
2.3139336826204118
2.3139372695137284
2.3141859751204996
2.3141876620607227
2.314485019782297
2.3144850256770026
2.315807053416301
2.3158131358517093
2.3160337812096334
2.3160392781971644
2.316307275592733
2.3163122459827763
2.316585222127484
2.316589737886764
2.3168469579823037
2.3168510677820264
2.3170795393434123
2.3170832888783357
2.3172727424516304
2.317276204416709
2.3174174074617957
2.3174207471798787
2.317503349223113
2.3175076187524044
2.317564730124728
2.317564748225304
2.323937194412445
2.3239682059751767
2.324007499044712
2.3240386646859594
2.324118477741117
2.324149947958743
2.3242617491458137
2.324293732796294
2.3244267775334313
2.3244595438081563
2.3246010507328796
2.324634911656188
2.32476959762484
2.3248048510810855
2.324914226982836
2.3249510202874273
2.3250140261066217
2.325052124990517
2.327463528466001
2.3274635287414895
2.3275840434328403
2.327587438244714
2.3277076833366817
2.3277130641034427
2.3278888540959417
2.327896553642861
2.3281098147897814
2.3281198636774767
2.3283555829063083
2.328367946420774
2.3286140199914804
2.3286287386386717
2.3288736050802816
2.3288908891148514
2.329118537455572
2.329138838365788
2.3293166769099414
2.329340462830459
2.3301726957069393
2.3301726983816944
2.330458832470965
2.330467982758883
2.330661285213216
2.3306749038887618
2.330907547758099
2.330925293084099
2.3311692369964203
2.3311911199877224
2.3314344022947293
2.3314610538229523
2.331696260473988
2.331729128662067
2.3319484692879637
2.3319903951355205
2.332180542570521
2.3322370722878216
2.3323668940322193
2.332447242185064
2.332854965995092
2.3328550073423484
2.3332164674761104
2.3332868354449263
2.333412856770739
2.3334595819764687
2.3336308755666937
2.3336639233586727
2.333850901435053
2.333875909813887
2.3340663696285944
2.334086398558368
2.3342736025680044
2.3342905433153702
2.3344687071080124
2.33448398307216
2.3346444936524304
2.3346595073189316
2.334782601828259
2.334798926761794
2.3349949311298994
2.334994934305426
2.335437732995637
2.335442800405428
2.335553847281098
2.3355569790267623
2.335687643129759
2.3356896293744125
2.3358217923192197
2.3358230734962437
2.335949406282908
2.3359501312439463
2.3360664048057163
2.3360665552933906
2.3361683181532444
2.336168857482105
2.336250100590264
2.3362514656053204
2.33630433522517
2.336306512435692
2.3363594774404457
2.3363594779954684
2.33692660878104
2.3369401073603693
2.336955469300192
2.3369682113731884
2.336993851647733
2.3370057991332627
2.3370346410377154
2.3370459343272065
2.337073274457033
2.3370840782940414
2.3371070689289146
2.3371175225077754
2.3371344616251233
2.3371446735166064
2.3371545358364263
2.3371645906957137
2.337166762641344
2.3371767292032053
2.421327711114073
2.4213277116251612
2.421340365909123
2.4213404435404504
2.421355841270606
2.421355867351488
2.421379150747757
2.4213791941067964
2.4214098123092356
2.4214099478997633
2.421447232464207
2.4214474862261053
2.4214902781860723
2.421490679720862
2.421536606305756
2.4215371883546997
2.4215808933748906
2.421581673829326
2.4216133467131082
2.421614961853098
2.4219071463098603
2.4219071467489948
2.4219862613224685
2.421986907101381
2.4220600300802277
2.4220609409682874
2.4221528626528745
2.422154061212617
2.422258067582737
2.4222595603950285
2.4223725716528235
2.4223743673221287
2.4224941868188976
2.4224962960832626
2.422620031855641
2.422622460848418
2.422743261633295
2.422745955295756
2.4228504442461607
2.422856534101553
2.423131504218205
2.423131511661757
2.4233493337034107
2.4233539891662126
2.423494467963021
2.423499375166955
2.423661212320854
2.423666614306734
2.4238392352979594
2.4238452816401472
2.42402495112064
2.4240318137505374
2.42421605559924
2.424224001466523
2.424409545484175
2.4244190713210347
2.4245979497980747
2.4246101284558246
2.42479249256335
2.4248174705214893
2.4249814830664427
2.424981679190242
2.425415338392928
2.4254182360208394
2.425610432001051
2.425611276430251
2.425828812035385
2.4258317973160493
2.426057590680175
2.4260620414290694
2.4262913097484153
2.4262969342608756
2.4265262479723693
2.4265329284496513
2.4267573488311625
2.4267650488115278
2.426972537936568
2.4269810832667726
2.427256775533043
2.4272624581456617
2.4272745992520393
2.4273054038864936
2.4280444000733445
2.428046576298123
2.4282282023430786
2.428232432957846
2.428444955465037
2.428450525166131
2.4286685436364364
2.4286749506456755
2.4288866753622864
2.4288935542464056
2.4290896495225502
2.4290966340613456
2.429266253869509
2.4292728831788413
2.429400668519154
2.429406495889495
2.429519217719018
2.429519242236521
2.4297579612692997
2.429824776384028
2.432121850283215
2.4321317331975822
2.4322056124120133
2.432215663572938
2.4323300939146737
2.432340339623318
2.432479383460486
2.4324897822098173
2.432638295595678
2.4326487639579932
2.4327930974505376
2.4328035365618796
2.4329311384450385
2.432941460794427
2.4330406399011024
2.4330507990363586
2.4331112948323304
2.4331213103855203
2.4370389127079597
2.437038955761831
2.437130551369194
2.4371435861262336
2.43724136742121
2.437253994166369
2.437400378399373
2.437413233080311
2.4375974682790313
2.4376105793959324
2.437822829124375
2.437835945955926
2.438066082125329
2.4380787107375603
2.4383140323141324
2.4383253007650616
2.438544305608124
2.438552565612052
2.4387131381697587
2.4387154919346945
2.4397537183576232
2.439753823603554
2.440053814226179
2.440088111813074
2.440310833411182
2.440339976844579
2.440615866875832
2.4406417482836478
2.4409431487405286
2.4409660632616124
2.44128182888431
2.4413011550423067
2.4416253521041282
2.44163943828218
2.441966867503987
2.441972203600094
2.4422811251280074
2.442292127047167
2.4425077481861694
2.44254782124339
2.443163541636467
2.443164081485037
2.443646544980631
2.4437811673904553
2.443963808303896
2.4440720266240183
2.444310807576546
2.444407864094319
2.444666337544817
2.444759338899682
2.445023109991299
2.44511639168958
2.4453762586843437
2.445473749732022
2.4457193329140154
2.4458264778765857
2.446037512827361
2.446165313438435
2.446294534838077
2.446481049566217
2.446698494319951
2.446699997519543
2.447467791317487
2.4474780177311413
2.4477453438392054
2.4477611410175726
2.448052112626987
2.448082990588523
2.4483673634181358
2.4484082424930067
2.448679479909356
2.448728246450775
2.448981047622501
2.4490371925405854
2.449263304663422
2.449327702695309
2.4495079925894077
2.4495840460290728
2.449834477516227
2.449834756253262
2.4498571771856703
2.450027158383843
2.4508209452073477
2.4508256443480803
2.4509697231043135
2.450985998681437
2.451144950075635
2.4511691997427567
2.4513177385175284
2.4513468374997553
2.4514746611232185
2.451506557670364
2.4516080609314876
2.451641463080359
2.4517124097117726
2.4517468144252965
2.451782383301088
2.4518189803516575
2.451861918450279
2.4518623165284574
2.4523399973456157
2.4527197845588464
2.4626223947007753
2.4626652255708854
2.4627344664691284
2.4627921274825617
2.4628267887332718
2.462837586100126
2.4629113168466956
2.4629372214428504
2.463010159113626
2.4630586473643286
2.463129364213411
2.463180941844765
2.463262012103978
2.463289944259259
2.463367554071973
2.4633978778560506
2.4635216887542373
2.4636120386917657
2.465300392200103
2.46530043111516
2.4654138186717383
2.4654650346715665
2.4655441339184385
2.4656111803967
2.465730189715989
2.4658176122523012
2.4659558715325955
2.4660646130882777
2.4662076347546713
2.4663378849407493
2.4664739767088806
2.4666263931138
2.466742935457385
2.4669191104187016
2.466996716607373
2.467198997642963
2.4671994557824086
2.4674278432409515
2.468216083228669
2.4682161632892834
2.468486324877601
2.46870297557101
2.468715576545979
2.4689690480848197
2.468988122964829
2.4692733363976296
2.469287543502378
2.4695550540438385
2.4696271167299324
2.4698204903538508
2.4699754108144627
2.4700557611102085
2.470244096947993
2.470325048992682
2.470367125872671
2.4706682111276237
2.470990485030062
2.4712544932707505
2.4718679244210002
2.4721559573244094
2.4725281288992385
2.472813606164825
2.4731429083989136
2.4734091382291057
2.4734866893668173
2.473543536383844
2.473743442642438
2.4738335314398983
2.473987253647767
2.4741763692168233
2.474257707813631
2.474507210827025
2.474541372453337
2.4748105404838077
2.4748256560596253
2.4750457425698227
2.4750926178292283
2.475300254807013
2.4755158996988684
2.4755160540036845
2.4762927854750867
2.476511517090431
2.476530341277804
2.4767237764578676
2.4768089278140004
2.476979352542114
2.4770950204809914
2.477244712626617
2.4773742616282557
2.4775043935054737
2.477636771689005
2.477747735039819
2.4778717142108886
2.4779637330753657
2.478063407439154
2.4781380659735315
2.4781867744134063
2.4782496587585614
2.478330125961042
2.4783302222329224
2.479898404111425
2.4799842031547565
2.480100527015474
2.4801353604117313
2.4802082529349843
2.4802268844544106
2.4803098054274084
2.4803491953802257
2.480422787740245
2.4804583466310093
2.4805341173855284
2.480548352815835
2.4806152127514847
2.4806347125328525
2.4806563194144053
2.480718365393346
2.4807808492951224
2.480819393402989
2.4918845673981918
2.4918860516792085
2.4919149130774647
2.4919708258775524
2.491978068916178
2.4920286280673363
2.492053105501473
2.4921068682413394
2.492159770302143
2.4922091446221653
2.4922878692193793
2.4923316000551297
2.4924328621448417
2.4924688205929764
2.4925869445499114
2.4926118863775506
2.492734665830186
2.4927444730868396
2.492838875095467
2.4928453067674523
2.4936973355337932
2.4936983098061636
2.493862241475505
2.4940094048376693
2.49406596283513
2.49418509026097
2.4943101264923024
2.4944105759081676
2.494577088819921
2.494662455097799
2.4948583898666334
2.49492898378542
2.4951484940628577
2.4952016993339488
2.4954415518736557
2.4954704790818036
2.495715716438976
2.4957258575033885
2.495889809004354
2.4959589777806572
2.4965471254141343
2.4965490337778604
2.496878768686156
2.4971734020424465
2.497187215397977
2.4974232836435473
2.497489057448731
2.4977122022623783
2.49781118746482
2.498023784934069
2.498133730989179
2.498346572847249
2.4984513290232018
2.4986750145774654
2.498755438829827
2.499005171271711
2.4990265133004064
2.499211453751171
2.49933155652281
2.4996332367721656
2.4998655707707655
2.4998701079628796
2.5004535019366605
2.500583389668465
2.5007634467236217
2.500818149097709
2.501089486532448
2.5011033565436827
2.5014065209680405
2.501417536720764
2.501714313302671
2.501742946806429
2.5020187061271923
2.5020621064548574
2.5023111518821635
2.502369774361006
2.5025756746631265
2.5026546786207313
2.502802917421825
2.5029248264790893
2.502993021837801
2.502996100041598
2.5039694600630713
2.5039924231907453
2.504179177624823
2.504184044342438
2.5044148532754447
2.5044229120000923
2.5046517706602733
2.504668816874988
2.5048786709631696
2.504902400608718
2.5050843747010303
2.5051133803159016
2.5052581069987703
2.5052914838169316
2.5053864171697144
2.505424369851251
2.505517060939166
2.5055175286171223
2.505624710150034
2.50570732412021
2.509045978361319
2.509087645424821
2.5091162517984387
2.5091572248976997
2.509223901463451
2.5092641423415207
2.5093576335336762
2.5093974937174393
2.5095051922923135
2.5095452969908765
2.5096540987665903
2.5096951801792837
2.5097915250446783
2.5098342234872333
2.5099041037169076
2.509948716999403
2.5099786936367923
2.510024916965264
2.512510128758542
2.5125102362186262
2.512591000038355
2.5126193804672554
2.512694818292819
2.5127179322413444
2.512839810841746
2.512857938548614
2.513014640478531
2.5130272953177397
2.5132093384186467
2.5132157094087164
2.5134136257009336
2.5134148504685205
2.5136102832926204
2.513621318833765
2.5137891350170154
2.513813368594592
2.5139200328741076
2.5139594048054947
2.5146584990440233
2.5146587477788818
2.5148709565191854
2.51492547023071
2.515060695824175
2.515095066445775
2.515277927679183
2.51529722076592
2.515505189709408
2.515510700084573
2.5157260873733187
2.5157357556117366
2.51593701333984
2.5159662506099836
2.5161359932932963
2.5161943232998794
2.5163088207317297
2.5164168241908964
2.5164222102434266
2.5166191524732113
2.5168608429277457
2.516867280345273
2.517109513918044
2.517313831197437
2.5173762281917864
2.5175109500611725
2.5175165175869547
2.517677954562377
2.5177141141202695
2.5178561888748527
2.5179049379600986
2.518036909096566
2.5180870903812926
2.5182158660610883
2.5182570722746886
2.5183903035546797
2.5184056411480036
2.518550555442427
2.518557154906296
2.518728861021517
2.518766469602637
2.5187738294958106
2.5191069353866076
2.519117317541238
2.51922359062048
2.5192376396084777
2.5193456966343653
2.5193726627280073
2.5194687567225698
2.5195034366970974
2.5195870331042234
2.5196273278553654
2.5196971038915175
2.5197426455579324
2.519795072692776
2.519847169376484
2.5198727467247246
2.519935969107771
2.520003367140083
2.520004559214346
2.5201021746769605
2.520160277996454
2.520321011480655
2.5203213101289785
2.520361927287165
2.52036988832331
2.5204092593228795
2.5204223065275855
2.52045473933559
2.520470936827594
2.520494819262138
2.5205130590662272
2.520527798403954
2.520547502749434
2.5205526658674104
2.5205685060563328
2.520573682028533
2.520591277144145
2.520600113894473
2.5206012488033505
2.5213322020673203
2.5216262514323087
2.5580268950079263
2.558036023853041
2.558046174923403
2.5580509862540164
2.5580554900159944
2.558070781416019
2.558071347561652
2.558091644326151
2.5580963657738147
2.558117381234461
2.5581248014140887
2.5581468086726717
2.558154582897263
2.5581778988696144
2.5581823087723126
2.558202902955499
2.5582071950107976
2.558229268961178
2.5586454670357024
2.558645467705264
2.5586850920226314
2.558687575311848
2.5587269593244737
2.5587279732316532
2.558788056841154
2.5587886457943143
2.558862559527926
2.5588645685066855
2.558947578465011
2.5589508216877848
2.5590400364197023
2.5590444804564494
2.55913662762984
2.559142514644007
2.559231816467533
2.559239860194458
2.559312486621298
2.5593239095710607
2.559638120509712
2.5596381241456143
2.559776185107827
2.559796419157214
2.5598777671544335
2.5598960019613086
2.5600027839902304
2.560021205837637
2.5601390355195
2.56015956062933
2.560281509360494
2.560306104275776
2.560426907004834
2.560458189204379
2.56057129904355
2.5606134887747465
2.560707284366022
2.5607680518832208
2.560817222364942
2.560909404988042
2.5611348539298735
2.56113491368495
2.5613897930997647
2.5614986384140406
2.561543033482273
2.5616202807804496
2.561714577626643
2.5617731584275676
2.561892778921336
2.5619398387914556
2.5620736090526766
2.562112790664507
2.5622542199931044
2.562287417116833
2.562430783507434
2.562458890871669
2.5625955026413303
2.5626187114286365
2.562728295530392
2.5627465232679394
2.5629222846681934
2.5629222849014495
2.56344980020369
2.5634839139121324
2.563582963933475
2.56361244592058
2.5637439422912807
2.5637695335890083
2.563912445563716
2.5639347342011276
2.5640789752275097
2.5640982046259913
2.564236589600297
2.5642527891345575
2.5643777240491956
2.5643908634465844
2.5644924708814183
2.5645027118638484
2.5645680074943726
2.5645760728085145
2.5646442604271056
2.564644262554451
2.5660736710586027
2.5661298753597834
2.5661350207607687
2.5661892666144994
2.566223012535755
2.566274954474651
2.566324420297429
2.566374272403884
2.5664281805333076
2.5664763693474644
2.5665255197463277
2.5665724893237556
2.566609344324771
2.566655481242952
2.56667384864882
2.5667145190173963
2.5667194636392994
2.566759853438519
2.5705220045899213
2.570522017517028
2.570564746832757
2.5705739827384906
2.5706163724791713
2.5706253580274914
2.570695622809756
2.570704665897962
2.570799400263061
2.570808507422321
2.5709234251138438
2.5709324931822186
2.571062268952438
2.571071114737361
2.5712086742410487
2.5712170178865845
2.5713509491761197
2.571358394617447
2.5714662877968744
2.571472475741722
2.5721789342823707
2.5721789504436785
2.5723483916797765
2.5723673856685654
2.5724937579478975
2.5725106037248437
2.5726778127430507
2.572693170704719
2.5728811119247283
2.572895230587015
2.573094421086841
2.5731072811835656
2.573312151457357
2.5733234833763574
2.573529003071287
2.5735381790736565
2.573736084883929
2.5737418412663158
2.5739101163253717
2.573910464544168
2.57439225546187
2.5743922778817505
2.5747014571833384
2.5747391928480368
2.574887754404469
2.574919667463779
2.5751045562837285
2.5751334705243263
2.5753319693915313
2.57535946999438
2.5755627128226624
2.575589799651458
2.575792510891238
2.5758200489364715
2.576016672681365
2.5760457311758618
2.576226128583524
2.5762584321752064
2.5763962420718935
2.5764342821295
2.576723618093734
2.5767236365488064
2.5772140997352606
2.577214842101388
2.577387494423589
2.5773932083796582
2.5775911297063456
2.577599847452162
2.5778032066050494
2.5778138203424463
2.5780152613260343
2.5780272590132407
2.578221984673752
2.5782352014119665
2.5784174129549142
2.578431968742843
2.5785909328129444
2.578607303467433
2.5787186392880086
2.5787374679176684
2.5788829277899934
2.5788829450186532
2.579571978627775
2.579576025985881
2.57968227576729
2.579687664501335
2.5798163336132527
2.579822695529001
2.5799525893531507
2.5799595550998298
2.58008030981046
2.580087642827986
2.580192968606082
2.580200540798908
2.580285706805088
2.5802934919011253
2.58035437407527
2.5803625183928713
2.58039430527891
2.580403310466343
2.5804316605622195
2.580431686810281
2.5847015544072143
2.5847276921317164
2.5847376134583246
2.5847639069755
2.5847951649605214
2.5848217440536385
2.584870576174917
2.584897606210639
2.584958965649939
2.5849866547868103
2.585054088401475
2.585082683008233
2.585147904244001
2.5851776531616895
2.5852299698992485
2.5852610167699983
2.585287553471628
2.5853197266937027
2.586640532553963
2.586640534177792
2.586716077928013
2.5867206028688936
2.5867944761658332
2.5868001721026914
2.5869098403586888
2.5869170916360233
2.5870507963436293
2.5870596275457496
2.5872080751723643
2.58721841012417
2.587374319888937
2.587386118793432
2.58754249392276
2.587555825381313
2.5877026341843803
2.5877177268692617
2.5878337048973727
2.587850841402002
2.588390686621341
2.588390688090949
2.588585190285564
2.588595304677604
2.5887239388413934
2.5887360904635117
2.588893928240528
2.5889081797120497
2.58907609774258
2.5890925686284256
2.5892624954058436
2.5892816064181052
2.589448566919738
2.5894711953556997
2.589629926257811
2.589657763049677
2.5897990931338812
2.5898354413278084
2.589937241357633
2.589987679493759
2.590289981564758
2.5902899968765287
2.590574220943785
2.590612378150866
2.5907222900155222
2.59074684754503
2.5908899897437743
2.590906646872121
2.5910618614003784
2.591073885996559
2.5912325504847713
2.5912417114551296
2.5913989473048615
2.5914063207407296
2.591557682850964
2.5915640461221643
2.591702552325459
2.591708609971015
2.5918178396898144
2.5918242789957104
2.5919911662512503
2.5919911682008796
2.5923796031914312
2.592383419469703
2.59248125489619
2.5924840449757482
2.5926000891318104
2.5926022359181338
2.592720797093283
2.592722506935604
2.592836986069486
2.5928383150313166
2.592944629337873
2.5929455470942537
2.5930397097235227
2.5930401399750846
2.5931167258132213
2.593116848729591
2.5931678174072745
2.593168418112566
2.593218981951683
2.5932189824129717
2.5937928898980345
2.593802548665265
2.593821720426432
2.5938308573613695
2.59386042096527
2.5938689987744534
2.5939019326974218
2.593910040101634
2.593941573407739
2.5939493213247147
2.593976486352105
2.5939839718619297
2.594004940015735
2.59401224124154
2.594025876849581
2.5940330566027905
2.594038663732836
2.5940457744797567
2.605932041502102
2.6059320547871216
2.6059428917518166
2.60594671034928
2.605957581616027
2.6059610293593978
2.605979695610002
2.6059828971300174
2.606008840967135
2.6060117800010527
2.6060444397522664
2.606047041040834
2.606085438656573
2.606087576789448
2.6061298244195097
2.6061313152587258
2.606173551694149
2.6061741684807633
2.606208239459227
2.6062085922474965
2.6065070830965733
2.6065071066884755
2.6065726829589906
2.60658327786835
2.606635650946534
2.6066443698198234
2.6067163185500584
2.6067237788221895
2.6068079382795597
2.6068143888208515
2.6069070203545395
2.6069124908123524
2.6070110784249816
2.6070154001956576
2.6071172820845456
2.6071200129876684
2.607220355342458
2.607220603573751
2.6073031187864077
2.6073065601342855
2.6075843679031845
2.6075844018219816
2.6077423736328917
2.607767409984777
2.607849298301942
2.607870187881771
2.607974219522683
2.6079933061607576
2.6081069546293474
2.6081255609617457
2.6082435646150666
2.6082626460498632
2.608381470645643
2.608402029409866
2.6085175488496755
2.608541041557059
2.6086454775046253
2.6086744973047242
2.6087481782979935
2.6087866054462547
2.608979494732034
2.6089795407140666
2.6092631576033796
2.6092811221694205
2.6093864105402487
2.60939622024035
2.609527453335079
2.6095325254185147
2.609674125813113
2.609676260850966
2.6098220472903253
2.6098221111360944
2.609966732696829
2.6099683590910443
2.610106257427928
2.6101095281815545
2.610233306499862
2.6102385426334522
2.6103291674653035
2.6103370367499403
2.6104587851534213
2.6104587960958736
2.6109239122953816
2.610927467813863
2.6110214222816124
2.6110233190077055
2.6111391829762165
2.611139806785606
2.611260766716639
2.611261082686454
2.6113782855743337
2.6113793447561617
2.611486782721733
2.6114884740324373
2.611580806086849
2.6115830682935917
2.6116541317243085
2.6116569549057562
2.611698786853894
2.6117023073638976
2.611739012273607
2.61173902117921
2.6132570258294594
2.6132620102264856
2.613296669224212
2.613301524558165
2.6133565035499653
2.613361209985962
2.6134295447626403
2.613434135841475
2.613508702968291
2.6135132435537267
2.6135871961924946
2.61359175958282
2.6136584290542872
2.613663076910625
2.6137158809858883
2.613720644293435
2.613753463853721
2.6137583277241125
2.6153478377471737
2.615347842962933
2.6153895329222747
2.6153927184990633
2.615435854095313
2.6154385179590585
2.6155046733466008
2.615506850058125
2.6155912995819848
2.6155929480957036
2.6156908187575896
2.615691869088334
2.6157983437505785
2.6157986866552854
2.615907954424644
2.61590849764755
2.616011756780122
2.6160134605192797
2.616094839554476
2.6160979409238925
2.6165314862525615
2.6165314953761905
2.616653874518978
2.6166605889114463
2.6167509178780484
2.616755594024195
2.616870047557219
2.616873147667069
2.6169987318418366
2.617000440569447
2.6171314663073946
2.6171317103983793
2.6172635159247895
2.6172650846012613
2.6173925205851227
2.617396670460375
2.617513032254544
2.617521295632577
2.617610807275544
2.6176255362433984
2.6178793516595573
2.6178793809849292
2.6180646111285886
2.6180928285216085
2.618172429887571
2.618193991746645
2.6182946871137904
2.618312705703458
2.6184206416253604
2.6184368178379556
2.6185464817038664
2.6185618198990466
2.618669950919141
2.618685225588095
2.618788530197203
2.618804589782879
2.6188972932469268
2.6189154150157665
2.6189828624755545
2.619004796580183
2.6191395071092494
2.619139526591861
2.6193963302346503
2.6193992162262116
2.6194821609676033
2.619482502587791
2.619578263980574
2.619580575795432
2.619676530709538
2.6196801147542166
2.619772712039693
2.6197772559486867
2.619864262817007
2.619869678880488
2.619948531079004
2.6199549184949333
2.620021019515676
2.62002873074464
2.6200713170347774
2.6200809358380805
2.6201315564517524
2.6201315781279333
2.6204151629275176
2.6204154581722126
2.6204528512563594
2.6204535426748117
2.620497631526115
2.6204991100410897
2.6205420008093347
2.6205440305706977
2.6205823398933283
2.620584756692374
2.6206168202469886
2.620619518042493
2.620644392944073
2.6206473109593973
2.620664352822659
2.620667497352798
2.6206775293593347
2.620681881954933
2.6206836857087823
2.6206838653699287
2.625991745777315
2.625992752600367
2.626000776925749
2.626001812588144
2.6260155078624154
2.626016591844798
2.6260354139898587
2.626036566144711
2.6260596558751637
2.626060896435851
2.6260869247450396
2.626088273756655
2.6261151663219398
2.626116641149133
2.6261411703622395
2.6261427779699433
2.626160306461801
2.626162026217958
2.6265486325996372
2.6265486328582828
2.626580198531258
2.6265815103024908
2.6266124540609326
2.626613898654011
2.6266599043562744
2.626661545407326
2.626717857099112
2.6267197199232264
2.6267828357528415
2.626784930902247
2.626852193011488
2.626854522572342
2.626923332406455
2.6269258845779646
2.6269923269540216
2.626995056986686
2.62705024029661
2.627053040642851
2.627275869128421
2.627275869917591
2.6273673270951403
2.6273740259841913
2.6274313719119657
2.627438435863372
2.62750990605182
2.6275177589130343
2.6275944707329644
2.62760353022288
2.6276815984231723
2.6276924024806743
2.627769215968345
2.6277825904250482
2.6278551638990395
2.6278725347580707
2.627935611388103
2.6279596540318053
2.628001106714909
2.628036350520164
2.6281722154684606
2.6281722243633254
2.6283155092208337
2.6283510317128664
2.6283928562318293
2.6284172661534213
2.6284801502725834
2.628497970941513
2.6285701163844934
2.6285839087701577
2.6286602727187667
2.6286713584507058
2.6287490878904634
2.628758174627655
2.6288347499507143
2.62884220420817
2.6289137614127203
2.62891971554001
2.6289772076645725
2.628981665585095
2.629069065037569
2.6290690652743387
2.6293046071045376
2.62931255487649
2.629363675040883
2.6293704566978637
2.629434332138255
2.629440130966848
2.6295074942767127
2.6295124626297777
2.6295790928022273
2.629583299962971
2.6296463350368438
2.629649793725934
2.629706282366409
2.6297089793680333
2.629755070526426
2.6297570182033763
2.6297876054985942
2.6297889294855974
2.629819871853624
2.6298198720847568
2.6303168447074587
2.630328444787328
2.630339328568633
2.6303504317896724
2.630370819161735
2.630381353100415
2.630406149929059
2.630416176518551
2.6304413405554214
2.630450964145812
2.630473519293285
2.6304828427738887
2.630500594878342
2.6305097065293697
2.6305210278872186
2.6305300005579424
2.630533728900332
2.630542623267259
2.6322414357047985
2.6322414364636226
2.6322525291462093
2.6322537385271474
2.6322653182268962
2.63226657840578
2.6322855369527036
2.63228684992858
2.63231250271761
2.6323138532455688
2.6323451978963224
2.6323465689954038
2.632382245872653
2.6323836156546943
2.6324216918124326
2.6324230280900314
2.6324602817298475
2.6324615374574964
2.632491662149178
2.63249279058843
2.6326976874768295
2.632697688023407
2.632744090204062
2.6327465290634384
2.6327832092907615
2.632785582143424
2.6328338277495935
2.6328361360289234
2.632890141804101
2.63289239250723
2.6329493172570015
2.632951511725812
2.6330096447812665
2.6330117733448004
2.633069557944223
2.6330715935493547
2.6331265627608915
2.6331284461859408
2.6331743683305415
2.6331759945647457
2.633311598712082
2.6333115988703297
2.6333956627699444
2.633398737378749
2.6334442795098063
2.633447181700347
2.6335016594599314
2.633504460436232
2.633561940084671
2.633564685857917
2.6336229583863817
2.6336256781784
2.633683523608788
2.6336862405271586
2.633742458723188
2.633745197309189
2.633797640317784
2.633800432902283
2.633843312712714
2.633846189258806
2.633927239375206
2.633927239893191
2.634047362914321
2.634049248196941
2.6340912044433478
2.6340932365345977
2.634142430081712
2.634144541857667
2.6341954949037327
2.6341976474428797
2.63424830469251
2.634250478147711
2.6342996049643013
2.6343017896988283
2.6343480419301604
2.6343502349781023
2.6343912644972614
2.634393466209418
2.634424103290566
2.6344262931546503
2.634465860500602
2.6344658611581053
2.6346275403807105
2.634629150974738
2.6346548156106944
2.634656425925809
2.6346879591426378
2.6346895388467595
2.634721754981057
2.6347232795725284
2.6347536269104217
2.6347550803743194
2.6347819749118244
2.6347833495141173
2.6348055487378437
2.6348068462147354
2.6348232511801184
2.6348244834831522
2.634834111291337
2.6348352846600234
2.6348445368466886
2.6348445375010394
2.6355366250276613
2.6355444551277696
2.6355444909127104
2.6355523427761556
2.6355568551409756
2.635564756762776
2.635572726064837
2.6355807215432243
2.6355908845012266
2.635599034235653
2.635609920030832
2.6356182961325763
2.6356281908555776
2.6356368635564884
2.6356437535029213
2.6356527597716934
2.6356544245271
2.635663715965533
2.635919847556439
2.6359198476013432
2.6359314415851216
2.635932423227699
2.6359435985448814
2.63594494509278
2.635961726542774
2.6359635349084383
2.6359839269639287
2.6359862139936934
2.636008609050278
2.6360113668015996
2.63603450155477
2.6360377334219858
2.636060423602517
2.6360641678299603
2.636084798908845
2.6360891478153765
2.6361044698459692
2.6361095333892623
2.6361906347964466
2.6361906348383335
2.6362173851524147
2.6362195302420446
2.636236521382892
2.6362394670353537
2.6362600148815343
2.6362637122906407
2.636284948990555
2.6362893977988313
2.63631008880418
2.63631539878098
2.6363347356760407
2.6363411634785074
2.6363582375058727
2.6363662886643326
2.636379541324969
2.636390208335767
2.63639624932766
2.6364112730723925
2.6364461453040366
2.636446147150013
2.6364765319918044
2.636489187312316
2.6364955904978067
2.6365039455693813
2.6365161059090885
2.636521952543564
2.6365364976358316
2.6365408720942933
2.636556273980116
2.6365597453327645
2.6365751527382226
2.6365780754044645
2.6365928124992863
2.6365954548742105
2.636608635323946
2.636611261897222
2.636621044451374
2.636623952527746
2.6366409592797284
2.6366409593894238
2.636679544086271
2.636680914914855
2.6366898688673985
2.6366907970952447
2.6367016990101444
2.6367023510544545
2.6367135154961074
2.6367139874322234
2.636724727562674
2.6367250536714
2.6367349918903695
2.6367351709099354
2.636743979589622
2.6367439903016745
2.636751063422652
2.6367512439478884
2.6367557710798804
2.636756128922958
2.6367607040194905
2.636760704038282
2.636808433268698
2.6368109648197464
2.636811418286284
2.636813776876174
2.6368143124899652
2.6368169418503236
2.63681785248019
2.6368203301460706
2.6368211927304896
2.6368235557274984
2.636824106579244
2.636826386613153
2.6368264638148657
2.6368281889340204
2.6368286859990095
2.6368292387758396
2.6368303731936917
2.636831401571664
