Integral_Type,Value
mp_integral,-38.14500000000111
ipr_integral,7.63543915525091
mbs_integral,55.41483343813279
