Integral_Type,Value
mp_integral,-44.72499999999528
ipr_integral,8.965417159229823
mbs_integral,73.37238883667207
