Integral_Type,Value
mp_integral,-28.897500000004424
ipr_integral,6.08422308263433
mbs_integral,34.083524160140485
