Integral_Type,Value
mp_integral,-35.77875000000319
ipr_integral,7.204098645072354
mbs_integral,49.694239114968966
