Integral_Type,Value
mp_integral,-42.741249999997045
ipr_integral,8.533641784221205
mbs_integral,67.37061702804678
