Integral_Type,Value
mp_integral,-33.38625000000526
ipr_integral,6.79110616797396
mbs_integral,44.210691605395716
