Integral_Type,Value
mp_integral,-31.11625000000549
ipr_integral,6.422134941027533
mbs_integral,39.00738036289109
