Integral_Type,Value
mp_integral,-40.47374999999906
ipr_integral,8.080728120556161
mbs_integral,61.32159513765635
